<?xml version="1.0"?>
<Results xmlns:xsi="http://www.w3.org/2001/XMLSchema-instance">
  <MinimalIvc property="[__GUARANTEE5]">
    <Runtime unit="sec">6.047</Runtime>
    <IVC>Microwave_SEng5861__Display_Control__Impl__update_digit.clear_pressed</IVC>
    <IVC>Microwave_SEng5861__Display_Control__Impl__update_digit.digit</IVC>
    <IVC>Microwave_SEng5861__Display_Control__Impl__update_digit.digit_pressed</IVC>
    <IVC>__GUARANTEE5</IVC>
    <IVC>defs__is_setup._outvar</IVC>
    <IVC>defs__is_setup.m</IVC>
  </MinimalIvc>
</Results>
