<?xml version="1.0"?>
<Results xmlns:xsi="http://www.w3.org/2001/XMLSchema-instance">
  <Run id="1">
    <Runtime unit="sec">0.265</Runtime>
    <Status>INVALID</Status>
  </Run>
  <Run id="2">
    <Runtime unit="sec">10.781</Runtime>
    <Status>VALID</Status>
  </Run>
  <Run id="3">
    <Runtime unit="sec">131.056</Runtime>
    <Status>UNKNOWN</Status>
  </Run>
  <Run id="4">
    <Runtime unit="sec">11.437</Runtime>
    <Status>INVALID</Status>
  </Run>
  <Run id="5">
    <Runtime unit="sec">7.844</Runtime>
    <Status>VALID</Status>
  </Run>
  <Run id="6">
    <Runtime unit="sec">15.468</Runtime>
    <Status>INVALID</Status>
  </Run>
  <Run id="7">
    <Runtime unit="sec">131.132</Runtime>
    <Status>UNKNOWN</Status>
  </Run>
  <Run id="8">
    <Runtime unit="sec">0.265</Runtime>
    <Status>INVALID</Status>
  </Run>
  <Run id="9">
    <Runtime unit="sec">0.188</Runtime>
    <Status>INVALID</Status>
  </Run>
  <Run id="10">
    <Runtime unit="sec">0.281</Runtime>
    <Status>INVALID</Status>
  </Run>
  <Run id="11">
    <Runtime unit="sec">0.109</Runtime>
    <Status>INVALID</Status>
  </Run>
  <Run id="12">
    <Runtime unit="sec">0.109</Runtime>
    <Status>INVALID</Status>
  </Run>
  <Run id="13">
    <Runtime unit="sec">0.187</Runtime>
    <Status>INVALID</Status>
  </Run>
  <Run id="14">
    <Runtime unit="sec">0.188</Runtime>
    <Status>INVALID</Status>
  </Run>
  <Run id="15">
    <Runtime unit="sec">0.141</Runtime>
    <Status>INVALID</Status>
  </Run>
  <Run id="16">
    <Runtime unit="sec">131.104</Runtime>
    <Status>UNKNOWN</Status>
  </Run>
  <Run id="17">
    <Runtime unit="sec">0.375</Runtime>
    <Status>INVALID</Status>
  </Run>
  <Run id="18">
    <Runtime unit="sec">0.547</Runtime>
    <Status>INVALID</Status>
  </Run>
  <Run id="19">
    <Runtime unit="sec">133.421</Runtime>
    <Status>UNKNOWN</Status>
  </Run>
  <Run id="20">
    <Runtime unit="sec">3.031</Runtime>
    <Status>INVALID</Status>
  </Run>
  <Run id="21">
    <Runtime unit="sec">3.281</Runtime>
    <Status>INVALID</Status>
  </Run>
  <Run id="22">
    <Runtime unit="sec">3.094</Runtime>
    <Status>INVALID</Status>
  </Run>
</Results>
