<?xml version="1.0"?>
<Results xmlns:xsi="http://www.w3.org/2001/XMLSchema-instance">
  <Run id="1">
    <Runtime unit="sec">0.219</Runtime>
    <Status>INVALID</Status>
  </Run>
  <Run id="2">
    <Runtime unit="sec">22.669</Runtime>
    <Status>VALID</Status>
  </Run>
  <Run id="3">
    <Runtime unit="sec">63.003</Runtime>
    <Status>UNKNOWN</Status>
  </Run>
  <Run id="4">
    <Runtime unit="sec">0.266</Runtime>
    <Status>INVALID</Status>
  </Run>
  <Run id="5">
    <Runtime unit="sec">48.016</Runtime>
    <Status>VALID</Status>
  </Run>
  <Run id="6">
    <Runtime unit="sec">0.328</Runtime>
    <Status>INVALID</Status>
  </Run>
  <Run id="7">
    <Runtime unit="sec">63.064</Runtime>
    <Status>UNKNOWN</Status>
  </Run>
  <Run id="8">
    <Runtime unit="sec">0.14</Runtime>
    <Status>INVALID</Status>
  </Run>
  <Run id="9">
    <Runtime unit="sec">0.172</Runtime>
    <Status>INVALID</Status>
  </Run>
  <Run id="10">
    <Runtime unit="sec">0.172</Runtime>
    <Status>INVALID</Status>
  </Run>
  <Run id="11">
    <Runtime unit="sec">0.14</Runtime>
    <Status>INVALID</Status>
  </Run>
  <Run id="12">
    <Runtime unit="sec">0.297</Runtime>
    <Status>INVALID</Status>
  </Run>
  <Run id="13">
    <Runtime unit="sec">0.172</Runtime>
    <Status>INVALID</Status>
  </Run>
  <Run id="14">
    <Runtime unit="sec">0.172</Runtime>
    <Status>INVALID</Status>
  </Run>
  <Run id="15">
    <Runtime unit="sec">0.157</Runtime>
    <Status>INVALID</Status>
  </Run>
  <Run id="16">
    <Runtime unit="sec">63.22</Runtime>
    <Status>UNKNOWN</Status>
  </Run>
  <Run id="17">
    <Runtime unit="sec">0.375</Runtime>
    <Status>INVALID</Status>
  </Run>
  <Run id="18">
    <Runtime unit="sec">0.171</Runtime>
    <Status>INVALID</Status>
  </Run>
  <Run id="19">
    <Runtime unit="sec">63.078</Runtime>
    <Status>UNKNOWN</Status>
  </Run>
  <Run id="20">
    <Runtime unit="sec">0.344</Runtime>
    <Status>INVALID</Status>
  </Run>
  <Run id="21">
    <Runtime unit="sec">0.485</Runtime>
    <Status>INVALID</Status>
  </Run>
  <Run id="22">
    <Runtime unit="sec">0.453</Runtime>
    <Status>INVALID</Status>
  </Run>
</Results>
