<?xml version="1.0"?>
<Results xmlns:xsi="http://www.w3.org/2001/XMLSchema-instance">
  <Run id="1">
    <Runtime unit="sec">0.219</Runtime>
    <Status>INVALID</Status>
  </Run>
  <Run id="2">
    <Runtime unit="sec">21.562</Runtime>
    <Status>VALID</Status>
  </Run>
  <Run id="3">
    <Runtime unit="sec">36.109</Runtime>
    <Status>UNKNOWN</Status>
  </Run>
  <Run id="4">
    <Runtime unit="sec">0.266</Runtime>
    <Status>INVALID</Status>
  </Run>
  <Run id="5">
    <Runtime unit="sec">32.329</Runtime>
    <Status>VALID</Status>
  </Run>
  <Run id="6">
    <Runtime unit="sec">0.125</Runtime>
    <Status>INVALID</Status>
  </Run>
  <Run id="7">
    <Runtime unit="sec">36.048</Runtime>
    <Status>UNKNOWN</Status>
  </Run>
  <Run id="8">
    <Runtime unit="sec">0.187</Runtime>
    <Status>INVALID</Status>
  </Run>
  <Run id="9">
    <Runtime unit="sec">0.172</Runtime>
    <Status>INVALID</Status>
  </Run>
  <Run id="10">
    <Runtime unit="sec">0.234</Runtime>
    <Status>INVALID</Status>
  </Run>
  <Run id="11">
    <Runtime unit="sec">0.187</Runtime>
    <Status>INVALID</Status>
  </Run>
  <Run id="12">
    <Runtime unit="sec">0.36</Runtime>
    <Status>INVALID</Status>
  </Run>
  <Run id="13">
    <Runtime unit="sec">0.14</Runtime>
    <Status>INVALID</Status>
  </Run>
  <Run id="14">
    <Runtime unit="sec">0.375</Runtime>
    <Status>INVALID</Status>
  </Run>
  <Run id="15">
    <Runtime unit="sec">0.344</Runtime>
    <Status>INVALID</Status>
  </Run>
  <Run id="16">
    <Runtime unit="sec">36.016</Runtime>
    <Status>UNKNOWN</Status>
  </Run>
  <Run id="17">
    <Runtime unit="sec">0.187</Runtime>
    <Status>INVALID</Status>
  </Run>
  <Run id="18">
    <Runtime unit="sec">0.315</Runtime>
    <Status>INVALID</Status>
  </Run>
  <Run id="19">
    <Runtime unit="sec">36.033</Runtime>
    <Status>UNKNOWN</Status>
  </Run>
  <Run id="20">
    <Runtime unit="sec">0.469</Runtime>
    <Status>INVALID</Status>
  </Run>
  <Run id="21">
    <Runtime unit="sec">0.203</Runtime>
    <Status>INVALID</Status>
  </Run>
  <Run id="22">
    <Runtime unit="sec">0.469</Runtime>
    <Status>INVALID</Status>
  </Run>
</Results>
