<?xml version="1.0"?>
<Results xmlns:xsi="http://www.w3.org/2001/XMLSchema-instance">
  <MinimalIvc property="[OK]">
    <Runtime unit="sec">568.097</Runtime>
    <IVC>OK</IVC>
    <IVC>V69_exclusive</IVC>
    <IVC>V70_shared</IVC>
    <IVC>V71_shared_dirty</IVC>
    <IVC>V72_dirty</IVC>
    <IVC>V73_invalid</IVC>
    <IVC>V75_env</IVC>
    <IVC>V140_g01</IVC>
    <IVC>V141_g02</IVC>
    <IVC>V142_g03</IVC>
    <IVC>V143_g04</IVC>
    <IVC>V144_g05</IVC>
    <IVC>V145_g06</IVC>
    <IVC>V146_g07</IVC>
    <IVC>V147_g08</IVC>
    <IVC>V148_g09</IVC>
    <IVC>V149_g10</IVC>
    <IVC>V150_g11</IVC>
    <IVC>V151_g12</IVC>
    <IVC>V152_mem_init</IVC>
    <IVC>V173_X</IVC>
    <IVC>V185_First</IVC>
  </MinimalIvc>
</Results>
