<?xml version="1.0"?>
<Results xmlns:xsi="http://www.w3.org/2001/XMLSchema-instance">
  <MinimalIvc property="[OK]">
    <Runtime unit="sec">2.015</Runtime>
    <IVC>OK</IVC>
    <IVC>V51_invalid</IVC>
    <IVC>V52_dirty</IVC>
    <IVC>V53_exclusive</IVC>
    <IVC>V54_shared</IVC>
    <IVC>V55_R5</IVC>
    <IVC>V56_RT</IVC>
    <IVC>V57_procs</IVC>
    <IVC>V58_env</IVC>
    <IVC>V114_garde2</IVC>
    <IVC>V115_garde3</IVC>
    <IVC>V116_garde4</IVC>
    <IVC>V117_garde5</IVC>
    <IVC>V119_garde7</IVC>
    <IVC>V120_garde8</IVC>
    <IVC>V121_mem_invalid</IVC>
    <IVC>V140_X</IVC>
  </MinimalIvc>
</Results>
