<?xml version="1.0"?>
<Results xmlns:xsi="http://www.w3.org/2001/XMLSchema-instance">
  <MinimalIvc property="[OK]">
    <Runtime unit="sec">1.595</Runtime>
    <IVC>OK</IVC>
    <IVC>V51_invalid</IVC>
    <IVC>V52_dirty</IVC>
    <IVC>V53_exclusive</IVC>
    <IVC>V54_shared</IVC>
    <IVC>V55_env</IVC>
    <IVC>V56_procs</IVC>
    <IVC>V115_garde4</IVC>
    <IVC>V116_garde5</IVC>
    <IVC>V117_garde6</IVC>
    <IVC>V120_mem_invalid</IVC>
    <IVC>V139_X</IVC>
  </MinimalIvc>
</Results>
