<?xml version="1.0"?>
<Results xmlns:xsi="http://www.w3.org/2001/XMLSchema-instance">
  <MinimalIvc property="[__GUARANTEE11]">
    <Runtime unit="sec">18.614</Runtime>
    <IVC>_TOP__ALARM.ALARM_OUT.Highest_Level_Alarm</IVC>
    <IVC>_TOP__ALARM.SENSOR_IN.Air_Pressure</IVC>
    <IVC>_TOP__ALARM.SENSOR_IN.CPU_Error</IVC>
    <IVC>_TOP__ALARM.SENSOR_IN.Humidity</IVC>
    <IVC>_TOP__ALARM.SENSOR_IN.Temp</IVC>
    <IVC>_TOP__ALARM.TLM_MODE_IN.System_On</IVC>
    <IVC>_TOP__ALARM.__ALARM__ASSERT__1</IVC>
    <IVC>_TOP__ALARM.__ALARM__ASSERT__15</IVC>
    <IVC>_TOP__ALARM.__ALARM__PROP__1</IVC>
    <IVC>_TOP__ALARM.__ASSERT</IVC>
    <IVC>_TOP__ALARM.__ASSUME__CONJ</IVC>
    <IVC>_TOP__ALARM.__ASSUME__HIST</IVC>
    <IVC>_TOP__ASSERT__21</IVC>
    <IVC>_TOP__IM.ALARM_IN.Highest_Level_Alarm</IVC>
    <IVC>_TOP__IM.IM_OUT.Commanded_Flow_Rate</IVC>
    <IVC>_TOP__IM.TLM_MODE_IN.System_On</IVC>
    <IVC>_TOP__IM.__ASSERT</IVC>
    <IVC>_TOP__IM.__ASSUME__CONJ</IVC>
    <IVC>_TOP__IM.__ASSUME__HIST</IVC>
    <IVC>_TOP__IM.__IM__ASSERT__7</IVC>
    <IVC>_TOP__IM.__IM__PROP__5</IVC>
    <IVC>_TOP__OUTPUT.GPCA_SW_OUT.Commanded_Flow_Rate</IVC>
    <IVC>_TOP__OUTPUT.IM_IN.Commanded_Flow_Rate</IVC>
    <IVC>_TOP__OUTPUT.__ASSERT</IVC>
    <IVC>_TOP__OUTPUT.__ASSUME__CONJ</IVC>
    <IVC>_TOP__OUTPUT.__ASSUME__HIST</IVC>
    <IVC>_TOP__OUTPUT.__OUTPUT__PROP__29</IVC>
    <IVC>__GUARANTEE11</IVC>
  </MinimalIvc>
</Results>
