<?xml version="1.0"?>
<Results xmlns:xsi="http://www.w3.org/2001/XMLSchema-instance">
  <Property name="__GUARANTEE0">
    <Runtime unit="sec">6.621</Runtime>
    <SupportRuntime unit="sec">0.499</SupportRuntime>
    <Answer source="pdr">valid</Answer>
    <K>1</K>
    <Invariant>((((middle_eq + (-8)) = 0) or ((middle_eq + (-9)) = 0)) or (middle_eq &lt;= 7))</Invariant>
    <Invariant>(0 &lt;= middle_eq)</Invariant>
    <Invariant>__GUARANTEE0</Invariant>
    <Invariant>((((((((((6 = right_eq) or (7 = right_eq)) or (4 = right_eq)) or (9 = right_eq)) or (5 = right_eq)) or (8 = right_eq)) or (1 = right_eq)) or (Microwave_SEng5861__Display_Control__Impl__update_digit~0.digit = 0)) or (2 = right_eq)) or (3 = right_eq))</Invariant>
    <Support>Microwave_SEng5861__Display_Control__Impl__update_digit~0.prev_right</Support>
    <Support>Microwave_SEng5861__Display_Control__Impl__update_digit~2.carry_value</Support>
    <Support>Microwave_SEng5861__Display_Control__Impl__update_digit~2.digit</Support>
    <Support>__GUARANTEE0</Support>
    <Support>Microwave_SEng5861__Display_Control__Impl__update_digit~1.carry_value</Support>
    <Support>Microwave_SEng5861__Display_Control__Impl__update_digit~0.carry_value</Support>
    <Support>Microwave_SEng5861__Display_Control__Impl__update_digit~1.digit</Support>
    <Support>Microwave_SEng5861__Display_Control__Impl__update_digit~2.prev_right</Support>
    <Support>Microwave_SEng5861__Display_Control__Impl__update_digit~1.prev_right</Support>
    <Support>Microwave_SEng5861__Display_Control__Impl__update_digit~0.digit</Support>
  </Property>
</Results>
