<?xml version="1.0"?>
<Results xmlns:xsi="http://www.w3.org/2001/XMLSchema-instance">
  <Property name="__GUARANTEE0">
    <Runtime unit="sec">6.649</Runtime>
    <SupportRuntime unit="sec">0.66</SupportRuntime>
    <Answer source="pdr">valid</Answer>
    <K>1</K>
    <Invariant>__GUARANTEE0</Invariant>
    <Invariant>((((((((((6 = right_eq) or ((right_eq + (-3)) = 0)) or (8 = right_eq)) or ((right_eq + (-1)) = 0)) or (0 = Microwave_SEng5861__Display_Control__Impl__update_digit~0.digit)) or (7 = right_eq)) or (2 = right_eq)) or (9 = right_eq)) or (4 = right_eq)) or ((right_eq + (-5)) = 0))</Invariant>
    <Invariant>((middle_eq + (-9)) &lt;= 0)</Invariant>
    <Invariant>(0 &lt;= middle_eq)</Invariant>
    <Support>Microwave_SEng5861__Display_Control__Impl__update_digit~0.prev_right</Support>
    <Support>Microwave_SEng5861__Display_Control__Impl__update_digit~2.carry_value</Support>
    <Support>Microwave_SEng5861__Display_Control__Impl__update_digit~2.digit</Support>
    <Support>Microwave_SEng5861__Display_Control__Impl__update_digit~1.carry_value</Support>
    <Support>__GUARANTEE0</Support>
    <Support>Microwave_SEng5861__Display_Control__Impl__update_digit~0.carry_value</Support>
    <Support>Microwave_SEng5861__Display_Control__Impl__update_digit~1.digit</Support>
    <Support>Microwave_SEng5861__Display_Control__Impl__update_digit~2.prev_right</Support>
    <Support>Microwave_SEng5861__Display_Control__Impl__update_digit~1.prev_right</Support>
    <Support>Microwave_SEng5861__Display_Control__Impl__update_digit~0.digit</Support>
  </Property>
</Results>
