<?xml version="1.0"?>
<Results xmlns:xsi="http://www.w3.org/2001/XMLSchema-instance">
  <Progress source="bmc" trueFor="1">
    <PropertyProgress name="OK"/>
  </Progress>
  <Progress source="bmc" trueFor="2">
    <PropertyProgress name="OK"/>
  </Progress>
  <Progress source="bmc" trueFor="3">
    <PropertyProgress name="OK"/>
  </Progress>
  <Progress source="bmc" trueFor="4">
    <PropertyProgress name="OK"/>
  </Progress>
  <Progress source="bmc" trueFor="5">
    <PropertyProgress name="OK"/>
  </Progress>
  <Progress source="bmc" trueFor="6">
    <PropertyProgress name="OK"/>
  </Progress>
  <Progress source="bmc" trueFor="7">
    <PropertyProgress name="OK"/>
  </Progress>
  <Progress source="bmc" trueFor="8">
    <PropertyProgress name="OK"/>
  </Progress>
  <Progress source="bmc" trueFor="9">
    <PropertyProgress name="OK"/>
  </Progress>
  <Progress source="bmc" trueFor="10">
    <PropertyProgress name="OK"/>
  </Progress>
  <Progress source="bmc" trueFor="11">
    <PropertyProgress name="OK"/>
  </Progress>
  <Progress source="bmc" trueFor="12">
    <PropertyProgress name="OK"/>
  </Progress>
  <Progress source="bmc" trueFor="13">
    <PropertyProgress name="OK"/>
  </Progress>
  <Progress source="bmc" trueFor="14">
    <PropertyProgress name="OK"/>
  </Progress>
  <Progress source="bmc" trueFor="15">
    <PropertyProgress name="OK"/>
  </Progress>
  <Progress source="bmc" trueFor="16">
    <PropertyProgress name="OK"/>
  </Progress>
  <Progress source="bmc" trueFor="17">
    <PropertyProgress name="OK"/>
  </Progress>
  <Progress source="bmc" trueFor="18">
    <PropertyProgress name="OK"/>
  </Progress>
  <Progress source="bmc" trueFor="19">
    <PropertyProgress name="OK"/>
  </Progress>
  <Property name="OK">
    <Runtime unit="sec">4.645</Runtime>
    <SupportRuntime unit="sec">0.197</SupportRuntime>
    <Answer source="pdr">valid</Answer>
    <K>1</K>
    <Invariant>OK</Invariant>
    <Invariant>((V24_toofast or (not V30_move)) or (V27_dist &lt;= 8))</Invariant>
    <Invariant>(((V24_toofast or (0 &lt;= (V29_time + (-3)))) or (not V30_move)) or (V27_dist &lt;= 3))</Invariant>
    <Invariant>((not (V28_speed &lt;= 1)) or (V28_speed &lt;= 0))</Invariant>
    <Invariant>((((0 &lt;= (V29_time + (-3))) or (not V30_move)) or (V27_dist &lt;= 2)) or (not (V28_speed &lt;= 0)))</Invariant>
    <Invariant>((((0 &lt;= (V29_time + (-2))) or (V27_dist &lt;= 1)) or (not V30_move)) or (not (V28_speed &lt;= 0)))</Invariant>
    <Invariant>(0 &lt;= V28_speed)</Invariant>
    <Invariant>((V29_time = 0) or (0 &lt;= (V29_time + (-1))))</Invariant>
    <Invariant>((((not (V29_time = 0)) or V24_toofast) or (V27_dist &lt;= 1)) or (V28_speed &lt;= 1))</Invariant>
    <Invariant>(((V24_toofast or (0 &lt;= (V29_time + (-2)))) or (not V30_move)) or (V27_dist &lt;= 2))</Invariant>
    <Invariant>(((V25_stop or (not V30_move)) or (V27_dist &lt;= 3)) or (not (V28_speed &lt;= 0)))</Invariant>
    <Invariant>((((not (V29_time = 0)) or (not V30_move)) or (V27_dist &lt;= 0)) or (not (V28_speed &lt;= 0)))</Invariant>
    <Support>V24_toofast</Support>
    <Support>V32_meter</Support>
    <Support>V30_move</Support>
    <Support>V25_stop</Support>
    <Support>V27_dist</Support>
    <Support>OK</Support>
    <Support>V31_second</Support>
    <Support>V28_speed</Support>
    <Support>V29_time</Support>
  </Property>
</Results>
