<?xml version="1.0"?>
<Results xmlns:xsi="http://www.w3.org/2001/XMLSchema-instance">
  <Property name="OK">
    <Runtime unit="sec">1.312</Runtime>
    <SupportRuntime unit="sec">0.255</SupportRuntime>
    <Answer source="pdr">valid</Answer>
    <K>1</K>
    <Invariant>OK</Invariant>
    <Invariant>((not OK) or (V66_exclusive &lt;= 1))</Invariant>
    <Support>V71_erreur</Support>
    <Support>V66_exclusive</Support>
    <Support>OK</Support>
    <Support>V131_g01</Support>
  </Property>
</Results>
