<?xml version="1.0"?>
<Results xmlns:xsi="http://www.w3.org/2001/XMLSchema-instance">
   <UcRuntime unit="sec">0.008</UcRuntime>
   <Timeout unit="sec">69.3</Timeout>
   <ProofTime unit="sec">0.922</ProofTime>
   <Runtime unit="sec">0.93</Runtime>
   <IVC>OK</IVC>
   <IVC>V24_toofast</IVC>
   <IVC>V26_bump</IVC>
   <IVC>V27_dist</IVC>
   <IVC>V28_speed</IVC>
   <IVC>V30_move</IVC>
   <TRIVC>V26_bump</TRIVC>
   <TRIVC>V24_toofast</TRIVC>
   <TRIVC>V30_move</TRIVC>
   <TRIVC>V27_dist</TRIVC>
   <TRIVC>OK</TRIVC>
   <TRIVC>V28_speed</TRIVC>
</Results>
