<?xml version="1.0"?>
<Results xmlns:xsi="http://www.w3.org/2001/XMLSchema-instance">
   <UcRuntime unit="sec">0.007</UcRuntime>
   <Timeout unit="sec">60.34</Timeout>
   <ProofTime unit="sec">0.027</ProofTime>
   <Runtime unit="sec">0.034</Runtime>
   <IVC>OK</IVC>
   <IVC>V24_toofast</IVC>
   <IVC>V28_speed</IVC>
   <IVC>V30_move</IVC>
   <IVC>V33_env</IVC>
   <TRIVC>V24_toofast</TRIVC>
   <TRIVC>V30_move</TRIVC>
   <TRIVC>OK</TRIVC>
   <TRIVC>V28_speed</TRIVC>
   <TRIVC>V33_env</TRIVC>
</Results>
