<?xml version="1.0"?>
<Results xmlns:xsi="http://www.w3.org/2001/XMLSchema-instance">
  <Progress source="bmc" trueFor="1">
    <PropertyProgress name="OK"/>
  </Progress>
  <Progress source="bmc" trueFor="2">
    <PropertyProgress name="OK"/>
  </Progress>
  <Progress source="bmc" trueFor="3">
    <PropertyProgress name="OK"/>
  </Progress>
  <Property name="OK">
    <Runtime unit="sec">8.03</Runtime>
    <Answer source="k-induction">valid</Answer>
    <K>1</K>
    <NumberOfIVCs>2</NumberOfIVCs>
    <MustElem>V24_toofast</MustElem>
    <MustElem>V30_move</MustElem>
    <MustElem>V27_dist</MustElem>
    <MustElem>OK</MustElem>
    <MustElem>V28_speed</MustElem>
    <IvcSet number="1">
    <Invariant>((V28_speed = V27_dist) or (0 &lt;= (V27_dist + (-1))))</Invariant>
    <Invariant>((V28_speed = 0) or (0 &lt;= (V28_speed + (-1))))</Invariant>
    <Invariant>((V27_dist &lt;= 9) or V26_bump)</Invariant>
    <Invariant>OK</Invariant>
    <Ivc>V26_bump</Ivc>
    <Ivc>V24_toofast</Ivc>
    <Ivc>V30_move</Ivc>
    <Ivc>V27_dist</Ivc>
    <Ivc>OK</Ivc>
    <Ivc>V28_speed</Ivc>
    </IvcSet>
    <IvcSet number="2">
    <Invariant>(0 &lt;= V27_dist)</Invariant>
    <Invariant>(((V24_toofast or (not (0 &lt;= (V27_dist + (-5))))) or (0 &lt;= (V29_time + (-2)))) or (not V30_move))</Invariant>
    <Invariant>((((not (V29_time = 0)) or V24_toofast) or (V28_speed &lt;= 1)) or (V27_dist &lt;= 2))</Invariant>
    <Invariant>((((not (V29_time = 0)) or (V28_speed = 0)) or (not (V28_speed &lt;= 1))) or (V27_dist &lt;= 1))</Invariant>
    <Invariant>(((V24_toofast or (0 &lt;= ((V29_time + (-1)) + (-2)))) or (V28_speed &lt;= 1)) or ((V27_dist + (-1)) &lt;= 5))</Invariant>
    <Invariant>((((not (0 &lt;= (V27_dist + (-6)))) or (0 &lt;= ((V29_time + (-1)) + (-2)))) or (V28_speed = 0)) or (not (V28_speed &lt;= 1)))</Invariant>
    <Invariant>((((not (V29_time = 0)) or (V27_dist &lt;= 0)) or (not V30_move)) or (not (V28_speed = 0)))</Invariant>
    <Invariant>(V27_dist &lt;= 9)</Invariant>
    <Invariant>((((not (0 &lt;= (V27_dist + (-5)))) or (0 &lt;= ((V29_time + (-1)) + (-2)))) or (not V30_move)) or (not (V28_speed = 0)))</Invariant>
    <Invariant>(0 &lt;= V28_speed)</Invariant>
    <Invariant>((((0 &lt;= (V29_time + (-2))) or (V27_dist &lt;= 3)) or (not V30_move)) or (not (V28_speed &lt;= 1)))</Invariant>
    <Invariant>((((0 &lt;= (V29_time + (-2))) or (not V30_move)) or (not (V28_speed = 0))) or (V27_dist &lt;= 2))</Invariant>
    <Invariant>OK</Invariant>
    <Invariant>(((V28_speed = 0) or (not (V28_speed &lt;= 1))) or (V27_dist &lt;= 7))</Invariant>
    <Invariant>((V24_toofast or (not V30_move)) or (V27_dist &lt;= 8))</Invariant>
    <Invariant>((V29_time = 0) or (0 &lt;= (V29_time + (-1))))</Invariant>
    <Invariant>((((not V30_move) or V25_stop) or (not (V28_speed = 0))) or ((V27_dist + (-1)) &lt;= 5))</Invariant>
    <Ivc>V24_toofast</Ivc>
    <Ivc>V32_meter</Ivc>
    <Ivc>V30_move</Ivc>
    <Ivc>V25_stop</Ivc>
    <Ivc>V27_dist</Ivc>
    <Ivc>OK</Ivc>
    <Ivc>V31_second</Ivc>
    <Ivc>V28_speed</Ivc>
    <Ivc>V29_time</Ivc>
    </IvcSet>
  </Property>
</Results>
