<?xml version="1.0"?>
<Results xmlns:xsi="http://www.w3.org/2001/XMLSchema-instance">
  <Progress source="bmc" trueFor="1">
    <PropertyProgress name="OK"/>
  </Progress>
  <Progress source="bmc" trueFor="2">
    <PropertyProgress name="OK"/>
  </Progress>
  <Progress source="bmc" trueFor="3">
    <PropertyProgress name="OK"/>
  </Progress>
  <Progress source="bmc" trueFor="4">
    <PropertyProgress name="OK"/>
  </Progress>
  <Progress source="bmc" trueFor="5">
    <PropertyProgress name="OK"/>
  </Progress>
  <Progress source="bmc" trueFor="6">
    <PropertyProgress name="OK"/>
  </Progress>
  <Progress source="bmc" trueFor="7">
    <PropertyProgress name="OK"/>
  </Progress>
  <Progress source="bmc" trueFor="8">
    <PropertyProgress name="OK"/>
  </Progress>
  <Progress source="bmc" trueFor="9">
    <PropertyProgress name="OK"/>
  </Progress>
  <Property name="OK">
    <Runtime unit="sec">2.718</Runtime>
    <Answer source="k-induction">valid</Answer>
    <K>1</K>
    <NumberOfIVCs>1</NumberOfIVCs>
    <MustElem>V26_bump</MustElem>
    <MustElem>V30_move</MustElem>
    <MustElem>V27_dist</MustElem>
    <MustElem>OK</MustElem>
    <MustElem>V28_speed</MustElem>
    <IvcSet number="1">
    <Invariant>OK</Invariant>
    <Invariant>(0 &lt;= V27_dist)</Invariant>
    <Invariant>((V27_dist + (-10)) &lt;= 0)</Invariant>
    <Invariant>(V28_speed &lt;= 0)</Invariant>
    <Invariant>(0 &lt;= V28_speed)</Invariant>
    <Ivc>V26_bump</Ivc>
    <Ivc>V30_move</Ivc>
    <Ivc>V27_dist</Ivc>
    <Ivc>OK</Ivc>
    <Ivc>V28_speed</Ivc>
    </IvcSet>
  </Property>
</Results>
