<?xml version="1.0"?>
<Results xmlns:xsi="http://www.w3.org/2001/XMLSchema-instance">
   <UcRuntime unit="sec">0.009</UcRuntime>
   <Timeout unit="sec">60.47</Timeout>
   <ProofTime unit="sec">0.038</ProofTime>
   <Runtime unit="sec">0.047</Runtime>
   <IVC>OK</IVC>
   <IVC>V24_toofast</IVC>
   <IVC>V28_speed</IVC>
   <IVC>V30_move</IVC>
   <IVC>V31_second</IVC>
   <IVC>V33_env</IVC>
   <IVC>V90_X</IVC>
   <TRIVC>V90_X</TRIVC>
   <TRIVC>V24_toofast</TRIVC>
   <TRIVC>V30_move</TRIVC>
   <TRIVC>OK</TRIVC>
   <TRIVC>V31_second</TRIVC>
   <TRIVC>V28_speed</TRIVC>
   <TRIVC>V33_env</TRIVC>
</Results>
