<?xml version="1.0"?>
<Results xmlns:xsi="http://www.w3.org/2001/XMLSchema-instance">
  <Progress source="bmc" trueFor="1">
    <PropertyProgress name="OK"/>
  </Progress>
  <Progress source="bmc" trueFor="2">
    <PropertyProgress name="OK"/>
  </Progress>
  <Progress source="bmc" trueFor="3">
    <PropertyProgress name="OK"/>
  </Progress>
  <Progress source="bmc" trueFor="4">
    <PropertyProgress name="OK"/>
  </Progress>
  <Progress source="bmc" trueFor="5">
    <PropertyProgress name="OK"/>
  </Progress>
  <Progress source="bmc" trueFor="6">
    <PropertyProgress name="OK"/>
  </Progress>
  <Progress source="bmc" trueFor="7">
    <PropertyProgress name="OK"/>
  </Progress>
  <Progress source="bmc" trueFor="8">
    <PropertyProgress name="OK"/>
  </Progress>
  <Progress source="bmc" trueFor="9">
    <PropertyProgress name="OK"/>
  </Progress>
  <Progress source="bmc" trueFor="10">
    <PropertyProgress name="OK"/>
  </Progress>
  <Progress source="bmc" trueFor="11">
    <PropertyProgress name="OK"/>
  </Progress>
  <Progress source="bmc" trueFor="12">
    <PropertyProgress name="OK"/>
  </Progress>
  <Progress source="bmc" trueFor="13">
    <PropertyProgress name="OK"/>
  </Progress>
  <Progress source="bmc" trueFor="14">
    <PropertyProgress name="OK"/>
  </Progress>
  <Progress source="bmc" trueFor="15">
    <PropertyProgress name="OK"/>
  </Progress>
  <Progress source="bmc" trueFor="16">
    <PropertyProgress name="OK"/>
  </Progress>
  <Progress source="bmc" trueFor="17">
    <PropertyProgress name="OK"/>
  </Progress>
  <Progress source="bmc" trueFor="18">
    <PropertyProgress name="OK"/>
  </Progress>
  <Progress source="bmc" trueFor="19">
    <PropertyProgress name="OK"/>
  </Progress>
  <Progress source="bmc" trueFor="20">
    <PropertyProgress name="OK"/>
  </Progress>
  <Progress source="bmc" trueFor="21">
    <PropertyProgress name="OK"/>
  </Progress>
  <Progress source="bmc" trueFor="22">
    <PropertyProgress name="OK"/>
  </Progress>
  <Property name="OK">
    <Runtime unit="sec">1.212</Runtime>
    <Answer source="k-induction">valid</Answer>
    <K>9</K>
    <NumberOfIVCs>1</NumberOfIVCs>
    <MustElem>V24_minus</MustElem>
    <MustElem>V23_plus</MustElem>
    <MustElem>V109_cpt</MustElem>
    <MustElem>V25_realistic</MustElem>
    <MustElem>V110_acceptable</MustElem>
    <MustElem>V22_speed</MustElem>
    <MustElem>OK</MustElem>
    <MustElem>V98_Sofar</MustElem>
    <MustElem>V93_X</MustElem>
    <IvcSet number="1">
    <Invariant>OK</Invariant>
    <Ivc>V24_minus</Ivc>
    <Ivc>V23_plus</Ivc>
    <Ivc>V109_cpt</Ivc>
    <Ivc>V25_realistic</Ivc>
    <Ivc>V110_acceptable</Ivc>
    <Ivc>V22_speed</Ivc>
    <Ivc>OK</Ivc>
    <Ivc>V98_Sofar</Ivc>
    <Ivc>V93_X</Ivc>
    </IvcSet>
  </Property>
</Results>
