<?xml version="1.0"?>
<Results xmlns:xsi="http://www.w3.org/2001/XMLSchema-instance">
   <UcRuntime unit="sec">0.031</UcRuntime>
   <Timeout unit="sec">60.8</Timeout>
   <ProofTime unit="sec">0.049</ProofTime>
   <Runtime unit="sec">0.08</Runtime>
   <IVC>Microwave_SEng5861__Display_Control__Impl__update_digit~0.clear_pressed</IVC>
   <IVC>Microwave_SEng5861__Display_Control__Impl__update_digit~0.defs__is_cooking~0._outvar</IVC>
   <IVC>Microwave_SEng5861__Display_Control__Impl__update_digit~0.defs__is_cooking~0.m</IVC>
   <IVC>Microwave_SEng5861__Display_Control__Impl__update_digit~0.digit</IVC>
   <IVC>Microwave_SEng5861__Display_Control__Impl__update_digit~0.digit_pressed</IVC>
   <IVC>Microwave_SEng5861__Display_Control__Impl__update_digit~0.mode</IVC>
   <IVC>Microwave_SEng5861__Display_Control__Impl__update_digit~1.clear_pressed</IVC>
   <IVC>Microwave_SEng5861__Display_Control__Impl__update_digit~1.defs__is_cooking~0._outvar</IVC>
   <IVC>Microwave_SEng5861__Display_Control__Impl__update_digit~1.defs__is_cooking~0.m</IVC>
   <IVC>Microwave_SEng5861__Display_Control__Impl__update_digit~1.digit</IVC>
   <IVC>Microwave_SEng5861__Display_Control__Impl__update_digit~1.digit_pressed</IVC>
   <IVC>Microwave_SEng5861__Display_Control__Impl__update_digit~1.mode</IVC>
   <IVC>Microwave_SEng5861__Display_Control__Impl__update_digit~2.clear_pressed</IVC>
   <IVC>Microwave_SEng5861__Display_Control__Impl__update_digit~2.defs__is_cooking~0._outvar</IVC>
   <IVC>Microwave_SEng5861__Display_Control__Impl__update_digit~2.defs__is_cooking~0.m</IVC>
   <IVC>Microwave_SEng5861__Display_Control__Impl__update_digit~2.digit</IVC>
   <IVC>Microwave_SEng5861__Display_Control__Impl__update_digit~2.digit_pressed</IVC>
   <IVC>Microwave_SEng5861__Display_Control__Impl__update_digit~2.mode</IVC>
   <IVC>__GUARANTEE5</IVC>
   <IVC>defs__is_setup~0._outvar</IVC>
   <IVC>defs__is_setup~0.m</IVC>
   <TRIVC>Microwave_SEng5861__Display_Control__Impl__update_digit.defs__is_cooking._outvar</TRIVC>
   <TRIVC>Microwave_SEng5861__Display_Control__Impl__update_digit.defs__is_cooking.m</TRIVC>
   <TRIVC>Microwave_SEng5861__Display_Control__Impl__update_digit.clear_pressed</TRIVC>
   <TRIVC>defs__is_setup._outvar</TRIVC>
   <TRIVC>__GUARANTEE5</TRIVC>
   <TRIVC>Microwave_SEng5861__Display_Control__Impl__update_digit.digit_pressed</TRIVC>
   <TRIVC>defs__is_setup.m</TRIVC>
   <TRIVC>Microwave_SEng5861__Display_Control__Impl__update_digit.mode</TRIVC>
   <TRIVC>Microwave_SEng5861__Display_Control__Impl__update_digit.digit</TRIVC>
</Results>
