<?xml version="1.0"?>
<Results xmlns:xsi="http://www.w3.org/2001/XMLSchema-instance">
   <UcRuntime unit="sec">0.021</UcRuntime>
   <Timeout unit="sec">60.5</Timeout>
   <ProofTime unit="sec">0.029</ProofTime>
   <Runtime unit="sec">0.05</Runtime>
   <IVC>Microwave_SEng5861__Display_Control__Impl__update_digit~0.digit</IVC>
   <IVC>Microwave_SEng5861__Display_Control__Impl__update_digit~1.digit</IVC>
   <IVC>Microwave_SEng5861__Display_Control__Impl__update_digit~2.digit</IVC>
   <IVC>__GUARANTEE6</IVC>
   <IVC>defs__initially_true~0.b</IVC>
   <IVC>defs__initially_true~0.result</IVC>
   <TRIVC>defs__initially_true.result</TRIVC>
   <TRIVC>__GUARANTEE6</TRIVC>
   <TRIVC>defs__initially_true.b</TRIVC>
   <TRIVC>Microwave_SEng5861__Display_Control__Impl__update_digit.digit</TRIVC>
</Results>
