<?xml version="1.0"?>
<Results xmlns:xsi="http://www.w3.org/2001/XMLSchema-instance">
   <UcRuntime unit="sec">0.261</UcRuntime>
   <Timeout unit="sec">121.11</Timeout>
   <ProofTime unit="sec">5.85</ProofTime>
   <Runtime unit="sec">6.111</Runtime>
   <IVC>OK</IVC>
   <IVC>V69_exclusive</IVC>
   <IVC>V70_shared</IVC>
   <IVC>V71_shared_dirty</IVC>
   <IVC>V72_dirty</IVC>
   <IVC>V73_invalid</IVC>
   <IVC>V74_R1</IVC>
   <IVC>V75_R2</IVC>
   <IVC>V76_R3</IVC>
   <IVC>V77_R4</IVC>
   <IVC>V78_R5</IVC>
   <IVC>V79_R6</IVC>
   <IVC>V80_R7</IVC>
   <IVC>V81_R8</IVC>
   <IVC>V82_R9</IVC>
   <IVC>V83_R10</IVC>
   <IVC>V84_R11</IVC>
   <IVC>V85_R12</IVC>
   <IVC>V86_R13</IVC>
   <IVC>V87_R14</IVC>
   <IVC>V88_erreur</IVC>
   <IVC>V89_env</IVC>
   <IVC>V158_g01</IVC>
   <IVC>V159_g02</IVC>
   <IVC>V160_g03</IVC>
   <IVC>V161_g04</IVC>
   <IVC>V162_g05</IVC>
   <IVC>V163_g06</IVC>
   <IVC>V164_g07</IVC>
   <IVC>V165_g08</IVC>
   <IVC>V166_g09</IVC>
   <IVC>V167_g10</IVC>
   <IVC>V168_g11</IVC>
   <IVC>V169_g12</IVC>
   <IVC>V170_mem_init</IVC>
   <IVC>V191_X</IVC>
   <IVC>V203_First</IVC>
   <IVC>V210_First</IVC>
   <IVC>V217_First</IVC>
   <IVC>V224_First</IVC>
   <IVC>V231_First</IVC>
   <TRIVC>V191_X</TRIVC>
   <TRIVC>V86_R13</TRIVC>
   <TRIVC>V69_exclusive</TRIVC>
   <TRIVC>V78_R5</TRIVC>
   <TRIVC>V76_R3</TRIVC>
   <TRIVC>V74_R1</TRIVC>
   <TRIVC>V169_g12</TRIVC>
   <TRIVC>V162_g05</TRIVC>
   <TRIVC>V166_g09</TRIVC>
   <TRIVC>V158_g01</TRIVC>
   <TRIVC>V87_R14</TRIVC>
   <TRIVC>V163_g06</TRIVC>
   <TRIVC>V217_First</TRIVC>
   <TRIVC>V231_First</TRIVC>
   <TRIVC>V170_mem_init</TRIVC>
   <TRIVC>V82_R9</TRIVC>
   <TRIVC>V70_shared</TRIVC>
   <TRIVC>V80_R7</TRIVC>
   <TRIVC>OK</TRIVC>
   <TRIVC>V159_g02</TRIVC>
   <TRIVC>V224_First</TRIVC>
   <TRIVC>V72_dirty</TRIVC>
   <TRIVC>V83_R10</TRIVC>
   <TRIVC>V71_shared_dirty</TRIVC>
   <TRIVC>V79_R6</TRIVC>
   <TRIVC>V77_R4</TRIVC>
   <TRIVC>V75_R2</TRIVC>
   <TRIVC>V167_g10</TRIVC>
   <TRIVC>V88_erreur</TRIVC>
   <TRIVC>V160_g03</TRIVC>
   <TRIVC>V164_g07</TRIVC>
   <TRIVC>V89_env</TRIVC>
   <TRIVC>V84_R11</TRIVC>
   <TRIVC>V73_invalid</TRIVC>
   <TRIVC>V168_g11</TRIVC>
   <TRIVC>V203_First</TRIVC>
   <TRIVC>V85_R12</TRIVC>
   <TRIVC>V161_g04</TRIVC>
   <TRIVC>V165_g08</TRIVC>
   <TRIVC>V210_First</TRIVC>
   <TRIVC>V81_R8</TRIVC>
</Results>
