<?xml version="1.0"?>
<Results xmlns:xsi="http://www.w3.org/2001/XMLSchema-instance">
   <UcRuntime unit="sec">0.026</UcRuntime>
   <Timeout unit="sec">60.57</Timeout>
   <ProofTime unit="sec">0.031</ProofTime>
   <Runtime unit="sec">0.056999999999999995</Runtime>
   <IVC>OK</IVC>
   <IVC>V66_exclusive</IVC>
   <IVC>V67_shared</IVC>
   <IVC>V68_shared_dirty</IVC>
   <IVC>V69_dirty</IVC>
   <IVC>V70_invalid</IVC>
   <IVC>V72_env</IVC>
   <IVC>V135_g04</IVC>
   <IVC>V136_g05</IVC>
   <IVC>V165_X</IVC>
   <TRIVC>V72_env</TRIVC>
   <TRIVC>V69_dirty</TRIVC>
   <TRIVC>V66_exclusive</TRIVC>
   <TRIVC>V70_invalid</TRIVC>
   <TRIVC>V136_g05</TRIVC>
   <TRIVC>V68_shared_dirty</TRIVC>
   <TRIVC>OK</TRIVC>
   <TRIVC>V135_g04</TRIVC>
   <TRIVC>V67_shared</TRIVC>
   <TRIVC>V165_X</TRIVC>
</Results>
