<?xml version="1.0"?>
<Results xmlns:xsi="http://www.w3.org/2001/XMLSchema-instance">
  <Progress source="bmc" trueFor="1">
    <PropertyProgress name="OK"/>
  </Progress>
  <Progress source="bmc" trueFor="2">
    <PropertyProgress name="OK"/>
  </Progress>
  <Property name="OK">
    <Runtime unit="sec">1.412</Runtime>
    <Answer source="k-induction">valid</Answer>
    <K>1</K>
    <NumberOfIVCs>1</NumberOfIVCs>
    <MustElem>V134_g03</MustElem>
    <MustElem>V66_exclusive</MustElem>
    <MustElem>OK</MustElem>
    <MustElem>V143_g12</MustElem>
    <IvcSet number="1">
    <Invariant>((-V66_exclusive) &lt;= 0)</Invariant>
    <Invariant>OK</Invariant>
    <Ivc>V134_g03</Ivc>
    <Ivc>V66_exclusive</Ivc>
    <Ivc>OK</Ivc>
    <Ivc>V143_g12</Ivc>
    </IvcSet>
  </Property>
</Results>
