<?xml version="1.0"?>
<Results xmlns:xsi="http://www.w3.org/2001/XMLSchema-instance">
   <UcRuntime unit="sec">0.025</UcRuntime>
   <Timeout unit="sec">68.77</Timeout>
   <ProofTime unit="sec">0.852</ProofTime>
   <Runtime unit="sec">0.877</Runtime>
   <IVC>OK</IVC>
   <IVC>V66_exclusive</IVC>
   <IVC>V67_shared</IVC>
   <IVC>V134_g03</IVC>
   <IVC>V137_g06</IVC>
   <IVC>V139_g08</IVC>
   <IVC>V141_g10</IVC>
   <IVC>V143_g12</IVC>
   <TRIVC>V134_g03</TRIVC>
   <TRIVC>V66_exclusive</TRIVC>
   <TRIVC>OK</TRIVC>
   <TRIVC>V137_g06</TRIVC>
   <TRIVC>V139_g08</TRIVC>
   <TRIVC>V67_shared</TRIVC>
   <TRIVC>V141_g10</TRIVC>
   <TRIVC>V143_g12</TRIVC>
</Results>
