<?xml version="1.0"?>
<Results xmlns:xsi="http://www.w3.org/2001/XMLSchema-instance">
  <Progress source="bmc" trueFor="1">
    <PropertyProgress name="OK"/>
  </Progress>
  <Progress source="bmc" trueFor="2">
    <PropertyProgress name="OK"/>
  </Progress>
  <Progress source="bmc" trueFor="3">
    <PropertyProgress name="OK"/>
  </Progress>
  <Progress source="bmc" trueFor="4">
    <PropertyProgress name="OK"/>
  </Progress>
  <Property name="OK">
    <Runtime unit="sec">1.419</Runtime>
    <Answer source="k-induction">valid</Answer>
    <K>1</K>
    <NumberOfIVCs>1</NumberOfIVCs>
    <MustElem>V69_dirty</MustElem>
    <MustElem>V140_g09</MustElem>
    <MustElem>OK</MustElem>
    <IvcSet number="1">
    <Invariant>OK</Invariant>
    <Invariant>((V69_dirty = 0) or (0 &lt;= (V69_dirty + (-1))))</Invariant>
    <Ivc>V69_dirty</Ivc>
    <Ivc>V140_g09</Ivc>
    <Ivc>OK</Ivc>
    </IvcSet>
  </Property>
</Results>
