<?xml version="1.0"?>
<Results xmlns:xsi="http://www.w3.org/2001/XMLSchema-instance">
   <UcRuntime unit="sec">0.041</UcRuntime>
   <Timeout unit="sec">94.25</Timeout>
   <ProofTime unit="sec">3.384</ProofTime>
   <Runtime unit="sec">3.425</Runtime>
   <IVC>OK</IVC>
   <IVC>V69_exclusive</IVC>
   <IVC>V70_shared</IVC>
   <IVC>V71_shared_dirty</IVC>
   <IVC>V72_dirty</IVC>
   <IVC>V75_env</IVC>
   <IVC>V140_g01</IVC>
   <IVC>V142_g03</IVC>
   <IVC>V143_g04</IVC>
   <IVC>V144_g05</IVC>
   <IVC>V145_g06</IVC>
   <IVC>V146_g07</IVC>
   <IVC>V173_X</IVC>
   <IVC>V185_First</IVC>
   <TRIVC>V72_dirty</TRIVC>
   <TRIVC>V145_g06</TRIVC>
   <TRIVC>V140_g01</TRIVC>
   <TRIVC>V71_shared_dirty</TRIVC>
   <TRIVC>V75_env</TRIVC>
   <TRIVC>V69_exclusive</TRIVC>
   <TRIVC>V143_g04</TRIVC>
   <TRIVC>V185_First</TRIVC>
   <TRIVC>V144_g05</TRIVC>
   <TRIVC>V146_g07</TRIVC>
   <TRIVC>V70_shared</TRIVC>
   <TRIVC>V142_g03</TRIVC>
   <TRIVC>OK</TRIVC>
   <TRIVC>V173_X</TRIVC>
</Results>
