<?xml version="1.0"?>
<Results xmlns:xsi="http://www.w3.org/2001/XMLSchema-instance">
  <Progress source="bmc" trueFor="1">
    <PropertyProgress name="OK"/>
  </Progress>
  <Progress source="bmc" trueFor="2">
    <PropertyProgress name="OK"/>
  </Progress>
  <Progress source="bmc" trueFor="3">
    <PropertyProgress name="OK"/>
  </Progress>
  <Progress source="bmc" trueFor="4">
    <PropertyProgress name="OK"/>
  </Progress>
  <Progress source="bmc" trueFor="5">
    <PropertyProgress name="OK"/>
  </Progress>
  <Progress source="bmc" trueFor="6">
    <PropertyProgress name="OK"/>
  </Progress>
  <Progress source="bmc" trueFor="7">
    <PropertyProgress name="OK"/>
  </Progress>
  <Progress source="bmc" trueFor="8">
    <PropertyProgress name="OK"/>
  </Progress>
  <Progress source="bmc" trueFor="9">
    <PropertyProgress name="OK"/>
  </Progress>
  <Progress source="bmc" trueFor="10">
    <PropertyProgress name="OK"/>
  </Progress>
  <Progress source="bmc" trueFor="11">
    <PropertyProgress name="OK"/>
  </Progress>
  <Progress source="bmc" trueFor="12">
    <PropertyProgress name="OK"/>
  </Progress>
  <Progress source="bmc" trueFor="13">
    <PropertyProgress name="OK"/>
  </Progress>
  <Progress source="bmc" trueFor="14">
    <PropertyProgress name="OK"/>
  </Progress>
  <Progress source="bmc" trueFor="15">
    <PropertyProgress name="OK"/>
  </Progress>
  <Progress source="bmc" trueFor="16">
    <PropertyProgress name="OK"/>
  </Progress>
  <Progress source="bmc" trueFor="17">
    <PropertyProgress name="OK"/>
  </Progress>
  <Progress source="bmc" trueFor="18">
    <PropertyProgress name="OK"/>
  </Progress>
  <Progress source="bmc" trueFor="19">
    <PropertyProgress name="OK"/>
  </Progress>
  <Progress source="bmc" trueFor="20">
    <PropertyProgress name="OK"/>
  </Progress>
  <Progress source="bmc" trueFor="21">
    <PropertyProgress name="OK"/>
  </Progress>
  <Progress source="bmc" trueFor="22">
    <PropertyProgress name="OK"/>
  </Progress>
  <Progress source="bmc" trueFor="23">
    <PropertyProgress name="OK"/>
  </Progress>
  <Progress source="bmc" trueFor="24">
    <PropertyProgress name="OK"/>
  </Progress>
  <Progress source="bmc" trueFor="25">
    <PropertyProgress name="OK"/>
  </Progress>
  <Progress source="bmc" trueFor="26">
    <PropertyProgress name="OK"/>
  </Progress>
  <Progress source="bmc" trueFor="27">
    <PropertyProgress name="OK"/>
  </Progress>
  <Progress source="bmc" trueFor="28">
    <PropertyProgress name="OK"/>
  </Progress>
  <Progress source="bmc" trueFor="29">
    <PropertyProgress name="OK"/>
  </Progress>
  <Progress source="bmc" trueFor="30">
    <PropertyProgress name="OK"/>
  </Progress>
  <Progress source="bmc" trueFor="31">
    <PropertyProgress name="OK"/>
  </Progress>
  <Progress source="bmc" trueFor="32">
    <PropertyProgress name="OK"/>
  </Progress>
  <Property name="OK">
    <Runtime unit="sec">12.032</Runtime>
    <Answer source="pdr">valid</Answer>
    <K>1</K>
    <NumberOfIVCs>1</NumberOfIVCs>
    <MustElem>V191_X</MustElem>
    <MustElem>V86_R13</MustElem>
    <MustElem>V78_R5</MustElem>
    <MustElem>V69_exclusive</MustElem>
    <MustElem>V76_R3</MustElem>
    <MustElem>V169_g12</MustElem>
    <MustElem>V74_R1</MustElem>
    <MustElem>V162_g05</MustElem>
    <MustElem>V166_g09</MustElem>
    <MustElem>V158_g01</MustElem>
    <MustElem>V217_First</MustElem>
    <MustElem>V87_R14</MustElem>
    <MustElem>V163_g06</MustElem>
    <MustElem>V231_First</MustElem>
    <MustElem>V170_mem_init</MustElem>
    <MustElem>V82_R9</MustElem>
    <MustElem>V70_shared</MustElem>
    <MustElem>V80_R7</MustElem>
    <MustElem>OK</MustElem>
    <MustElem>V159_g02</MustElem>
    <MustElem>V224_First</MustElem>
    <MustElem>V72_dirty</MustElem>
    <MustElem>V83_R10</MustElem>
    <MustElem>V79_R6</MustElem>
    <MustElem>V71_shared_dirty</MustElem>
    <MustElem>V77_R4</MustElem>
    <MustElem>V75_R2</MustElem>
    <MustElem>V167_g10</MustElem>
    <MustElem>V88_erreur</MustElem>
    <MustElem>V160_g03</MustElem>
    <MustElem>V164_g07</MustElem>
    <MustElem>V89_env</MustElem>
    <MustElem>V84_R11</MustElem>
    <MustElem>V73_invalid</MustElem>
    <MustElem>V168_g11</MustElem>
    <MustElem>V203_First</MustElem>
    <MustElem>V85_R12</MustElem>
    <MustElem>V161_g04</MustElem>
    <MustElem>V165_g08</MustElem>
    <MustElem>V210_First</MustElem>
    <MustElem>V81_R8</MustElem>
    <IvcSet number="1">
    <Invariant>(((not V89_env) or (V72_dirty &lt;= 0)) or (V69_exclusive &lt;= 0))</Invariant>
    <Invariant>(V203_First = V231_First)</Invariant>
    <Invariant>(V231_First = V217_First)</Invariant>
    <Invariant>(V231_First = V210_First)</Invariant>
    <Invariant>(((V69_exclusive &lt;= 0) or (not V89_env)) or (V231_First &lt;= ((V72_dirty + V73_invalid) + V69_exclusive)))</Invariant>
    <Invariant>(((not V89_env) or (V72_dirty &lt;= 0)) or (V231_First &lt;= ((V72_dirty + V73_invalid) + V69_exclusive)))</Invariant>
    <Invariant>OK</Invariant>
    <Invariant>(V231_First = V224_First)</Invariant>
    <Invariant>(((not V89_env) or (V69_exclusive &lt;= 0)) or (V70_shared &lt;= 0))</Invariant>
    <Ivc>V191_X</Ivc>
    <Ivc>V86_R13</Ivc>
    <Ivc>V69_exclusive</Ivc>
    <Ivc>V78_R5</Ivc>
    <Ivc>V76_R3</Ivc>
    <Ivc>V74_R1</Ivc>
    <Ivc>V169_g12</Ivc>
    <Ivc>V162_g05</Ivc>
    <Ivc>V166_g09</Ivc>
    <Ivc>V158_g01</Ivc>
    <Ivc>V87_R14</Ivc>
    <Ivc>V163_g06</Ivc>
    <Ivc>V217_First</Ivc>
    <Ivc>V231_First</Ivc>
    <Ivc>V170_mem_init</Ivc>
    <Ivc>V82_R9</Ivc>
    <Ivc>V70_shared</Ivc>
    <Ivc>V80_R7</Ivc>
    <Ivc>OK</Ivc>
    <Ivc>V159_g02</Ivc>
    <Ivc>V224_First</Ivc>
    <Ivc>V72_dirty</Ivc>
    <Ivc>V83_R10</Ivc>
    <Ivc>V71_shared_dirty</Ivc>
    <Ivc>V79_R6</Ivc>
    <Ivc>V77_R4</Ivc>
    <Ivc>V75_R2</Ivc>
    <Ivc>V167_g10</Ivc>
    <Ivc>V88_erreur</Ivc>
    <Ivc>V160_g03</Ivc>
    <Ivc>V164_g07</Ivc>
    <Ivc>V89_env</Ivc>
    <Ivc>V84_R11</Ivc>
    <Ivc>V73_invalid</Ivc>
    <Ivc>V168_g11</Ivc>
    <Ivc>V203_First</Ivc>
    <Ivc>V85_R12</Ivc>
    <Ivc>V161_g04</Ivc>
    <Ivc>V165_g08</Ivc>
    <Ivc>V210_First</Ivc>
    <Ivc>V81_R8</Ivc>
    </IvcSet>
  </Property>
</Results>
