<?xml version="1.0"?>
<Results xmlns:xsi="http://www.w3.org/2001/XMLSchema-instance">
   <UcRuntime unit="sec">0.011</UcRuntime>
   <Timeout unit="sec">72.09</Timeout>
   <ProofTime unit="sec">1.198</ProofTime>
   <Runtime unit="sec">1.2089999999999999</Runtime>
   <IVC>OK</IVC>
   <IVC>V13_k</IVC>
   <IVC>V15_env</IVC>
   <IVC>V43_age_of_p</IVC>
   <IVC>V50_age_of_p</IVC>
   <IVC>V54_X</IVC>
   <IVC>V68_age_of_p</IVC>
   <TRIVC>V68_age_of_p</TRIVC>
   <TRIVC>V15_env</TRIVC>
   <TRIVC>V13_k</TRIVC>
   <TRIVC>V43_age_of_p</TRIVC>
   <TRIVC>V50_age_of_p</TRIVC>
   <TRIVC>V54_X</TRIVC>
   <TRIVC>OK</TRIVC>
</Results>
