<?xml version="1.0"?>
<Results xmlns:xsi="http://www.w3.org/2001/XMLSchema-instance">
  <Progress source="bmc" trueFor="1">
    <PropertyProgress name="OK"/>
  </Progress>
  <Progress source="bmc" trueFor="2">
    <PropertyProgress name="OK"/>
  </Progress>
  <Progress source="bmc" trueFor="3">
    <PropertyProgress name="OK"/>
  </Progress>
  <Progress source="bmc" trueFor="4">
    <PropertyProgress name="OK"/>
  </Progress>
  <Progress source="bmc" trueFor="5">
    <PropertyProgress name="OK"/>
  </Progress>
  <Progress source="bmc" trueFor="6">
    <PropertyProgress name="OK"/>
  </Progress>
  <Progress source="bmc" trueFor="7">
    <PropertyProgress name="OK"/>
  </Progress>
  <Progress source="bmc" trueFor="8">
    <PropertyProgress name="OK"/>
  </Progress>
  <Progress source="bmc" trueFor="9">
    <PropertyProgress name="OK"/>
  </Progress>
  <Progress source="bmc" trueFor="10">
    <PropertyProgress name="OK"/>
  </Progress>
  <Progress source="bmc" trueFor="11">
    <PropertyProgress name="OK"/>
  </Progress>
  <Progress source="bmc" trueFor="12">
    <PropertyProgress name="OK"/>
  </Progress>
  <Progress source="bmc" trueFor="13">
    <PropertyProgress name="OK"/>
  </Progress>
  <Progress source="bmc" trueFor="14">
    <PropertyProgress name="OK"/>
  </Progress>
  <Progress source="bmc" trueFor="15">
    <PropertyProgress name="OK"/>
  </Progress>
  <Progress source="bmc" trueFor="16">
    <PropertyProgress name="OK"/>
  </Progress>
  <Progress source="bmc" trueFor="17">
    <PropertyProgress name="OK"/>
  </Progress>
  <Progress source="bmc" trueFor="18">
    <PropertyProgress name="OK"/>
  </Progress>
  <Progress source="bmc" trueFor="19">
    <PropertyProgress name="OK"/>
  </Progress>
  <Progress source="bmc" trueFor="20">
    <PropertyProgress name="OK"/>
  </Progress>
  <Progress source="bmc" trueFor="21">
    <PropertyProgress name="OK"/>
  </Progress>
  <Progress source="bmc" trueFor="22">
    <PropertyProgress name="OK"/>
  </Progress>
  <Progress source="bmc" trueFor="23">
    <PropertyProgress name="OK"/>
  </Progress>
  <Progress source="bmc" trueFor="24">
    <PropertyProgress name="OK"/>
  </Progress>
  <Progress source="bmc" trueFor="25">
    <PropertyProgress name="OK"/>
  </Progress>
  <Progress source="bmc" trueFor="26">
    <PropertyProgress name="OK"/>
  </Progress>
  <Progress source="bmc" trueFor="27">
    <PropertyProgress name="OK"/>
  </Progress>
  <Progress source="bmc" trueFor="28">
    <PropertyProgress name="OK"/>
  </Progress>
  <Property name="OK">
    <Runtime unit="sec">1.926</Runtime>
    <Answer source="pdr">valid</Answer>
    <K>1</K>
    <NumberOfIVCs>1</NumberOfIVCs>
    <MustElem>V68_age_of_p</MustElem>
    <MustElem>V15_env</MustElem>
    <MustElem>V43_age_of_p</MustElem>
    <MustElem>V13_k</MustElem>
    <MustElem>V50_age_of_p</MustElem>
    <MustElem>V54_X</MustElem>
    <MustElem>OK</MustElem>
    <IvcSet number="1">
    <Invariant>OK</Invariant>
    <Invariant>(0 &lt;= V50_age_of_p)</Invariant>
    <Invariant>((V68_age_of_p &lt;= (V13_k + V50_age_of_p)) or (not V15_env))</Invariant>
    <Invariant>(V68_age_of_p &lt;= V43_age_of_p)</Invariant>
    <Ivc>V68_age_of_p</Ivc>
    <Ivc>V15_env</Ivc>
    <Ivc>V13_k</Ivc>
    <Ivc>V43_age_of_p</Ivc>
    <Ivc>V50_age_of_p</Ivc>
    <Ivc>V54_X</Ivc>
    <Ivc>OK</Ivc>
    </IvcSet>
  </Property>
</Results>
