<?xml version="1.0"?>
<Results xmlns:xsi="http://www.w3.org/2001/XMLSchema-instance">
  <Progress source="bmc" trueFor="1">
    <PropertyProgress name="OK"/>
  </Progress>
  <Progress source="bmc" trueFor="2">
    <PropertyProgress name="OK"/>
  </Progress>
  <Progress source="bmc" trueFor="3">
    <PropertyProgress name="OK"/>
  </Progress>
  <Progress source="bmc" trueFor="4">
    <PropertyProgress name="OK"/>
  </Progress>
  <Property name="OK">
    <Runtime unit="sec">0.813</Runtime>
    <Answer source="k-induction">valid</Answer>
    <K>1</K>
    <NumberOfIVCs>1</NumberOfIVCs>
    <MustElem>V19_late</MustElem>
    <MustElem>V64_incr</MustElem>
    <MustElem>V63_diff</MustElem>
    <MustElem>OK</MustElem>
    <MustElem>V65_PC</MustElem>
    <IvcSet number="1">
    <Invariant>OK</Invariant>
    <Invariant>(V65_PC &gt;= 0)</Invariant>
    <Ivc>V19_late</Ivc>
    <Ivc>V64_incr</Ivc>
    <Ivc>V63_diff</Ivc>
    <Ivc>OK</Ivc>
    <Ivc>V65_PC</Ivc>
    </IvcSet>
  </Property>
</Results>
