<?xml version="1.0"?>
<Results xmlns:xsi="http://www.w3.org/2001/XMLSchema-instance">
   <UcRuntime unit="sec">0.006</UcRuntime>
   <Timeout unit="sec">60.48</Timeout>
   <ProofTime unit="sec">0.042</ProofTime>
   <Runtime unit="sec">0.048</Runtime>
   <IVC>OK</IVC>
   <IVC>V19_late</IVC>
   <IVC>V20_early</IVC>
   <IVC>V63_diff</IVC>
   <IVC>V64_incr</IVC>
   <IVC>V65_PC</IVC>
   <TRIVC>V19_late</TRIVC>
   <TRIVC>V64_incr</TRIVC>
   <TRIVC>V20_early</TRIVC>
   <TRIVC>V63_diff</TRIVC>
   <TRIVC>OK</TRIVC>
   <TRIVC>V65_PC</TRIVC>
</Results>
