<?xml version="1.0"?>
<Results xmlns:xsi="http://www.w3.org/2001/XMLSchema-instance">
  <Progress source="bmc" trueFor="1">
    <PropertyProgress name="__GUARANTEE2"/>
  </Progress>
  <Progress source="bmc" trueFor="2">
    <PropertyProgress name="__GUARANTEE2"/>
  </Progress>
  <Progress source="bmc" trueFor="3">
    <PropertyProgress name="__GUARANTEE2"/>
  </Progress>
  <Property name="__GUARANTEE2">
    <Runtime unit="sec">0.913</Runtime>
    <SupportRuntime unit="sec">0.362</SupportRuntime>
    <Answer source="k-induction">valid</Answer>
    <K>1</K>
    <Invariant>__GUARANTEE2</Invariant>
    <Support>__GUARANTEE2</Support>
    <Support>Microwave_SEng5861__Display_Control__Impl__update_digit~0.prev_right</Support>
    <Support>Microwave_SEng5861__Display_Control__Impl__update_digit~0.carry_value</Support>
    <Support>Microwave_SEng5861__Display_Control__Impl__update_digit~0.digit</Support>
  </Property>
</Results>
