<?xml version="1.0"?>
<Results xmlns:xsi="http://www.w3.org/2001/XMLSchema-instance">
  <Progress source="bmc" trueFor="1">
    <PropertyProgress name="__GUARANTEE1"/>
  </Progress>
  <Progress source="bmc" trueFor="2">
    <PropertyProgress name="__GUARANTEE1"/>
  </Progress>
  <Progress source="bmc" trueFor="3">
    <PropertyProgress name="__GUARANTEE1"/>
  </Progress>
  <Progress source="bmc" trueFor="4">
    <PropertyProgress name="__GUARANTEE1"/>
  </Progress>
  <Progress source="bmc" trueFor="5">
    <PropertyProgress name="__GUARANTEE1"/>
  </Progress>
  <Progress source="bmc" trueFor="6">
    <PropertyProgress name="__GUARANTEE1"/>
  </Progress>
  <Progress source="bmc" trueFor="7">
    <PropertyProgress name="__GUARANTEE1"/>
  </Progress>
  <Progress source="bmc" trueFor="8">
    <PropertyProgress name="__GUARANTEE1"/>
  </Progress>
  <Progress source="bmc" trueFor="9">
    <PropertyProgress name="__GUARANTEE1"/>
  </Progress>
  <Progress source="bmc" trueFor="10">
    <PropertyProgress name="__GUARANTEE1"/>
  </Progress>
  <Progress source="bmc" trueFor="11">
    <PropertyProgress name="__GUARANTEE1"/>
  </Progress>
  <Progress source="bmc" trueFor="12">
    <PropertyProgress name="__GUARANTEE1"/>
  </Progress>
  <Progress source="bmc" trueFor="13">
    <PropertyProgress name="__GUARANTEE1"/>
  </Progress>
  <Progress source="bmc" trueFor="14">
    <PropertyProgress name="__GUARANTEE1"/>
  </Progress>
  <Progress source="bmc" trueFor="15">
    <PropertyProgress name="__GUARANTEE1"/>
  </Progress>
  <Progress source="bmc" trueFor="16">
    <PropertyProgress name="__GUARANTEE1"/>
  </Progress>
  <Progress source="bmc" trueFor="17">
    <PropertyProgress name="__GUARANTEE1"/>
  </Progress>
  <Progress source="bmc" trueFor="18">
    <PropertyProgress name="__GUARANTEE1"/>
  </Progress>
  <Progress source="bmc" trueFor="19">
    <PropertyProgress name="__GUARANTEE1"/>
  </Progress>
  <Progress source="bmc" trueFor="20">
    <PropertyProgress name="__GUARANTEE1"/>
  </Progress>
  <Progress source="bmc" trueFor="21">
    <PropertyProgress name="__GUARANTEE1"/>
  </Progress>
  <Progress source="bmc" trueFor="22">
    <PropertyProgress name="__GUARANTEE1"/>
  </Progress>
  <Progress source="bmc" trueFor="23">
    <PropertyProgress name="__GUARANTEE1"/>
  </Progress>
  <Progress source="bmc" trueFor="24">
    <PropertyProgress name="__GUARANTEE1"/>
  </Progress>
  <Progress source="bmc" trueFor="25">
    <PropertyProgress name="__GUARANTEE1"/>
  </Progress>
  <Progress source="bmc" trueFor="26">
    <PropertyProgress name="__GUARANTEE1"/>
  </Progress>
  <Progress source="bmc" trueFor="27">
    <PropertyProgress name="__GUARANTEE1"/>
  </Progress>
  <Progress source="bmc" trueFor="28">
    <PropertyProgress name="__GUARANTEE1"/>
  </Progress>
  <Property name="__GUARANTEE1">
    <Runtime unit="sec">5.963</Runtime>
    <SupportRuntime unit="sec">0.147</SupportRuntime>
    <Answer source="pdr">valid</Answer>
    <K>1</K>
    <Invariant>(0 &lt;= right_eq)</Invariant>
    <Invariant>__GUARANTEE1</Invariant>
    <Invariant>((right_eq + (-9)) &lt;= 0)</Invariant>
    <Support>Microwave_SEng5861__Display_Control__Impl__update_digit~0.prev_right</Support>
    <Support>Microwave_SEng5861__Display_Control__Impl__update_digit~1.carry_value</Support>
    <Support>__GUARANTEE1</Support>
    <Support>Microwave_SEng5861__Display_Control__Impl__update_digit~0.carry_value</Support>
    <Support>Microwave_SEng5861__Display_Control__Impl__update_digit~1.digit</Support>
    <Support>Microwave_SEng5861__Display_Control__Impl__update_digit~1.prev_right</Support>
    <Support>Microwave_SEng5861__Display_Control__Impl__update_digit~0.digit</Support>
  </Property>
  <Progress source="bmc" trueFor="29">
    <PropertyProgress name="__GUARANTEE1"/>
  </Progress>
</Results>
