<?xml version="1.0"?>
<Results xmlns:xsi="http://www.w3.org/2001/XMLSchema-instance">
  <Progress source="bmc" trueFor="1">
    <PropertyProgress name="__GUARANTEE1"/>
  </Progress>
  <Progress source="bmc" trueFor="2">
    <PropertyProgress name="__GUARANTEE1"/>
  </Progress>
  <Progress source="bmc" trueFor="3">
    <PropertyProgress name="__GUARANTEE1"/>
  </Progress>
  <Progress source="bmc" trueFor="4">
    <PropertyProgress name="__GUARANTEE1"/>
  </Progress>
  <Progress source="bmc" trueFor="5">
    <PropertyProgress name="__GUARANTEE1"/>
  </Progress>
  <Progress source="bmc" trueFor="6">
    <PropertyProgress name="__GUARANTEE1"/>
  </Progress>
  <Progress source="bmc" trueFor="7">
    <PropertyProgress name="__GUARANTEE1"/>
  </Progress>
  <Progress source="bmc" trueFor="8">
    <PropertyProgress name="__GUARANTEE1"/>
  </Progress>
  <Progress source="bmc" trueFor="9">
    <PropertyProgress name="__GUARANTEE1"/>
  </Progress>
  <Progress source="bmc" trueFor="10">
    <PropertyProgress name="__GUARANTEE1"/>
  </Progress>
  <Progress source="bmc" trueFor="11">
    <PropertyProgress name="__GUARANTEE1"/>
  </Progress>
  <Progress source="bmc" trueFor="12">
    <PropertyProgress name="__GUARANTEE1"/>
  </Progress>
  <Progress source="bmc" trueFor="13">
    <PropertyProgress name="__GUARANTEE1"/>
  </Progress>
  <Progress source="bmc" trueFor="14">
    <PropertyProgress name="__GUARANTEE1"/>
  </Progress>
  <Progress source="bmc" trueFor="15">
    <PropertyProgress name="__GUARANTEE1"/>
  </Progress>
  <Progress source="bmc" trueFor="16">
    <PropertyProgress name="__GUARANTEE1"/>
  </Progress>
  <Progress source="bmc" trueFor="17">
    <PropertyProgress name="__GUARANTEE1"/>
  </Progress>
  <Progress source="bmc" trueFor="18">
    <PropertyProgress name="__GUARANTEE1"/>
  </Progress>
  <Progress source="bmc" trueFor="19">
    <PropertyProgress name="__GUARANTEE1"/>
  </Progress>
  <Progress source="bmc" trueFor="20">
    <PropertyProgress name="__GUARANTEE1"/>
  </Progress>
  <Progress source="bmc" trueFor="21">
    <PropertyProgress name="__GUARANTEE1"/>
  </Progress>
  <Progress source="bmc" trueFor="22">
    <PropertyProgress name="__GUARANTEE1"/>
  </Progress>
  <Progress source="bmc" trueFor="23">
    <PropertyProgress name="__GUARANTEE1"/>
  </Progress>
  <Progress source="bmc" trueFor="24">
    <PropertyProgress name="__GUARANTEE1"/>
  </Progress>
  <Progress source="bmc" trueFor="25">
    <PropertyProgress name="__GUARANTEE1"/>
  </Progress>
  <Progress source="bmc" trueFor="26">
    <PropertyProgress name="__GUARANTEE1"/>
  </Progress>
  <Progress source="bmc" trueFor="27">
    <PropertyProgress name="__GUARANTEE1"/>
  </Progress>
  <Progress source="bmc" trueFor="28">
    <PropertyProgress name="__GUARANTEE1"/>
  </Progress>
  <Progress source="bmc" trueFor="29">
    <PropertyProgress name="__GUARANTEE1"/>
  </Progress>
  <Progress source="bmc" trueFor="30">
    <PropertyProgress name="__GUARANTEE1"/>
  </Progress>
  <Progress source="bmc" trueFor="31">
    <PropertyProgress name="__GUARANTEE1"/>
  </Progress>
  <Progress source="bmc" trueFor="32">
    <PropertyProgress name="__GUARANTEE1"/>
  </Progress>
  <Progress source="bmc" trueFor="33">
    <PropertyProgress name="__GUARANTEE1"/>
  </Progress>
  <Progress source="bmc" trueFor="34">
    <PropertyProgress name="__GUARANTEE1"/>
  </Progress>
  <Progress source="bmc" trueFor="35">
    <PropertyProgress name="__GUARANTEE1"/>
  </Progress>
  <Progress source="bmc" trueFor="36">
    <PropertyProgress name="__GUARANTEE1"/>
  </Progress>
  <Progress source="bmc" trueFor="37">
    <PropertyProgress name="__GUARANTEE1"/>
  </Progress>
  <Progress source="bmc" trueFor="38">
    <PropertyProgress name="__GUARANTEE1"/>
  </Progress>
  <Progress source="bmc" trueFor="39">
    <PropertyProgress name="__GUARANTEE1"/>
  </Progress>
  <Progress source="bmc" trueFor="40">
    <PropertyProgress name="__GUARANTEE1"/>
  </Progress>
  <Progress source="bmc" trueFor="41">
    <PropertyProgress name="__GUARANTEE1"/>
  </Progress>
  <Progress source="bmc" trueFor="42">
    <PropertyProgress name="__GUARANTEE1"/>
  </Progress>
  <Progress source="bmc" trueFor="43">
    <PropertyProgress name="__GUARANTEE1"/>
  </Progress>
  <Progress source="bmc" trueFor="44">
    <PropertyProgress name="__GUARANTEE1"/>
  </Progress>
  <Progress source="bmc" trueFor="45">
    <PropertyProgress name="__GUARANTEE1"/>
  </Progress>
  <Progress source="bmc" trueFor="46">
    <PropertyProgress name="__GUARANTEE1"/>
  </Progress>
  <Progress source="bmc" trueFor="47">
    <PropertyProgress name="__GUARANTEE1"/>
  </Progress>
  <Progress source="bmc" trueFor="48">
    <PropertyProgress name="__GUARANTEE1"/>
  </Progress>
  <Progress source="bmc" trueFor="49">
    <PropertyProgress name="__GUARANTEE1"/>
  </Progress>
  <Progress source="bmc" trueFor="50">
    <PropertyProgress name="__GUARANTEE1"/>
  </Progress>
  <Progress source="bmc" trueFor="51">
    <PropertyProgress name="__GUARANTEE1"/>
  </Progress>
  <Progress source="bmc" trueFor="52">
    <PropertyProgress name="__GUARANTEE1"/>
  </Progress>
  <Progress source="bmc" trueFor="53">
    <PropertyProgress name="__GUARANTEE1"/>
  </Progress>
  <Progress source="bmc" trueFor="54">
    <PropertyProgress name="__GUARANTEE1"/>
  </Progress>
  <Progress source="bmc" trueFor="55">
    <PropertyProgress name="__GUARANTEE1"/>
  </Progress>
  <Progress source="bmc" trueFor="56">
    <PropertyProgress name="__GUARANTEE1"/>
  </Progress>
  <Progress source="bmc" trueFor="57">
    <PropertyProgress name="__GUARANTEE1"/>
  </Progress>
  <Progress source="bmc" trueFor="58">
    <PropertyProgress name="__GUARANTEE1"/>
  </Progress>
  <Progress source="bmc" trueFor="59">
    <PropertyProgress name="__GUARANTEE1"/>
  </Progress>
  <Progress source="bmc" trueFor="60">
    <PropertyProgress name="__GUARANTEE1"/>
  </Progress>
  <Progress source="bmc" trueFor="61">
    <PropertyProgress name="__GUARANTEE1"/>
  </Progress>
  <Progress source="bmc" trueFor="62">
    <PropertyProgress name="__GUARANTEE1"/>
  </Progress>
  <Progress source="bmc" trueFor="63">
    <PropertyProgress name="__GUARANTEE1"/>
  </Progress>
  <Progress source="bmc" trueFor="64">
    <PropertyProgress name="__GUARANTEE1"/>
  </Progress>
  <Progress source="bmc" trueFor="65">
    <PropertyProgress name="__GUARANTEE1"/>
  </Progress>
  <Progress source="bmc" trueFor="66">
    <PropertyProgress name="__GUARANTEE1"/>
  </Progress>
  <Progress source="bmc" trueFor="67">
    <PropertyProgress name="__GUARANTEE1"/>
  </Progress>
  <Progress source="bmc" trueFor="68">
    <PropertyProgress name="__GUARANTEE1"/>
  </Progress>
  <Progress source="bmc" trueFor="69">
    <PropertyProgress name="__GUARANTEE1"/>
  </Progress>
  <Progress source="bmc" trueFor="70">
    <PropertyProgress name="__GUARANTEE1"/>
  </Progress>
  <Progress source="bmc" trueFor="71">
    <PropertyProgress name="__GUARANTEE1"/>
  </Progress>
  <Progress source="bmc" trueFor="72">
    <PropertyProgress name="__GUARANTEE1"/>
  </Progress>
  <Progress source="bmc" trueFor="73">
    <PropertyProgress name="__GUARANTEE1"/>
  </Progress>
  <Progress source="bmc" trueFor="74">
    <PropertyProgress name="__GUARANTEE1"/>
  </Progress>
  <Progress source="bmc" trueFor="75">
    <PropertyProgress name="__GUARANTEE1"/>
  </Progress>
  <Progress source="bmc" trueFor="76">
    <PropertyProgress name="__GUARANTEE1"/>
  </Progress>
  <Progress source="bmc" trueFor="77">
    <PropertyProgress name="__GUARANTEE1"/>
  </Progress>
  <Progress source="bmc" trueFor="78">
    <PropertyProgress name="__GUARANTEE1"/>
  </Progress>
  <Progress source="bmc" trueFor="79">
    <PropertyProgress name="__GUARANTEE1"/>
  </Progress>
  <Progress source="bmc" trueFor="80">
    <PropertyProgress name="__GUARANTEE1"/>
  </Progress>
  <Progress source="bmc" trueFor="81">
    <PropertyProgress name="__GUARANTEE1"/>
  </Progress>
  <Progress source="bmc" trueFor="82">
    <PropertyProgress name="__GUARANTEE1"/>
  </Progress>
  <Progress source="bmc" trueFor="83">
    <PropertyProgress name="__GUARANTEE1"/>
  </Progress>
  <Progress source="bmc" trueFor="84">
    <PropertyProgress name="__GUARANTEE1"/>
  </Progress>
  <Progress source="bmc" trueFor="85">
    <PropertyProgress name="__GUARANTEE1"/>
  </Progress>
  <Progress source="bmc" trueFor="86">
    <PropertyProgress name="__GUARANTEE1"/>
  </Progress>
  <Progress source="bmc" trueFor="87">
    <PropertyProgress name="__GUARANTEE1"/>
  </Progress>
  <Progress source="bmc" trueFor="88">
    <PropertyProgress name="__GUARANTEE1"/>
  </Progress>
  <Progress source="bmc" trueFor="89">
    <PropertyProgress name="__GUARANTEE1"/>
  </Progress>
  <Progress source="bmc" trueFor="90">
    <PropertyProgress name="__GUARANTEE1"/>
  </Progress>
  <Progress source="bmc" trueFor="91">
    <PropertyProgress name="__GUARANTEE1"/>
  </Progress>
  <Progress source="bmc" trueFor="92">
    <PropertyProgress name="__GUARANTEE1"/>
  </Progress>
  <Progress source="bmc" trueFor="93">
    <PropertyProgress name="__GUARANTEE1"/>
  </Progress>
  <Progress source="bmc" trueFor="94">
    <PropertyProgress name="__GUARANTEE1"/>
  </Progress>
  <Progress source="bmc" trueFor="95">
    <PropertyProgress name="__GUARANTEE1"/>
  </Progress>
  <Progress source="bmc" trueFor="96">
    <PropertyProgress name="__GUARANTEE1"/>
  </Progress>
  <Progress source="bmc" trueFor="97">
    <PropertyProgress name="__GUARANTEE1"/>
  </Progress>
  <Progress source="bmc" trueFor="98">
    <PropertyProgress name="__GUARANTEE1"/>
  </Progress>
  <Progress source="bmc" trueFor="99">
    <PropertyProgress name="__GUARANTEE1"/>
  </Progress>
  <Progress source="bmc" trueFor="100">
    <PropertyProgress name="__GUARANTEE1"/>
  </Progress>
  <Progress source="bmc" trueFor="101">
    <PropertyProgress name="__GUARANTEE1"/>
  </Progress>
  <Progress source="bmc" trueFor="102">
    <PropertyProgress name="__GUARANTEE1"/>
  </Progress>
  <Progress source="bmc" trueFor="103">
    <PropertyProgress name="__GUARANTEE1"/>
  </Progress>
  <Progress source="bmc" trueFor="104">
    <PropertyProgress name="__GUARANTEE1"/>
  </Progress>
  <Progress source="bmc" trueFor="105">
    <PropertyProgress name="__GUARANTEE1"/>
  </Progress>
  <Progress source="bmc" trueFor="106">
    <PropertyProgress name="__GUARANTEE1"/>
  </Progress>
  <Progress source="bmc" trueFor="107">
    <PropertyProgress name="__GUARANTEE1"/>
  </Progress>
  <Progress source="bmc" trueFor="108">
    <PropertyProgress name="__GUARANTEE1"/>
  </Progress>
  <Progress source="bmc" trueFor="109">
    <PropertyProgress name="__GUARANTEE1"/>
  </Progress>
  <Progress source="bmc" trueFor="110">
    <PropertyProgress name="__GUARANTEE1"/>
  </Progress>
  <Progress source="bmc" trueFor="111">
    <PropertyProgress name="__GUARANTEE1"/>
  </Progress>
  <Progress source="bmc" trueFor="112">
    <PropertyProgress name="__GUARANTEE1"/>
  </Progress>
  <Progress source="bmc" trueFor="113">
    <PropertyProgress name="__GUARANTEE1"/>
  </Progress>
  <Progress source="bmc" trueFor="114">
    <PropertyProgress name="__GUARANTEE1"/>
  </Progress>
  <Progress source="bmc" trueFor="115">
    <PropertyProgress name="__GUARANTEE1"/>
  </Progress>
  <Progress source="bmc" trueFor="116">
    <PropertyProgress name="__GUARANTEE1"/>
  </Progress>
  <Progress source="bmc" trueFor="117">
    <PropertyProgress name="__GUARANTEE1"/>
  </Progress>
  <Progress source="bmc" trueFor="118">
    <PropertyProgress name="__GUARANTEE1"/>
  </Progress>
  <Progress source="bmc" trueFor="119">
    <PropertyProgress name="__GUARANTEE1"/>
  </Progress>
  <Progress source="bmc" trueFor="120">
    <PropertyProgress name="__GUARANTEE1"/>
  </Progress>
  <Progress source="bmc" trueFor="121">
    <PropertyProgress name="__GUARANTEE1"/>
  </Progress>
  <Progress source="bmc" trueFor="122">
    <PropertyProgress name="__GUARANTEE1"/>
  </Progress>
  <Progress source="bmc" trueFor="123">
    <PropertyProgress name="__GUARANTEE1"/>
  </Progress>
  <Progress source="bmc" trueFor="124">
    <PropertyProgress name="__GUARANTEE1"/>
  </Progress>
  <Progress source="bmc" trueFor="125">
    <PropertyProgress name="__GUARANTEE1"/>
  </Progress>
  <Progress source="bmc" trueFor="126">
    <PropertyProgress name="__GUARANTEE1"/>
  </Progress>
  <Progress source="bmc" trueFor="127">
    <PropertyProgress name="__GUARANTEE1"/>
  </Progress>
  <Progress source="bmc" trueFor="128">
    <PropertyProgress name="__GUARANTEE1"/>
  </Progress>
  <Progress source="bmc" trueFor="129">
    <PropertyProgress name="__GUARANTEE1"/>
  </Progress>
  <Progress source="bmc" trueFor="130">
    <PropertyProgress name="__GUARANTEE1"/>
  </Progress>
  <Progress source="bmc" trueFor="131">
    <PropertyProgress name="__GUARANTEE1"/>
  </Progress>
  <Progress source="bmc" trueFor="132">
    <PropertyProgress name="__GUARANTEE1"/>
  </Progress>
  <Progress source="bmc" trueFor="133">
    <PropertyProgress name="__GUARANTEE1"/>
  </Progress>
  <Progress source="bmc" trueFor="134">
    <PropertyProgress name="__GUARANTEE1"/>
  </Progress>
  <Progress source="bmc" trueFor="135">
    <PropertyProgress name="__GUARANTEE1"/>
  </Progress>
  <Progress source="bmc" trueFor="136">
    <PropertyProgress name="__GUARANTEE1"/>
  </Progress>
  <Progress source="bmc" trueFor="137">
    <PropertyProgress name="__GUARANTEE1"/>
  </Progress>
  <Progress source="bmc" trueFor="138">
    <PropertyProgress name="__GUARANTEE1"/>
  </Progress>
  <Progress source="bmc" trueFor="139">
    <PropertyProgress name="__GUARANTEE1"/>
  </Progress>
  <Progress source="bmc" trueFor="140">
    <PropertyProgress name="__GUARANTEE1"/>
  </Progress>
  <Progress source="bmc" trueFor="141">
    <PropertyProgress name="__GUARANTEE1"/>
  </Progress>
  <Progress source="bmc" trueFor="142">
    <PropertyProgress name="__GUARANTEE1"/>
  </Progress>
  <Progress source="bmc" trueFor="143">
    <PropertyProgress name="__GUARANTEE1"/>
  </Progress>
  <Progress source="bmc" trueFor="144">
    <PropertyProgress name="__GUARANTEE1"/>
  </Progress>
  <Progress source="bmc" trueFor="145">
    <PropertyProgress name="__GUARANTEE1"/>
  </Progress>
  <Progress source="bmc" trueFor="146">
    <PropertyProgress name="__GUARANTEE1"/>
  </Progress>
  <Progress source="bmc" trueFor="147">
    <PropertyProgress name="__GUARANTEE1"/>
  </Progress>
  <Progress source="bmc" trueFor="148">
    <PropertyProgress name="__GUARANTEE1"/>
  </Progress>
  <Progress source="bmc" trueFor="149">
    <PropertyProgress name="__GUARANTEE1"/>
  </Progress>
  <Progress source="bmc" trueFor="150">
    <PropertyProgress name="__GUARANTEE1"/>
  </Progress>
  <Progress source="bmc" trueFor="151">
    <PropertyProgress name="__GUARANTEE1"/>
  </Progress>
  <Progress source="bmc" trueFor="152">
    <PropertyProgress name="__GUARANTEE1"/>
  </Progress>
  <Progress source="bmc" trueFor="153">
    <PropertyProgress name="__GUARANTEE1"/>
  </Progress>
  <Progress source="bmc" trueFor="154">
    <PropertyProgress name="__GUARANTEE1"/>
  </Progress>
  <Progress source="bmc" trueFor="155">
    <PropertyProgress name="__GUARANTEE1"/>
  </Progress>
  <Progress source="bmc" trueFor="156">
    <PropertyProgress name="__GUARANTEE1"/>
  </Progress>
  <Progress source="bmc" trueFor="157">
    <PropertyProgress name="__GUARANTEE1"/>
  </Progress>
  <Progress source="bmc" trueFor="158">
    <PropertyProgress name="__GUARANTEE1"/>
  </Progress>
  <Progress source="bmc" trueFor="159">
    <PropertyProgress name="__GUARANTEE1"/>
  </Progress>
  <Progress source="bmc" trueFor="160">
    <PropertyProgress name="__GUARANTEE1"/>
  </Progress>
  <Progress source="bmc" trueFor="161">
    <PropertyProgress name="__GUARANTEE1"/>
  </Progress>
  <Progress source="bmc" trueFor="162">
    <PropertyProgress name="__GUARANTEE1"/>
  </Progress>
  <Progress source="bmc" trueFor="163">
    <PropertyProgress name="__GUARANTEE1"/>
  </Progress>
  <Progress source="bmc" trueFor="164">
    <PropertyProgress name="__GUARANTEE1"/>
  </Progress>
  <Progress source="bmc" trueFor="165">
    <PropertyProgress name="__GUARANTEE1"/>
  </Progress>
  <Progress source="bmc" trueFor="166">
    <PropertyProgress name="__GUARANTEE1"/>
  </Progress>
  <Progress source="bmc" trueFor="167">
    <PropertyProgress name="__GUARANTEE1"/>
  </Progress>
  <Progress source="bmc" trueFor="168">
    <PropertyProgress name="__GUARANTEE1"/>
  </Progress>
  <Progress source="bmc" trueFor="169">
    <PropertyProgress name="__GUARANTEE1"/>
  </Progress>
  <Progress source="bmc" trueFor="170">
    <PropertyProgress name="__GUARANTEE1"/>
  </Progress>
  <Progress source="bmc" trueFor="171">
    <PropertyProgress name="__GUARANTEE1"/>
  </Progress>
  <Progress source="bmc" trueFor="172">
    <PropertyProgress name="__GUARANTEE1"/>
  </Progress>
  <Progress source="bmc" trueFor="173">
    <PropertyProgress name="__GUARANTEE1"/>
  </Progress>
  <Progress source="bmc" trueFor="174">
    <PropertyProgress name="__GUARANTEE1"/>
  </Progress>
  <Progress source="bmc" trueFor="175">
    <PropertyProgress name="__GUARANTEE1"/>
  </Progress>
  <Progress source="bmc" trueFor="176">
    <PropertyProgress name="__GUARANTEE1"/>
  </Progress>
  <Progress source="bmc" trueFor="177">
    <PropertyProgress name="__GUARANTEE1"/>
  </Progress>
  <Progress source="bmc" trueFor="178">
    <PropertyProgress name="__GUARANTEE1"/>
  </Progress>
  <Progress source="bmc" trueFor="179">
    <PropertyProgress name="__GUARANTEE1"/>
  </Progress>
  <Progress source="bmc" trueFor="180">
    <PropertyProgress name="__GUARANTEE1"/>
  </Progress>
  <Progress source="bmc" trueFor="181">
    <PropertyProgress name="__GUARANTEE1"/>
  </Progress>
  <Progress source="bmc" trueFor="182">
    <PropertyProgress name="__GUARANTEE1"/>
  </Progress>
  <Progress source="bmc" trueFor="183">
    <PropertyProgress name="__GUARANTEE1"/>
  </Progress>
  <Progress source="bmc" trueFor="184">
    <PropertyProgress name="__GUARANTEE1"/>
  </Progress>
  <Progress source="bmc" trueFor="185">
    <PropertyProgress name="__GUARANTEE1"/>
  </Progress>
  <Progress source="bmc" trueFor="186">
    <PropertyProgress name="__GUARANTEE1"/>
  </Progress>
  <Progress source="bmc" trueFor="187">
    <PropertyProgress name="__GUARANTEE1"/>
  </Progress>
  <Progress source="bmc" trueFor="188">
    <PropertyProgress name="__GUARANTEE1"/>
  </Progress>
  <Progress source="bmc" trueFor="189">
    <PropertyProgress name="__GUARANTEE1"/>
  </Progress>
  <Progress source="bmc" trueFor="190">
    <PropertyProgress name="__GUARANTEE1"/>
  </Progress>
  <Progress source="bmc" trueFor="191">
    <PropertyProgress name="__GUARANTEE1"/>
  </Progress>
  <Progress source="bmc" trueFor="192">
    <PropertyProgress name="__GUARANTEE1"/>
  </Progress>
  <Progress source="bmc" trueFor="193">
    <PropertyProgress name="__GUARANTEE1"/>
  </Progress>
  <Progress source="bmc" trueFor="194">
    <PropertyProgress name="__GUARANTEE1"/>
  </Progress>
  <Progress source="bmc" trueFor="195">
    <PropertyProgress name="__GUARANTEE1"/>
  </Progress>
  <Progress source="bmc" trueFor="196">
    <PropertyProgress name="__GUARANTEE1"/>
  </Progress>
  <Progress source="bmc" trueFor="197">
    <PropertyProgress name="__GUARANTEE1"/>
  </Progress>
  <Progress source="bmc" trueFor="198">
    <PropertyProgress name="__GUARANTEE1"/>
  </Progress>
  <Progress source="bmc" trueFor="199">
    <PropertyProgress name="__GUARANTEE1"/>
  </Progress>
  <Progress source="bmc" trueFor="200">
    <PropertyProgress name="__GUARANTEE1"/>
  </Progress>
  <Progress source="bmc" trueFor="201">
    <PropertyProgress name="__GUARANTEE1"/>
  </Progress>
  <Progress source="bmc" trueFor="202">
    <PropertyProgress name="__GUARANTEE1"/>
  </Progress>
  <Progress source="bmc" trueFor="203">
    <PropertyProgress name="__GUARANTEE1"/>
  </Progress>
  <Progress source="bmc" trueFor="204">
    <PropertyProgress name="__GUARANTEE1"/>
  </Progress>
  <Progress source="bmc" trueFor="205">
    <PropertyProgress name="__GUARANTEE1"/>
  </Progress>
  <Progress source="bmc" trueFor="206">
    <PropertyProgress name="__GUARANTEE1"/>
  </Progress>
  <Progress source="bmc" trueFor="207">
    <PropertyProgress name="__GUARANTEE1"/>
  </Progress>
  <Progress source="bmc" trueFor="208">
    <PropertyProgress name="__GUARANTEE1"/>
  </Progress>
  <Progress source="bmc" trueFor="209">
    <PropertyProgress name="__GUARANTEE1"/>
  </Progress>
  <Progress source="bmc" trueFor="210">
    <PropertyProgress name="__GUARANTEE1"/>
  </Progress>
  <Progress source="bmc" trueFor="211">
    <PropertyProgress name="__GUARANTEE1"/>
  </Progress>
  <Progress source="bmc" trueFor="212">
    <PropertyProgress name="__GUARANTEE1"/>
  </Progress>
  <Progress source="bmc" trueFor="213">
    <PropertyProgress name="__GUARANTEE1"/>
  </Progress>
  <Progress source="bmc" trueFor="214">
    <PropertyProgress name="__GUARANTEE1"/>
  </Progress>
  <Progress source="bmc" trueFor="215">
    <PropertyProgress name="__GUARANTEE1"/>
  </Progress>
  <Progress source="bmc" trueFor="216">
    <PropertyProgress name="__GUARANTEE1"/>
  </Progress>
  <Progress source="bmc" trueFor="217">
    <PropertyProgress name="__GUARANTEE1"/>
  </Progress>
  <Progress source="bmc" trueFor="218">
    <PropertyProgress name="__GUARANTEE1"/>
  </Progress>
  <Progress source="bmc" trueFor="219">
    <PropertyProgress name="__GUARANTEE1"/>
  </Progress>
  <Progress source="bmc" trueFor="220">
    <PropertyProgress name="__GUARANTEE1"/>
  </Progress>
  <Progress source="bmc" trueFor="221">
    <PropertyProgress name="__GUARANTEE1"/>
  </Progress>
  <Progress source="bmc" trueFor="222">
    <PropertyProgress name="__GUARANTEE1"/>
  </Progress>
  <Progress source="bmc" trueFor="223">
    <PropertyProgress name="__GUARANTEE1"/>
  </Progress>
  <Progress source="bmc" trueFor="224">
    <PropertyProgress name="__GUARANTEE1"/>
  </Progress>
  <Progress source="bmc" trueFor="225">
    <PropertyProgress name="__GUARANTEE1"/>
  </Progress>
  <Progress source="bmc" trueFor="226">
    <PropertyProgress name="__GUARANTEE1"/>
  </Progress>
  <Progress source="bmc" trueFor="227">
    <PropertyProgress name="__GUARANTEE1"/>
  </Progress>
  <Progress source="bmc" trueFor="228">
    <PropertyProgress name="__GUARANTEE1"/>
  </Progress>
  <Progress source="bmc" trueFor="229">
    <PropertyProgress name="__GUARANTEE1"/>
  </Progress>
  <Progress source="bmc" trueFor="230">
    <PropertyProgress name="__GUARANTEE1"/>
  </Progress>
  <Progress source="bmc" trueFor="231">
    <PropertyProgress name="__GUARANTEE1"/>
  </Progress>
  <Progress source="bmc" trueFor="232">
    <PropertyProgress name="__GUARANTEE1"/>
  </Progress>
  <Progress source="bmc" trueFor="233">
    <PropertyProgress name="__GUARANTEE1"/>
  </Progress>
  <Progress source="bmc" trueFor="234">
    <PropertyProgress name="__GUARANTEE1"/>
  </Progress>
  <Progress source="bmc" trueFor="235">
    <PropertyProgress name="__GUARANTEE1"/>
  </Progress>
  <Progress source="bmc" trueFor="236">
    <PropertyProgress name="__GUARANTEE1"/>
  </Progress>
  <Progress source="bmc" trueFor="237">
    <PropertyProgress name="__GUARANTEE1"/>
  </Progress>
  <Progress source="bmc" trueFor="238">
    <PropertyProgress name="__GUARANTEE1"/>
  </Progress>
  <Progress source="bmc" trueFor="239">
    <PropertyProgress name="__GUARANTEE1"/>
  </Progress>
  <Progress source="bmc" trueFor="240">
    <PropertyProgress name="__GUARANTEE1"/>
  </Progress>
  <Progress source="bmc" trueFor="241">
    <PropertyProgress name="__GUARANTEE1"/>
  </Progress>
  <Progress source="bmc" trueFor="242">
    <PropertyProgress name="__GUARANTEE1"/>
  </Progress>
  <Progress source="bmc" trueFor="243">
    <PropertyProgress name="__GUARANTEE1"/>
  </Progress>
  <Progress source="bmc" trueFor="244">
    <PropertyProgress name="__GUARANTEE1"/>
  </Progress>
  <Progress source="bmc" trueFor="245">
    <PropertyProgress name="__GUARANTEE1"/>
  </Progress>
  <Progress source="bmc" trueFor="246">
    <PropertyProgress name="__GUARANTEE1"/>
  </Progress>
  <Progress source="bmc" trueFor="247">
    <PropertyProgress name="__GUARANTEE1"/>
  </Progress>
  <Progress source="bmc" trueFor="248">
    <PropertyProgress name="__GUARANTEE1"/>
  </Progress>
  <Progress source="bmc" trueFor="249">
    <PropertyProgress name="__GUARANTEE1"/>
  </Progress>
  <Progress source="bmc" trueFor="250">
    <PropertyProgress name="__GUARANTEE1"/>
  </Progress>
  <Progress source="bmc" trueFor="251">
    <PropertyProgress name="__GUARANTEE1"/>
  </Progress>
  <Progress source="bmc" trueFor="252">
    <PropertyProgress name="__GUARANTEE1"/>
  </Progress>
  <Progress source="bmc" trueFor="253">
    <PropertyProgress name="__GUARANTEE1"/>
  </Progress>
  <Progress source="bmc" trueFor="254">
    <PropertyProgress name="__GUARANTEE1"/>
  </Progress>
  <Progress source="bmc" trueFor="255">
    <PropertyProgress name="__GUARANTEE1"/>
  </Progress>
  <Progress source="bmc" trueFor="256">
    <PropertyProgress name="__GUARANTEE1"/>
  </Progress>
  <Progress source="bmc" trueFor="257">
    <PropertyProgress name="__GUARANTEE1"/>
  </Progress>
  <Progress source="bmc" trueFor="258">
    <PropertyProgress name="__GUARANTEE1"/>
  </Progress>
  <Progress source="bmc" trueFor="259">
    <PropertyProgress name="__GUARANTEE1"/>
  </Progress>
  <Progress source="bmc" trueFor="260">
    <PropertyProgress name="__GUARANTEE1"/>
  </Progress>
  <Progress source="bmc" trueFor="261">
    <PropertyProgress name="__GUARANTEE1"/>
  </Progress>
  <Progress source="bmc" trueFor="262">
    <PropertyProgress name="__GUARANTEE1"/>
  </Progress>
  <Progress source="bmc" trueFor="263">
    <PropertyProgress name="__GUARANTEE1"/>
  </Progress>
  <Progress source="bmc" trueFor="264">
    <PropertyProgress name="__GUARANTEE1"/>
  </Progress>
  <Progress source="bmc" trueFor="265">
    <PropertyProgress name="__GUARANTEE1"/>
  </Progress>
  <Progress source="bmc" trueFor="266">
    <PropertyProgress name="__GUARANTEE1"/>
  </Progress>
  <Progress source="bmc" trueFor="267">
    <PropertyProgress name="__GUARANTEE1"/>
  </Progress>
  <Progress source="bmc" trueFor="268">
    <PropertyProgress name="__GUARANTEE1"/>
  </Progress>
  <Progress source="bmc" trueFor="269">
    <PropertyProgress name="__GUARANTEE1"/>
  </Progress>
  <Progress source="bmc" trueFor="270">
    <PropertyProgress name="__GUARANTEE1"/>
  </Progress>
  <Progress source="bmc" trueFor="271">
    <PropertyProgress name="__GUARANTEE1"/>
  </Progress>
  <Progress source="bmc" trueFor="272">
    <PropertyProgress name="__GUARANTEE1"/>
  </Progress>
  <Progress source="bmc" trueFor="273">
    <PropertyProgress name="__GUARANTEE1"/>
  </Progress>
  <Progress source="bmc" trueFor="274">
    <PropertyProgress name="__GUARANTEE1"/>
  </Progress>
  <Progress source="bmc" trueFor="275">
    <PropertyProgress name="__GUARANTEE1"/>
  </Progress>
  <Progress source="bmc" trueFor="276">
    <PropertyProgress name="__GUARANTEE1"/>
  </Progress>
  <Progress source="bmc" trueFor="277">
    <PropertyProgress name="__GUARANTEE1"/>
  </Progress>
  <Progress source="bmc" trueFor="278">
    <PropertyProgress name="__GUARANTEE1"/>
  </Progress>
  <Progress source="bmc" trueFor="279">
    <PropertyProgress name="__GUARANTEE1"/>
  </Progress>
  <Progress source="bmc" trueFor="280">
    <PropertyProgress name="__GUARANTEE1"/>
  </Progress>
  <Progress source="bmc" trueFor="281">
    <PropertyProgress name="__GUARANTEE1"/>
  </Progress>
  <Progress source="bmc" trueFor="282">
    <PropertyProgress name="__GUARANTEE1"/>
  </Progress>
  <Progress source="bmc" trueFor="283">
    <PropertyProgress name="__GUARANTEE1"/>
  </Progress>
  <Progress source="bmc" trueFor="284">
    <PropertyProgress name="__GUARANTEE1"/>
  </Progress>
  <Progress source="bmc" trueFor="285">
    <PropertyProgress name="__GUARANTEE1"/>
  </Progress>
  <Progress source="bmc" trueFor="286">
    <PropertyProgress name="__GUARANTEE1"/>
  </Progress>
  <Progress source="bmc" trueFor="287">
    <PropertyProgress name="__GUARANTEE1"/>
  </Progress>
  <Progress source="bmc" trueFor="288">
    <PropertyProgress name="__GUARANTEE1"/>
  </Progress>
  <Progress source="bmc" trueFor="289">
    <PropertyProgress name="__GUARANTEE1"/>
  </Progress>
  <Progress source="bmc" trueFor="290">
    <PropertyProgress name="__GUARANTEE1"/>
  </Progress>
  <Progress source="bmc" trueFor="291">
    <PropertyProgress name="__GUARANTEE1"/>
  </Progress>
  <Progress source="bmc" trueFor="292">
    <PropertyProgress name="__GUARANTEE1"/>
  </Progress>
  <Progress source="bmc" trueFor="293">
    <PropertyProgress name="__GUARANTEE1"/>
  </Progress>
  <Progress source="bmc" trueFor="294">
    <PropertyProgress name="__GUARANTEE1"/>
  </Progress>
  <Progress source="bmc" trueFor="295">
    <PropertyProgress name="__GUARANTEE1"/>
  </Progress>
  <Progress source="bmc" trueFor="296">
    <PropertyProgress name="__GUARANTEE1"/>
  </Progress>
  <Progress source="bmc" trueFor="297">
    <PropertyProgress name="__GUARANTEE1"/>
  </Progress>
  <Progress source="bmc" trueFor="298">
    <PropertyProgress name="__GUARANTEE1"/>
  </Progress>
  <Progress source="bmc" trueFor="299">
    <PropertyProgress name="__GUARANTEE1"/>
  </Progress>
  <Progress source="bmc" trueFor="300">
    <PropertyProgress name="__GUARANTEE1"/>
  </Progress>
  <Progress source="bmc" trueFor="301">
    <PropertyProgress name="__GUARANTEE1"/>
  </Progress>
  <Progress source="bmc" trueFor="302">
    <PropertyProgress name="__GUARANTEE1"/>
  </Progress>
  <Progress source="bmc" trueFor="303">
    <PropertyProgress name="__GUARANTEE1"/>
  </Progress>
  <Progress source="bmc" trueFor="304">
    <PropertyProgress name="__GUARANTEE1"/>
  </Progress>
  <Progress source="bmc" trueFor="305">
    <PropertyProgress name="__GUARANTEE1"/>
  </Progress>
  <Progress source="bmc" trueFor="306">
    <PropertyProgress name="__GUARANTEE1"/>
  </Progress>
  <Progress source="bmc" trueFor="307">
    <PropertyProgress name="__GUARANTEE1"/>
  </Progress>
  <Progress source="bmc" trueFor="308">
    <PropertyProgress name="__GUARANTEE1"/>
  </Progress>
  <Progress source="bmc" trueFor="309">
    <PropertyProgress name="__GUARANTEE1"/>
  </Progress>
  <Progress source="bmc" trueFor="310">
    <PropertyProgress name="__GUARANTEE1"/>
  </Progress>
  <Progress source="bmc" trueFor="311">
    <PropertyProgress name="__GUARANTEE1"/>
  </Progress>
  <Progress source="bmc" trueFor="312">
    <PropertyProgress name="__GUARANTEE1"/>
  </Progress>
  <Progress source="bmc" trueFor="313">
    <PropertyProgress name="__GUARANTEE1"/>
  </Progress>
  <Progress source="bmc" trueFor="314">
    <PropertyProgress name="__GUARANTEE1"/>
  </Progress>
  <Progress source="bmc" trueFor="315">
    <PropertyProgress name="__GUARANTEE1"/>
  </Progress>
  <Progress source="bmc" trueFor="316">
    <PropertyProgress name="__GUARANTEE1"/>
  </Progress>
  <Progress source="bmc" trueFor="317">
    <PropertyProgress name="__GUARANTEE1"/>
  </Progress>
  <Progress source="bmc" trueFor="318">
    <PropertyProgress name="__GUARANTEE1"/>
  </Progress>
  <Progress source="bmc" trueFor="319">
    <PropertyProgress name="__GUARANTEE1"/>
  </Progress>
  <Progress source="bmc" trueFor="320">
    <PropertyProgress name="__GUARANTEE1"/>
  </Progress>
  <Progress source="bmc" trueFor="321">
    <PropertyProgress name="__GUARANTEE1"/>
  </Progress>
  <Progress source="bmc" trueFor="322">
    <PropertyProgress name="__GUARANTEE1"/>
  </Progress>
  <Progress source="bmc" trueFor="323">
    <PropertyProgress name="__GUARANTEE1"/>
  </Progress>
  <Progress source="bmc" trueFor="324">
    <PropertyProgress name="__GUARANTEE1"/>
  </Progress>
  <Progress source="bmc" trueFor="325">
    <PropertyProgress name="__GUARANTEE1"/>
  </Progress>
  <Progress source="bmc" trueFor="326">
    <PropertyProgress name="__GUARANTEE1"/>
  </Progress>
  <Progress source="bmc" trueFor="327">
    <PropertyProgress name="__GUARANTEE1"/>
  </Progress>
  <Progress source="bmc" trueFor="328">
    <PropertyProgress name="__GUARANTEE1"/>
  </Progress>
  <Progress source="bmc" trueFor="329">
    <PropertyProgress name="__GUARANTEE1"/>
  </Progress>
  <Progress source="bmc" trueFor="330">
    <PropertyProgress name="__GUARANTEE1"/>
  </Progress>
  <Progress source="bmc" trueFor="331">
    <PropertyProgress name="__GUARANTEE1"/>
  </Progress>
  <Progress source="bmc" trueFor="332">
    <PropertyProgress name="__GUARANTEE1"/>
  </Progress>
  <Progress source="bmc" trueFor="333">
    <PropertyProgress name="__GUARANTEE1"/>
  </Progress>
  <Progress source="bmc" trueFor="334">
    <PropertyProgress name="__GUARANTEE1"/>
  </Progress>
  <Progress source="bmc" trueFor="335">
    <PropertyProgress name="__GUARANTEE1"/>
  </Progress>
  <Progress source="bmc" trueFor="336">
    <PropertyProgress name="__GUARANTEE1"/>
  </Progress>
  <Progress source="bmc" trueFor="337">
    <PropertyProgress name="__GUARANTEE1"/>
  </Progress>
  <Progress source="bmc" trueFor="338">
    <PropertyProgress name="__GUARANTEE1"/>
  </Progress>
  <Progress source="bmc" trueFor="339">
    <PropertyProgress name="__GUARANTEE1"/>
  </Progress>
  <Progress source="bmc" trueFor="340">
    <PropertyProgress name="__GUARANTEE1"/>
  </Progress>
  <Progress source="bmc" trueFor="341">
    <PropertyProgress name="__GUARANTEE1"/>
  </Progress>
  <Progress source="bmc" trueFor="342">
    <PropertyProgress name="__GUARANTEE1"/>
  </Progress>
  <Progress source="bmc" trueFor="343">
    <PropertyProgress name="__GUARANTEE1"/>
  </Progress>
  <Progress source="bmc" trueFor="344">
    <PropertyProgress name="__GUARANTEE1"/>
  </Progress>
  <Progress source="bmc" trueFor="345">
    <PropertyProgress name="__GUARANTEE1"/>
  </Progress>
  <Progress source="bmc" trueFor="346">
    <PropertyProgress name="__GUARANTEE1"/>
  </Progress>
  <Progress source="bmc" trueFor="347">
    <PropertyProgress name="__GUARANTEE1"/>
  </Progress>
  <Progress source="bmc" trueFor="348">
    <PropertyProgress name="__GUARANTEE1"/>
  </Progress>
  <Progress source="bmc" trueFor="349">
    <PropertyProgress name="__GUARANTEE1"/>
  </Progress>
  <Progress source="bmc" trueFor="350">
    <PropertyProgress name="__GUARANTEE1"/>
  </Progress>
  <Progress source="bmc" trueFor="351">
    <PropertyProgress name="__GUARANTEE1"/>
  </Progress>
  <Progress source="bmc" trueFor="352">
    <PropertyProgress name="__GUARANTEE1"/>
  </Progress>
  <Progress source="bmc" trueFor="353">
    <PropertyProgress name="__GUARANTEE1"/>
  </Progress>
  <Progress source="bmc" trueFor="354">
    <PropertyProgress name="__GUARANTEE1"/>
  </Progress>
  <Progress source="bmc" trueFor="355">
    <PropertyProgress name="__GUARANTEE1"/>
  </Progress>
  <Progress source="bmc" trueFor="356">
    <PropertyProgress name="__GUARANTEE1"/>
  </Progress>
  <Progress source="bmc" trueFor="357">
    <PropertyProgress name="__GUARANTEE1"/>
  </Progress>
  <Progress source="bmc" trueFor="358">
    <PropertyProgress name="__GUARANTEE1"/>
  </Progress>
  <Progress source="bmc" trueFor="359">
    <PropertyProgress name="__GUARANTEE1"/>
  </Progress>
  <Progress source="bmc" trueFor="360">
    <PropertyProgress name="__GUARANTEE1"/>
  </Progress>
  <Progress source="bmc" trueFor="361">
    <PropertyProgress name="__GUARANTEE1"/>
  </Progress>
  <Progress source="bmc" trueFor="362">
    <PropertyProgress name="__GUARANTEE1"/>
  </Progress>
  <Progress source="bmc" trueFor="363">
    <PropertyProgress name="__GUARANTEE1"/>
  </Progress>
  <Progress source="bmc" trueFor="364">
    <PropertyProgress name="__GUARANTEE1"/>
  </Progress>
  <Progress source="bmc" trueFor="365">
    <PropertyProgress name="__GUARANTEE1"/>
  </Progress>
  <Progress source="bmc" trueFor="366">
    <PropertyProgress name="__GUARANTEE1"/>
  </Progress>
  <Progress source="bmc" trueFor="367">
    <PropertyProgress name="__GUARANTEE1"/>
  </Progress>
  <Progress source="bmc" trueFor="368">
    <PropertyProgress name="__GUARANTEE1"/>
  </Progress>
  <Progress source="bmc" trueFor="369">
    <PropertyProgress name="__GUARANTEE1"/>
  </Progress>
  <Progress source="bmc" trueFor="370">
    <PropertyProgress name="__GUARANTEE1"/>
  </Progress>
  <Progress source="bmc" trueFor="371">
    <PropertyProgress name="__GUARANTEE1"/>
  </Progress>
  <Progress source="bmc" trueFor="372">
    <PropertyProgress name="__GUARANTEE1"/>
  </Progress>
  <Progress source="bmc" trueFor="373">
    <PropertyProgress name="__GUARANTEE1"/>
  </Progress>
  <Progress source="bmc" trueFor="374">
    <PropertyProgress name="__GUARANTEE1"/>
  </Progress>
  <Progress source="bmc" trueFor="375">
    <PropertyProgress name="__GUARANTEE1"/>
  </Progress>
  <Progress source="bmc" trueFor="376">
    <PropertyProgress name="__GUARANTEE1"/>
  </Progress>
  <Progress source="bmc" trueFor="377">
    <PropertyProgress name="__GUARANTEE1"/>
  </Progress>
  <Progress source="bmc" trueFor="378">
    <PropertyProgress name="__GUARANTEE1"/>
  </Progress>
  <Progress source="bmc" trueFor="379">
    <PropertyProgress name="__GUARANTEE1"/>
  </Progress>
  <Progress source="bmc" trueFor="380">
    <PropertyProgress name="__GUARANTEE1"/>
  </Progress>
  <Progress source="bmc" trueFor="381">
    <PropertyProgress name="__GUARANTEE1"/>
  </Progress>
  <Progress source="bmc" trueFor="382">
    <PropertyProgress name="__GUARANTEE1"/>
  </Progress>
  <Progress source="bmc" trueFor="383">
    <PropertyProgress name="__GUARANTEE1"/>
  </Progress>
  <Progress source="bmc" trueFor="384">
    <PropertyProgress name="__GUARANTEE1"/>
  </Progress>
  <Progress source="bmc" trueFor="385">
    <PropertyProgress name="__GUARANTEE1"/>
  </Progress>
  <Progress source="bmc" trueFor="386">
    <PropertyProgress name="__GUARANTEE1"/>
  </Progress>
  <Progress source="bmc" trueFor="387">
    <PropertyProgress name="__GUARANTEE1"/>
  </Progress>
  <Progress source="bmc" trueFor="388">
    <PropertyProgress name="__GUARANTEE1"/>
  </Progress>
  <Progress source="bmc" trueFor="389">
    <PropertyProgress name="__GUARANTEE1"/>
  </Progress>
  <Progress source="bmc" trueFor="390">
    <PropertyProgress name="__GUARANTEE1"/>
  </Progress>
  <Progress source="bmc" trueFor="391">
    <PropertyProgress name="__GUARANTEE1"/>
  </Progress>
  <Progress source="bmc" trueFor="392">
    <PropertyProgress name="__GUARANTEE1"/>
  </Progress>
  <Progress source="bmc" trueFor="393">
    <PropertyProgress name="__GUARANTEE1"/>
  </Progress>
  <Property name="__GUARANTEE1">
    <Runtime unit="sec">700.011</Runtime>
    <Answer>unknown</Answer>
    <TrueFor>393</TrueFor>
  </Property>
</Results>
