<?xml version="1.0"?>
<Results xmlns:xsi="http://www.w3.org/2001/XMLSchema-instance">
  <Property name="__GUARANTEE1">
    <Runtime unit="sec">2.021</Runtime>
    <SupportRuntime unit="sec">0.092</SupportRuntime>
    <Answer source="pdr">valid</Answer>
    <K>1</K>
    <Invariant>__GUARANTEE1</Invariant>
    <Invariant>(((((((((((right_eq + (-9)) = 0) or ((right_eq + (-3)) = 0)) or ((right_eq + (-6)) = 0)) or ((right_eq + (-7)) = 0)) or ((right_eq + (-2)) = 0)) or ((right_eq + (-4)) = 0)) or ((right_eq + (-1)) = 0)) or ((right_eq + (-8)) = 0)) or (0 = Microwave_SEng5861__Display_Control__Impl__update_digit~0.digit)) or (5 = right_eq))</Invariant>
    <Support>Microwave_SEng5861__Display_Control__Impl__update_digit~0.prev_right</Support>
    <Support>Microwave_SEng5861__Display_Control__Impl__update_digit~1.carry_value</Support>
    <Support>__GUARANTEE1</Support>
    <Support>Microwave_SEng5861__Display_Control__Impl__update_digit~0.carry_value</Support>
    <Support>Microwave_SEng5861__Display_Control__Impl__update_digit~1.digit</Support>
    <Support>Microwave_SEng5861__Display_Control__Impl__update_digit~1.prev_right</Support>
    <Support>Microwave_SEng5861__Display_Control__Impl__update_digit~0.digit</Support>
  </Property>
</Results>
