<?xml version="1.0"?>
<Results xmlns:xsi="http://www.w3.org/2001/XMLSchema-instance">
   <UCRuntime unit="sec">0.036</UCRuntime>
   <Timeout unit="sec">80.951</Timeout>
   <Prooftime unit="sec">2.957</Prooftime>
   <Runtime unit="sec">2.993</Runtime>
   <IVC>OK</IVC>
   <IVC>V24_toofast</IVC>
   <IVC>V25_stop</IVC>
   <IVC>V26_bump</IVC>
   <IVC>V27_dist</IVC>
   <IVC>V28_speed</IVC>
   <IVC>V29_time</IVC>
   <IVC>V30_move</IVC>
   <IVC>V31_second</IVC>
   <IVC>V32_meter</IVC>
</Results>
