<?xml version="1.0"?>
<Results xmlns:xsi="http://www.w3.org/2001/XMLSchema-instance">
   <UCRuntime unit="sec">0.034</UCRuntime>
   <Timeout unit="sec">73.86</Timeout>
   <Prooftime unit="sec">1.946</Prooftime>
   <Runtime unit="sec">1.98</Runtime>
   <IVC>Microwave_SEng5861__Display_Control__Impl__update_digit.carry_value</IVC>
   <IVC>Microwave_SEng5861__Display_Control__Impl__update_digit.digit</IVC>
   <IVC>Microwave_SEng5861__Display_Control__Impl__update_digit.prev_right</IVC>
   <IVC>__GUARANTEE1</IVC>
</Results>
