<?xml version="1.0"?>
<Results xmlns:xsi="http://www.w3.org/2001/XMLSchema-instance">
   <UCRuntime unit="sec">0.037</UCRuntime>
   <Timeout unit="sec">63.087</Timeout>
   <Prooftime unit="sec">0.404</Prooftime>
   <Runtime unit="sec">0.441</Runtime>
   <IVC>Microwave_SEng5861__Display_Control__Impl__update_digit.carry_in</IVC>
   <IVC>Microwave_SEng5861__Display_Control__Impl__update_digit.carry_out</IVC>
   <IVC>Microwave_SEng5861__Display_Control__Impl__update_digit.carry_value</IVC>
   <IVC>Microwave_SEng5861__Display_Control__Impl__update_digit.defs__is_cooking._outvar</IVC>
   <IVC>Microwave_SEng5861__Display_Control__Impl__update_digit.defs__is_cooking.m</IVC>
   <IVC>Microwave_SEng5861__Display_Control__Impl__update_digit.digit</IVC>
   <IVC>Microwave_SEng5861__Display_Control__Impl__update_digit.mode</IVC>
   <IVC>Microwave_SEng5861__Display_Control__Impl__update_digit.prev_at_zero</IVC>
   <IVC>__GUARANTEE7</IVC>
   <IVC>defs__is_cooking._outvar</IVC>
   <IVC>defs__is_cooking.m</IVC>
</Results>
