<?xml version="1.0"?>
<Results xmlns:xsi="http://www.w3.org/2001/XMLSchema-instance">
   <UCRuntime unit="sec">0.052</UCRuntime>
   <Timeout unit="sec">64.627</Timeout>
   <Prooftime unit="sec">0.609</Prooftime>
   <Runtime unit="sec">0.661</Runtime>
   <IVC>Microwave_SEng5861__Display_Control__Impl__update_digit.carry_value</IVC>
   <IVC>Microwave_SEng5861__Display_Control__Impl__update_digit.digit</IVC>
   <IVC>Microwave_SEng5861__Display_Control__Impl__update_digit.prev_right</IVC>
   <IVC>__GUARANTEE2</IVC>
</Results>
