<?xml version="1.0"?>
<Results xmlns:xsi="http://www.w3.org/2001/XMLSchema-instance">
   <UCRuntime unit="sec">0.016</UCRuntime>
   <Timeout unit="sec">64.487</Timeout>
   <Prooftime unit="sec">0.625</Prooftime>
   <Runtime unit="sec">0.641</Runtime>
   <IVC>_TOP__DC.__ASSERT</IVC>
   <IVC>_TOP__DC.__ASSUME__CONJ</IVC>
   <IVC>_TOP__DC.__ASSUME__HIST</IVC>
   <IVC>_TOP__DC.seconds_to_cook</IVC>
   <IVC>_TOP__MC.__ASSERT</IVC>
   <IVC>_TOP__MC.__ASSUME0</IVC>
   <IVC>_TOP__MC.seconds_to_cook</IVC>
</Results>
