<?xml version="1.0"?>
<Results xmlns:xsi="http://www.w3.org/2001/XMLSchema-instance">
   <UCRuntime unit="sec">0.07</UCRuntime>
   <Timeout unit="sec">74.077</Timeout>
   <Prooftime unit="sec">1.941</Prooftime>
   <Runtime unit="sec">2.011</Runtime>
   <IVC>Microwave_SEng5861__Display_Control__Impl__update_digit.carry_value</IVC>
   <IVC>Microwave_SEng5861__Display_Control__Impl__update_digit.digit</IVC>
   <IVC>Microwave_SEng5861__Display_Control__Impl__update_digit.prev_right</IVC>
   <IVC>__GUARANTEE0</IVC>
</Results>
