<?xml version="1.0"?>
<Results xmlns:xsi="http://www.w3.org/2001/XMLSchema-instance">
   <UCRuntime unit="sec">0.056</UCRuntime>
   <Timeout unit="sec">80.559</Timeout>
   <Prooftime unit="sec">2.881</Prooftime>
   <Runtime unit="sec">2.937</Runtime>
   <IVC>OK</IVC>
   <IVC>V69_exclusive</IVC>
   <IVC>V70_shared</IVC>
   <IVC>V71_shared_dirty</IVC>
   <IVC>V72_dirty</IVC>
   <IVC>V75_env</IVC>
   <IVC>V140_g01</IVC>
   <IVC>V142_g03</IVC>
   <IVC>V143_g04</IVC>
   <IVC>V144_g05</IVC>
   <IVC>V145_g06</IVC>
   <IVC>V146_g07</IVC>
   <IVC>V149_g10</IVC>
   <IVC>V173_X</IVC>
   <IVC>V185_First</IVC>
</Results>
