<?xml version="1.0"?>
<Results xmlns:xsi="http://www.w3.org/2001/XMLSchema-instance">
   <UCRuntime unit="sec">0.047</UCRuntime>
   <Timeout unit="sec">60.98</Timeout>
   <Prooftime unit="sec">0.093</Prooftime>
   <Runtime unit="sec">0.14</Runtime>
   <IVC>OK</IVC>
   <IVC>V69_exclusive</IVC>
   <IVC>V70_shared</IVC>
   <IVC>V71_shared_dirty</IVC>
   <IVC>V72_dirty</IVC>
   <IVC>V73_invalid</IVC>
   <IVC>V74_erreur</IVC>
   <IVC>V75_env</IVC>
   <IVC>V140_g01</IVC>
   <IVC>V142_g03</IVC>
   <IVC>V143_g04</IVC>
   <IVC>V144_g05</IVC>
   <IVC>V151_g12</IVC>
   <IVC>V152_mem_init</IVC>
   <IVC>V173_X</IVC>
   <IVC>V185_First</IVC>
</Results>
