<?xml version="1.0"?>
<Results xmlns:xsi="http://www.w3.org/2001/XMLSchema-instance">
   <UCRuntime unit="sec">0.02</UCRuntime>
   <Timeout unit="sec">60.581</Timeout>
   <Prooftime unit="sec">0.063</Prooftime>
   <Runtime unit="sec">0.083</Runtime>
   <IVC>OK</IVC>
   <IVC>V66_exclusive</IVC>
   <IVC>V67_shared</IVC>
   <IVC>V68_shared_dirty</IVC>
   <IVC>V69_dirty</IVC>
   <IVC>V70_invalid</IVC>
   <IVC>V72_env</IVC>
   <IVC>V135_g04</IVC>
   <IVC>V136_g05</IVC>
   <IVC>V165_X</IVC>
</Results>
