<?xml version="1.0"?>
<Results xmlns:xsi="http://www.w3.org/2001/XMLSchema-instance">
   <UCRuntime unit="sec">0.031</UCRuntime>
   <Timeout unit="sec">74.434</Timeout>
   <Prooftime unit="sec">2.031</Prooftime>
   <Runtime unit="sec">2.0620000000000003</Runtime>
   <IVC>OK</IVC>
   <IVC>V66_exclusive</IVC>
   <IVC>V67_shared</IVC>
   <IVC>V68_shared_dirty</IVC>
   <IVC>V69_dirty</IVC>
   <IVC>V72_env</IVC>
   <IVC>V132_g01</IVC>
   <IVC>V134_g03</IVC>
   <IVC>V135_g04</IVC>
   <IVC>V136_g05</IVC>
   <IVC>V138_g07</IVC>
   <IVC>V140_g09</IVC>
   <IVC>V143_g12</IVC>
   <IVC>V165_X</IVC>
</Results>
