<?xml version="1.0"?>
<Results xmlns:xsi="http://www.w3.org/2001/XMLSchema-instance">
  <Run id="1">
    <Runtime unit="sec">0.238</Runtime>
    <Status>INVALID</Status>
  </Run>
  <Run id="2">
    <Runtime unit="sec">2.191</Runtime>
    <Status>VALID</Status>
  </Run>
  <Run id="3">
    <Runtime unit="sec">0.132</Runtime>
    <Status>INVALID</Status>
  </Run>
  <Run id="4">
    <Runtime unit="sec">1.557</Runtime>
    <Status>INVALID</Status>
  </Run>
  <Run id="5">
    <Runtime unit="sec">0.133</Runtime>
    <Status>INVALID</Status>
  </Run>
  <Run id="6">
    <Runtime unit="sec">0.113</Runtime>
    <Status>INVALID</Status>
  </Run>
  <Run id="7">
    <Runtime unit="sec">2.175</Runtime>
    <Status>VALID</Status>
  </Run>
  <Run id="8">
    <Runtime unit="sec">0.1</Runtime>
    <Status>INVALID</Status>
  </Run>
  <Run id="9">
    <Runtime unit="sec">0.998</Runtime>
    <Status>INVALID</Status>
  </Run>
</Results>
