<?xml version="1.0"?>
<Results xmlns:xsi="http://www.w3.org/2001/XMLSchema-instance">
   <UcRuntime unit="sec">0.015</UcRuntime>
   <Timeout unit="sec">61.72</Timeout>
   <ProofTime unit="sec">0.157</ProofTime>
   <Runtime unit="sec">0.172</Runtime>
   <IVC>OK</IVC>
   <IVC>V66_exclusive</IVC>
   <IVC>V72_env</IVC>
   <IVC>V134_g03</IVC>
   <IVC>V143_g12</IVC>
   <TRIVC>V72_env</TRIVC>
   <TRIVC>V134_g03</TRIVC>
   <TRIVC>V66_exclusive</TRIVC>
   <TRIVC>OK</TRIVC>
   <TRIVC>V143_g12</TRIVC>
</Results>
