<?xml version="1.0"?>
<Results xmlns:xsi="http://www.w3.org/2001/XMLSchema-instance">
   <UcRuntime unit="sec">0.032</UcRuntime>
   <Timeout unit="sec">61.41</Timeout>
   <ProofTime unit="sec">0.109</ProofTime>
   <Runtime unit="sec">0.14100000000000001</Runtime>
   <IVC>OK</IVC>
   <IVC>V69_exclusive</IVC>
   <IVC>V70_shared</IVC>
   <IVC>V71_shared_dirty</IVC>
   <IVC>V72_dirty</IVC>
   <IVC>V73_invalid</IVC>
   <IVC>V75_env</IVC>
   <IVC>V143_g04</IVC>
   <IVC>V144_g05</IVC>
   <IVC>V152_mem_init</IVC>
   <IVC>V173_X</IVC>
   <IVC>V185_First</IVC>
   <TRIVC>V72_dirty</TRIVC>
   <TRIVC>V185_First</TRIVC>
   <TRIVC>V144_g05</TRIVC>
   <TRIVC>V73_invalid</TRIVC>
   <TRIVC>V71_shared_dirty</TRIVC>
   <TRIVC>V75_env</TRIVC>
   <TRIVC>V69_exclusive</TRIVC>
   <TRIVC>V70_shared</TRIVC>
   <TRIVC>V143_g04</TRIVC>
   <TRIVC>OK</TRIVC>
   <TRIVC>V152_mem_init</TRIVC>
   <TRIVC>V173_X</TRIVC>
</Results>
