<?xml version="1.0"?>
<Results xmlns:xsi="http://www.w3.org/2001/XMLSchema-instance">
  <Progress source="bmc" trueFor="1">
    <PropertyProgress name="OK"/>
  </Progress>
  <Progress source="bmc" trueFor="2">
    <PropertyProgress name="OK"/>
  </Progress>
  <Progress source="bmc" trueFor="3">
    <PropertyProgress name="OK"/>
  </Progress>
  <Progress source="bmc" trueFor="4">
    <PropertyProgress name="OK"/>
  </Progress>
  <Progress source="bmc" trueFor="5">
    <PropertyProgress name="OK"/>
  </Progress>
  <Property name="OK">
    <Runtime unit="sec">0.524</Runtime>
    <SupportRuntime unit="sec">0.247</SupportRuntime>
    <Answer source="k-induction">valid</Answer>
    <K>1</K>
    <Invariant>OK</Invariant>
    <Support>V71_erreur</Support>
    <Support>V169_Sofar</Support>
    <Support>V66_exclusive</Support>
    <Support>OK</Support>
    <Support>V131_g01</Support>
  </Property>
</Results>
