<?xml version="1.0"?>
<Results xmlns:xsi="http://www.w3.org/2001/XMLSchema-instance">
  <Property name="OK">
    <Runtime unit="sec">0.512</Runtime>
    <Answer source="k-induction">valid</Answer>
    <K>0</K>
    <NumberOfIVCs>1</NumberOfIVCs>
    <MustElem>V52_c</MustElem>
    <MustElem>V14_a</MustElem>
    <MustElem>OK</MustElem>
    <MustElem>V41_time</MustElem>
    <MustElem>V15_b</MustElem>
    <IvcSet number="1">
    <Invariant>OK</Invariant>
    <Ivc>V52_c</Ivc>
    <Ivc>V14_a</Ivc>
    <Ivc>OK</Ivc>
    <Ivc>V41_time</Ivc>
    <Ivc>V15_b</Ivc>
    </IvcSet>
  </Property>
</Results>
