<Results>
   <UcRuntime unit="sec">0.01</UcRuntime>
   <Timeout unit="sec">30.765</Timeout>
   <ProofTime unit="sec">0.143</ProofTime>
   <Runtime unit="sec">0.153</Runtime>
   <IVC>OK</IVC>
   <IVC>V26_bump</IVC>
   <IVC>V27_dist</IVC>
   <IVC>V28_speed</IVC>
   <IVC>V30_move</IVC>
   <IVC>V31_second</IVC>
   <IVC>V32_meter</IVC>
   <IVC>V33_env</IVC>
   <IVC>V92_X</IVC>
   <TRIVC>V26_bump</TRIVC>
   <TRIVC>V32_meter</TRIVC>
   <TRIVC>V30_move</TRIVC>
   <TRIVC>V27_dist</TRIVC>
   <TRIVC>OK</TRIVC>
   <TRIVC>V31_second</TRIVC>
   <TRIVC>V28_speed</TRIVC>
   <TRIVC>V33_env</TRIVC>
   <TRIVC>V92_X</TRIVC>
</Results>