<Results>
   <UcRuntime unit="sec">0.008</UcRuntime>
   <Timeout unit="sec">30.275</Timeout>
   <ProofTime unit="sec">0.047</ProofTime>
   <Runtime unit="sec">0.055</Runtime>
   <IVC>OK</IVC>
   <IVC>V24_toofast</IVC>
   <IVC>V26_bump</IVC>
   <IVC>V27_dist</IVC>
   <IVC>V28_speed</IVC>
   <IVC>V30_move</IVC>
   <IVC>V33_env</IVC>
   <TRIVC>V26_bump</TRIVC>
   <TRIVC>V24_toofast</TRIVC>
   <TRIVC>V30_move</TRIVC>
   <TRIVC>V27_dist</TRIVC>
   <TRIVC>OK</TRIVC>
   <TRIVC>V28_speed</TRIVC>
   <TRIVC>V33_env</TRIVC>
</Results>