<Results>
   <UcRuntime unit="sec">0.03</UcRuntime>
   <Timeout unit="sec">30.575</Timeout>
   <ProofTime unit="sec">0.085</ProofTime>
   <Runtime unit="sec">0.115</Runtime>
   <IVC>Microwave_SEng5861__Display_Control__Impl__update_digit~0.carry_value</IVC>
   <IVC>Microwave_SEng5861__Display_Control__Impl__update_digit~0.digit</IVC>
   <IVC>Microwave_SEng5861__Display_Control__Impl__update_digit~0.prev_right</IVC>
   <IVC>__GUARANTEE2</IVC>
   <TRIVC>Microwave_SEng5861__Display_Control__Impl__update_digit.prev_right</TRIVC>
   <TRIVC>__GUARANTEE2</TRIVC>
   <TRIVC>Microwave_SEng5861__Display_Control__Impl__update_digit.digit</TRIVC>
   <TRIVC>Microwave_SEng5861__Display_Control__Impl__update_digit.carry_value</TRIVC>
</Results>