<Results>
   <UcRuntime unit="sec">0.035</UcRuntime>
   <Timeout unit="sec">30.425</Timeout>
   <ProofTime unit="sec">0.05</ProofTime>
   <Runtime unit="sec">0.085</Runtime>
   <IVC>Microwave_SEng5861__Display_Control__Impl__update_digit~0.carry_in</IVC>
   <IVC>Microwave_SEng5861__Display_Control__Impl__update_digit~0.carry_out</IVC>
   <IVC>Microwave_SEng5861__Display_Control__Impl__update_digit~0.carry_value</IVC>
   <IVC>Microwave_SEng5861__Display_Control__Impl__update_digit~0.defs__is_cooking~0._outvar</IVC>
   <IVC>Microwave_SEng5861__Display_Control__Impl__update_digit~0.defs__is_cooking~0.m</IVC>
   <IVC>Microwave_SEng5861__Display_Control__Impl__update_digit~0.digit</IVC>
   <IVC>Microwave_SEng5861__Display_Control__Impl__update_digit~0.mode</IVC>
   <IVC>Microwave_SEng5861__Display_Control__Impl__update_digit~0.prev_at_zero</IVC>
   <IVC>Microwave_SEng5861__Display_Control__Impl__update_digit~1.carry_in</IVC>
   <IVC>Microwave_SEng5861__Display_Control__Impl__update_digit~1.carry_out</IVC>
   <IVC>Microwave_SEng5861__Display_Control__Impl__update_digit~1.carry_value</IVC>
   <IVC>Microwave_SEng5861__Display_Control__Impl__update_digit~1.defs__is_cooking~0._outvar</IVC>
   <IVC>Microwave_SEng5861__Display_Control__Impl__update_digit~1.defs__is_cooking~0.m</IVC>
   <IVC>Microwave_SEng5861__Display_Control__Impl__update_digit~1.digit</IVC>
   <IVC>Microwave_SEng5861__Display_Control__Impl__update_digit~1.mode</IVC>
   <IVC>Microwave_SEng5861__Display_Control__Impl__update_digit~1.prev_at_zero</IVC>
   <IVC>Microwave_SEng5861__Display_Control__Impl__update_digit~2.carry_in</IVC>
   <IVC>Microwave_SEng5861__Display_Control__Impl__update_digit~2.defs__is_cooking~0._outvar</IVC>
   <IVC>Microwave_SEng5861__Display_Control__Impl__update_digit~2.defs__is_cooking~0.m</IVC>
   <IVC>Microwave_SEng5861__Display_Control__Impl__update_digit~2.digit</IVC>
   <IVC>Microwave_SEng5861__Display_Control__Impl__update_digit~2.mode</IVC>
   <IVC>Microwave_SEng5861__Display_Control__Impl__update_digit~2.prev_at_zero</IVC>
   <IVC>__GUARANTEE7</IVC>
   <IVC>defs__is_cooking~0._outvar</IVC>
   <IVC>defs__is_cooking~0.m</IVC>
   <TRIVC>Microwave_SEng5861__Display_Control__Impl__update_digit.defs__is_cooking._outvar</TRIVC>
   <TRIVC>Microwave_SEng5861__Display_Control__Impl__update_digit.defs__is_cooking.m</TRIVC>
   <TRIVC>Microwave_SEng5861__Display_Control__Impl__update_digit.carry_in</TRIVC>
   <TRIVC>Microwave_SEng5861__Display_Control__Impl__update_digit.prev_at_zero</TRIVC>
   <TRIVC>defs__is_cooking.m</TRIVC>
   <TRIVC>__GUARANTEE7</TRIVC>
   <TRIVC>defs__is_cooking._outvar</TRIVC>
   <TRIVC>Microwave_SEng5861__Display_Control__Impl__update_digit.mode</TRIVC>
   <TRIVC>Microwave_SEng5861__Display_Control__Impl__update_digit.carry_out</TRIVC>
   <TRIVC>Microwave_SEng5861__Display_Control__Impl__update_digit.digit</TRIVC>
   <TRIVC>Microwave_SEng5861__Display_Control__Impl__update_digit.carry_value</TRIVC>
</Results>