<Results>
   <UcRuntime unit="sec">0.022</UcRuntime>
   <Timeout unit="sec">35.545</Timeout>
   <ProofTime unit="sec">1.087</ProofTime>
   <Runtime unit="sec">1.109</Runtime>
   <IVC>OK</IVC>
   <IVC>V68_shared_dirty</IVC>
   <IVC>V69_dirty</IVC>
   <IVC>V72_env</IVC>
   <IVC>V140_g09</IVC>
   <IVC>V142_g11</IVC>
   <TRIVC>V72_env</TRIVC>
   <TRIVC>V69_dirty</TRIVC>
   <TRIVC>V68_shared_dirty</TRIVC>
   <TRIVC>V140_g09</TRIVC>
   <TRIVC>OK</TRIVC>
   <TRIVC>V142_g11</TRIVC>
</Results>