<Results>
   <UcRuntime unit="sec">0.019</UcRuntime>
   <Timeout unit="sec">34.445</Timeout>
   <ProofTime unit="sec">0.87</ProofTime>
   <Runtime unit="sec">0.889</Runtime>
   <IVC>OK</IVC>
   <IVC>V68_shared_dirty</IVC>
   <IVC>V69_dirty</IVC>
   <IVC>V72_env</IVC>
   <IVC>V140_g09</IVC>
   <IVC>V142_g11</IVC>
   <TRIVC>V72_env</TRIVC>
   <TRIVC>V69_dirty</TRIVC>
   <TRIVC>V68_shared_dirty</TRIVC>
   <TRIVC>V140_g09</TRIVC>
   <TRIVC>OK</TRIVC>
   <TRIVC>V142_g11</TRIVC>
</Results>