<?xml version="1.0"?>
<Results xmlns:xsi="http://www.w3.org/2001/XMLSchema-instance">
  <Progress source="bmc" trueFor="1">
    <PropertyProgress name="OK"/>
  </Progress>
  <Progress source="bmc" trueFor="2">
    <PropertyProgress name="OK"/>
  </Progress>
  <Progress source="bmc" trueFor="3">
    <PropertyProgress name="OK"/>
  </Progress>
  <Progress source="bmc" trueFor="4">
    <PropertyProgress name="OK"/>
  </Progress>
  <Progress source="bmc" trueFor="5">
    <PropertyProgress name="OK"/>
  </Progress>
  <Progress source="bmc" trueFor="6">
    <PropertyProgress name="OK"/>
  </Progress>
  <Progress source="bmc" trueFor="7">
    <PropertyProgress name="OK"/>
  </Progress>
  <Progress source="bmc" trueFor="8">
    <PropertyProgress name="OK"/>
  </Progress>
  <Progress source="bmc" trueFor="9">
    <PropertyProgress name="OK"/>
  </Progress>
  <Progress source="bmc" trueFor="10">
    <PropertyProgress name="OK"/>
  </Progress>
  <Progress source="bmc" trueFor="11">
    <PropertyProgress name="OK"/>
  </Progress>
  <Progress source="bmc" trueFor="12">
    <PropertyProgress name="OK"/>
  </Progress>
  <Progress source="bmc" trueFor="13">
    <PropertyProgress name="OK"/>
  </Progress>
  <Progress source="bmc" trueFor="14">
    <PropertyProgress name="OK"/>
  </Progress>
  <Progress source="bmc" trueFor="15">
    <PropertyProgress name="OK"/>
  </Progress>
  <Progress source="bmc" trueFor="16">
    <PropertyProgress name="OK"/>
  </Progress>
  <Property name="OK">
    <Runtime unit="sec">15.454</Runtime>
    <Answer source="invariant-generation">valid</Answer>
    <K>1</K>
    <NumberOfIVCs>2</NumberOfIVCs>
    <MustElem>V68_shared_dirty</MustElem>
    <MustElem>OK</MustElem>
    <MustElem>V142_g11</MustElem>
    <IvcSet number="1">
    <Invariant>(0 &lt;= V68_shared_dirty)</Invariant>
    <Invariant>OK</Invariant>
    <Invariant>(V66_exclusive &lt;= (V67_shared + 1))</Invariant>
    <Invariant>(V66_exclusive &lt;= 1)</Invariant>
    <Invariant>((V66_exclusive = 0) or (not (V66_exclusive &lt;= 0)))</Invariant>
    <Ivc>V134_g03</Ivc>
    <Ivc>V66_exclusive</Ivc>
    <Ivc>V132_g01</Ivc>
    <Ivc>V68_shared_dirty</Ivc>
    <Ivc>V139_g08</Ivc>
    <Ivc>OK</Ivc>
    <Ivc>V137_g06</Ivc>
    <Ivc>V133_g02</Ivc>
    <Ivc>V67_shared</Ivc>
    <Ivc>V141_g10</Ivc>
    <Ivc>V143_g12</Ivc>
    <Ivc>V142_g11</Ivc>
    </IvcSet>
    <IvcSet number="2">
    <Invariant>(V68_shared_dirty &gt;= 0)</Invariant>
    <Invariant>(V69_dirty &gt;= 0)</Invariant>
    <Invariant>OK</Invariant>
    <Ivc>V69_dirty</Ivc>
    <Ivc>V68_shared_dirty</Ivc>
    <Ivc>V140_g09</Ivc>
    <Ivc>OK</Ivc>
    <Ivc>V142_g11</Ivc>
    </IvcSet>
  </Property>
</Results>
