<Results>
   <UcRuntime unit="sec">0.012</UcRuntime>
   <Timeout unit="sec">34.3</Timeout>
   <ProofTime unit="sec">0.848</ProofTime>
   <Runtime unit="sec">0.86</Runtime>
   <IVC>OK</IVC>
   <IVC>V14_k</IVC>
   <IVC>V16_env</IVC>
   <IVC>V45_age_of_p</IVC>
   <IVC>V52_age_of_p</IVC>
   <IVC>V55_X</IVC>
   <IVC>V68_age_of_p</IVC>
   <TRIVC>V16_env</TRIVC>
   <TRIVC>V68_age_of_p</TRIVC>
   <TRIVC>V14_k</TRIVC>
   <TRIVC>V45_age_of_p</TRIVC>
   <TRIVC>V52_age_of_p</TRIVC>
   <TRIVC>V55_X</TRIVC>
   <TRIVC>OK</TRIVC>
</Results>