<Results>
   <UcRuntime unit="sec">0.01</UcRuntime>
   <Timeout unit="sec">30.525</Timeout>
   <ProofTime unit="sec">0.095</ProofTime>
   <Runtime unit="sec">0.105</Runtime>
   <IVC>OK</IVC>
   <IVC>V13_k</IVC>
   <IVC>V14_m</IVC>
   <IVC>V15_env</IVC>
   <IVC>V43_age_of_p</IVC>
   <IVC>V50_age_of_p</IVC>
   <IVC>V54_X</IVC>
   <IVC>V68_age_of_p</IVC>
   <TRIVC>V68_age_of_p</TRIVC>
   <TRIVC>V15_env</TRIVC>
   <TRIVC>V14_m</TRIVC>
   <TRIVC>V13_k</TRIVC>
   <TRIVC>V43_age_of_p</TRIVC>
   <TRIVC>V50_age_of_p</TRIVC>
   <TRIVC>V54_X</TRIVC>
   <TRIVC>OK</TRIVC>
</Results>