<?xml version="1.0"?>
<Results xmlns:xsi="http://www.w3.org/2001/XMLSchema-instance">
  <MustElements property="[__GUARANTEE4]">
    <Runtime unit="sec">3.094</Runtime>
    <Must>Microwave_SEng5861__Display_Control__Impl__update_digit.clear_pressed</Must>
    <Must>Microwave_SEng5861__Display_Control__Impl__update_digit.defs__is_cooking._outvar</Must>
    <Must>Microwave_SEng5861__Display_Control__Impl__update_digit.defs__is_cooking.m</Must>
    <Must>Microwave_SEng5861__Display_Control__Impl__update_digit.defs__is_setup._outvar</Must>
    <Must>Microwave_SEng5861__Display_Control__Impl__update_digit.defs__is_setup.m</Must>
    <Must>Microwave_SEng5861__Display_Control__Impl__update_digit.digit</Must>
    <Must>Microwave_SEng5861__Display_Control__Impl__update_digit.mode</Must>
    <Must>__GUARANTEE4</Must>
    <Must>defs__is_setup._outvar</Must>
    <Must>defs__is_setup.m</Must>
  </MustElements>
</Results>
