<?xml version="1.0"?>
<Results xmlns:xsi="http://www.w3.org/2001/XMLSchema-instance">
  <Run id="1">
    <Runtime unit="sec">0.207</Runtime>
    <Status>INVALID</Status>
  </Run>
  <Run id="2">
    <Runtime unit="sec">7.489</Runtime>
    <Status>VALID</Status>
  </Run>
  <Run id="3">
    <Runtime unit="sec">40.52</Runtime>
    <Status>UNKNOWN</Status>
  </Run>
  <Run id="4">
    <Runtime unit="sec">0.99</Runtime>
    <Status>VALID</Status>
  </Run>
  <Run id="5">
    <Runtime unit="sec">0.614</Runtime>
    <Status>VALID</Status>
  </Run>
  <Run id="6">
    <Runtime unit="sec">0.811</Runtime>
    <Status>VALID</Status>
  </Run>
  <Run id="7">
    <Runtime unit="sec">1.532</Runtime>
    <Status>VALID</Status>
  </Run>
  <Run id="8">
    <Runtime unit="sec">0.002</Runtime>
    <Status>INVALID</Status>
  </Run>
  <Run id="9">
    <Runtime unit="sec">0.101</Runtime>
    <Status>INVALID</Status>
  </Run>
  <Run id="10">
    <Runtime unit="sec">0.108</Runtime>
    <Status>INVALID</Status>
  </Run>
  <Run id="11">
    <Runtime unit="sec">0.107</Runtime>
    <Status>INVALID</Status>
  </Run>
  <Run id="12">
    <Runtime unit="sec">0.003</Runtime>
    <Status>INVALID</Status>
  </Run>
  <Run id="13">
    <Runtime unit="sec">0.102</Runtime>
    <Status>INVALID</Status>
  </Run>
  <Run id="14">
    <Runtime unit="sec">40.551</Runtime>
    <Status>UNKNOWN</Status>
  </Run>
  <Run id="15">
    <Runtime unit="sec">0.103</Runtime>
    <Status>INVALID</Status>
  </Run>
  <Run id="16">
    <Runtime unit="sec">0.101</Runtime>
    <Status>INVALID</Status>
  </Run>
  <Run id="17">
    <Runtime unit="sec">0.0</Runtime>
    <Status>INVALID</Status>
  </Run>
  <Run id="18">
    <Runtime unit="sec">0.003</Runtime>
    <Status>INVALID</Status>
  </Run>
</Results>
