<?xml version="1.0"?>
<Results xmlns:xsi="http://www.w3.org/2001/XMLSchema-instance">
  <MustElements property="[OK]">
    <Runtime unit="sec">1.525</Runtime>
    <Must>OK</Must>
    <Must>V69_exclusive</Must>
    <Must>V70_shared</Must>
    <Must>V71_shared_dirty</Must>
    <Must>V72_dirty</Must>
    <Must>V73_invalid</Must>
    <Must>V75_env</Must>
    <Must>V143_g04</Must>
    <Must>V144_g05</Must>
    <Must>V152_mem_init</Must>
    <Must>V173_X</Must>
    <Must>V185_First</Must>
  </MustElements>
</Results>
