<?xml version="1.0"?>
<Results xmlns:xsi="http://www.w3.org/2001/XMLSchema-instance">
  <Run id="1">
    <Runtime unit="sec">0.209</Runtime>
    <Status>INVALID</Status>
  </Run>
  <Run id="2">
    <Runtime unit="sec">10.463</Runtime>
    <Status>VALID</Status>
  </Run>
  <Run id="3">
    <Runtime unit="sec">48.528</Runtime>
    <Status>UNKNOWN</Status>
  </Run>
  <Run id="4">
    <Runtime unit="sec">0.607</Runtime>
    <Status>VALID</Status>
  </Run>
  <Run id="5">
    <Runtime unit="sec">1.655</Runtime>
    <Status>VALID</Status>
  </Run>
  <Run id="6">
    <Runtime unit="sec">0.802</Runtime>
    <Status>VALID</Status>
  </Run>
  <Run id="7">
    <Runtime unit="sec">0.003</Runtime>
    <Status>INVALID</Status>
  </Run>
  <Run id="8">
    <Runtime unit="sec">0.002</Runtime>
    <Status>INVALID</Status>
  </Run>
  <Run id="9">
    <Runtime unit="sec">0.013</Runtime>
    <Status>INVALID</Status>
  </Run>
  <Run id="10">
    <Runtime unit="sec">0.016</Runtime>
    <Status>INVALID</Status>
  </Run>
  <Run id="11">
    <Runtime unit="sec">0.101</Runtime>
    <Status>INVALID</Status>
  </Run>
  <Run id="12">
    <Runtime unit="sec">0.832</Runtime>
    <Status>VALID</Status>
  </Run>
  <Run id="13">
    <Runtime unit="sec">0.015</Runtime>
    <Status>INVALID</Status>
  </Run>
  <Run id="14">
    <Runtime unit="sec">48.588</Runtime>
    <Status>UNKNOWN</Status>
  </Run>
  <Run id="15">
    <Runtime unit="sec">0.11</Runtime>
    <Status>INVALID</Status>
  </Run>
  <Run id="16">
    <Runtime unit="sec">0.103</Runtime>
    <Status>INVALID</Status>
  </Run>
  <Run id="17">
    <Runtime unit="sec">0.001</Runtime>
    <Status>INVALID</Status>
  </Run>
  <Run id="18">
    <Runtime unit="sec">0.211</Runtime>
    <Status>INVALID</Status>
  </Run>
</Results>
