<?xml version="1.0"?>
<Results xmlns:xsi="http://www.w3.org/2001/XMLSchema-instance">
  <Run id="1">
    <Runtime unit="sec">0.208</Runtime>
    <Status>INVALID</Status>
  </Run>
  <Run id="2">
    <Runtime unit="sec">3.312</Runtime>
    <Status>VALID</Status>
  </Run>
  <Run id="3">
    <Runtime unit="sec">42.5</Runtime>
    <Status>UNKNOWN</Status>
  </Run>
  <Run id="4">
    <Runtime unit="sec">0.776</Runtime>
    <Status>VALID</Status>
  </Run>
  <Run id="5">
    <Runtime unit="sec">1.102</Runtime>
    <Status>VALID</Status>
  </Run>
  <Run id="6">
    <Runtime unit="sec">1.181</Runtime>
    <Status>VALID</Status>
  </Run>
  <Run id="7">
    <Runtime unit="sec">0.009</Runtime>
    <Status>INVALID</Status>
  </Run>
  <Run id="8">
    <Runtime unit="sec">0.101</Runtime>
    <Status>INVALID</Status>
  </Run>
  <Run id="9">
    <Runtime unit="sec">0.119</Runtime>
    <Status>INVALID</Status>
  </Run>
  <Run id="10">
    <Runtime unit="sec">0.106</Runtime>
    <Status>INVALID</Status>
  </Run>
  <Run id="11">
    <Runtime unit="sec">0.01</Runtime>
    <Status>INVALID</Status>
  </Run>
  <Run id="12">
    <Runtime unit="sec">0.101</Runtime>
    <Status>INVALID</Status>
  </Run>
  <Run id="13">
    <Runtime unit="sec">42.563</Runtime>
    <Status>UNKNOWN</Status>
  </Run>
  <Run id="14">
    <Runtime unit="sec">0.103</Runtime>
    <Status>INVALID</Status>
  </Run>
  <Run id="15">
    <Runtime unit="sec">0.321</Runtime>
    <Status>INVALID</Status>
  </Run>
  <Run id="16">
    <Runtime unit="sec">0.0</Runtime>
    <Status>INVALID</Status>
  </Run>
  <Run id="17">
    <Runtime unit="sec">0.008</Runtime>
    <Status>INVALID</Status>
  </Run>
</Results>
