<?xml version="1.0"?>
<Results xmlns:xsi="http://www.w3.org/2001/XMLSchema-instance">
  <MustElements property="[OK]">
    <Runtime unit="sec">4.445</Runtime>
    <Must>OK</Must>
    <Must>V49_dirty</Must>
    <Must>V50_exclusive</Must>
    <Must>V51_shared</Must>
    <Must>V52_env</Must>
    <Must>V102_garde1</Must>
    <Must>V104_garde3</Must>
    <Must>V105_garde4</Must>
    <Must>V106_garde5</Must>
    <Must>V107_garde6</Must>
    <Must>V109_garde8</Must>
    <Must>V129_X</Must>
  </MustElements>
</Results>
