<?xml version="1.0"?>
<Results xmlns:xsi="http://www.w3.org/2001/XMLSchema-instance">
  <MustElements property="[OK]">
    <Runtime unit="sec">2.04</Runtime>
    <Must>OK</Must>
    <Must>V51_invalid</Must>
    <Must>V52_dirty</Must>
    <Must>V53_exclusive</Must>
    <Must>V54_shared</Must>
    <Must>V55_R5</Must>
    <Must>V56_RT</Must>
    <Must>V57_procs</Must>
    <Must>V58_env</Must>
    <Must>V114_garde2</Must>
    <Must>V115_garde3</Must>
    <Must>V116_garde4</Must>
    <Must>V117_garde5</Must>
    <Must>V119_garde7</Must>
    <Must>V120_garde8</Must>
    <Must>V121_mem_invalid</Must>
    <Must>V140_X</Must>
  </MustElements>
</Results>
