<?xml version="1.0"?>
<Results xmlns:xsi="http://www.w3.org/2001/XMLSchema-instance">
  <MustElements property="[OK]">
    <Runtime unit="sec">1.99</Runtime>
    <Must>OK</Must>
    <Must>V49_dirty</Must>
    <Must>V50_exclusive</Must>
    <Must>V51_shared</Must>
    <Must>V52_RT</Must>
    <Must>V53_A1</Must>
    <Must>V54_A2</Must>
    <Must>V55_env</Must>
    <Must>V106_garde1</Must>
    <Must>V107_garde2</Must>
    <Must>V109_garde4</Must>
    <Must>V110_garde5</Must>
    <Must>V111_garde6</Must>
    <Must>V112_garde7</Must>
    <Must>V113_garde8</Must>
    <Must>V132_X</Must>
  </MustElements>
</Results>
