<?xml version="1.0"?>
<Results xmlns:xsi="http://www.w3.org/2001/XMLSchema-instance">
  <MustElements property="[OK]">
    <Runtime unit="sec">2.257</Runtime>
    <Must>OK</Must>
    <Must>V51_invalid</Must>
    <Must>V52_dirty</Must>
    <Must>V53_exclusive</Must>
    <Must>V54_shared</Must>
    <Must>V55_R4</Must>
    <Must>V56_A1</Must>
    <Must>V57_A2</Must>
    <Must>V58_A3</Must>
    <Must>V59_procs</Must>
    <Must>V60_env</Must>
    <Must>V116_garde2</Must>
    <Must>V117_garde3</Must>
    <Must>V118_garde4</Must>
    <Must>V119_garde5</Must>
    <Must>V121_garde7</Must>
    <Must>V122_garde8</Must>
    <Must>V123_mem_invalid</Must>
    <Must>V142_X</Must>
  </MustElements>
</Results>
