<?xml version="1.0"?>
<Results xmlns:xsi="http://www.w3.org/2001/XMLSchema-instance">
  <MustElements property="[__GUARANTEE10]">
    <Runtime unit="sec">35.009</Runtime>
    <Must>DEFS__is_therapy._outvar</Must>
    <Must>DEFS__is_therapy.mode</Must>
    <Must>_TOP__ALARM.ALARM_OUT.Highest_Level_Alarm</Must>
    <Must>_TOP__ALARM.SYS_STAT_IN.In_Therapy</Must>
    <Must>_TOP__ALARM.SYS_STAT_IN.Reservoir_Empty</Must>
    <Must>_TOP__ALARM.TLM_MODE_IN.System_On</Must>
    <Must>_TOP__ALARM.__ALARM__ASSERT__15</Must>
    <Must>_TOP__ALARM.__ALARM__PROP__1</Must>
    <Must>_TOP__ALARM.__ASSERT</Must>
    <Must>_TOP__ALARM.__ASSUME__CONJ</Must>
    <Must>_TOP__ALARM.__ASSUME__HIST</Must>
    <Must>_TOP__ASSERT__9</Must>
    <Must>_TOP__ASSERT__20</Must>
    <Must>_TOP__IM.ALARM_IN.Highest_Level_Alarm</Must>
    <Must>_TOP__IM.IM_OUT.Commanded_Flow_Rate</Must>
    <Must>_TOP__IM.__ASSERT</Must>
    <Must>_TOP__IM.__ASSUME__CONJ</Must>
    <Must>_TOP__IM.__ASSUME__HIST</Must>
    <Must>_TOP__IM.__IM__ASSERT__7</Must>
    <Must>_TOP__IM.__IM__PROP__5</Must>
    <Must>_TOP__OUTPUT.GPCA_SW_OUT.Commanded_Flow_Rate</Must>
    <Must>_TOP__OUTPUT.GPCA_SW_OUT.Current_System_Mode</Must>
    <Must>_TOP__OUTPUT.GPCA_SW_OUT.Reservoir_Volume</Must>
    <Must>_TOP__OUTPUT.IM_IN.Commanded_Flow_Rate</Must>
    <Must>_TOP__OUTPUT.IM_IN.Current_System_Mode</Must>
    <Must>_TOP__OUTPUT.SYS_STAT_IN.Reservoir_Volume</Must>
    <Must>_TOP__OUTPUT.__ASSERT</Must>
    <Must>_TOP__OUTPUT.__ASSUME__CONJ</Must>
    <Must>_TOP__OUTPUT.__ASSUME__HIST</Must>
    <Must>_TOP__OUTPUT.__OUTPUT__PROP__2</Must>
    <Must>_TOP__OUTPUT.__OUTPUT__PROP__27</Must>
    <Must>_TOP__OUTPUT.__OUTPUT__PROP__29</Must>
    <Must>_TOP__SYS_STAT.CONST_IN.Empty_Reservoir</Must>
    <Must>_TOP__SYS_STAT.IM_IN.Current_System_Mode</Must>
    <Must>_TOP__SYS_STAT.SYS_STAT_OUT.In_Therapy</Must>
    <Must>_TOP__SYS_STAT.SYS_STAT_OUT.Reservoir_Empty</Must>
    <Must>_TOP__SYS_STAT.SYS_STAT_OUT.Reservoir_Volume</Must>
    <Must>_TOP__SYS_STAT.TLM_MODE_IN.System_On</Must>
    <Must>_TOP__SYS_STAT.__ASSERT</Must>
    <Must>_TOP__SYS_STAT.__ASSUME__CONJ</Must>
    <Must>_TOP__SYS_STAT.__ASSUME__HIST</Must>
    <Must>_TOP__SYS_STAT.__SYS_STAT__ASSERT__0</Must>
    <Must>_TOP__SYS_STAT.__SYS_STAT__ASSERT__2</Must>
    <Must>_TOP__SYS_STAT.__SYS_STAT__PROP__0</Must>
    <Must>_TOP__SYS_STAT.__SYS_STAT__PROP__2</Must>
    <Must>__GUARANTEE10</Must>
  </MustElements>
</Results>
