<?xml version="1.0"?>
<Results xmlns:xsi="http://www.w3.org/2001/XMLSchema-instance">
  <MustElements property="[__GUARANTEE11]">
    <Runtime unit="sec">19.281</Runtime>
    <Must>_TOP__ALARM.ALARM_OUT.Highest_Level_Alarm</Must>
    <Must>_TOP__ALARM.SENSOR_IN.Air_Pressure</Must>
    <Must>_TOP__ALARM.SENSOR_IN.CPU_Error</Must>
    <Must>_TOP__ALARM.SENSOR_IN.Humidity</Must>
    <Must>_TOP__ALARM.SENSOR_IN.Temp</Must>
    <Must>_TOP__ALARM.TLM_MODE_IN.System_On</Must>
    <Must>_TOP__ALARM.__ALARM__ASSERT__1</Must>
    <Must>_TOP__ALARM.__ALARM__ASSERT__15</Must>
    <Must>_TOP__ALARM.__ALARM__PROP__1</Must>
    <Must>_TOP__ALARM.__ASSERT</Must>
    <Must>_TOP__ALARM.__ASSUME__CONJ</Must>
    <Must>_TOP__ALARM.__ASSUME__HIST</Must>
    <Must>_TOP__ASSERT__21</Must>
    <Must>_TOP__IM.ALARM_IN.Highest_Level_Alarm</Must>
    <Must>_TOP__IM.IM_OUT.Commanded_Flow_Rate</Must>
    <Must>_TOP__IM.__ASSERT</Must>
    <Must>_TOP__IM.__ASSUME__CONJ</Must>
    <Must>_TOP__IM.__ASSUME__HIST</Must>
    <Must>_TOP__IM.__IM__ASSERT__7</Must>
    <Must>_TOP__IM.__IM__PROP__5</Must>
    <Must>_TOP__OUTPUT.GPCA_SW_OUT.Commanded_Flow_Rate</Must>
    <Must>_TOP__OUTPUT.IM_IN.Commanded_Flow_Rate</Must>
    <Must>_TOP__OUTPUT.__ASSERT</Must>
    <Must>_TOP__OUTPUT.__ASSUME__CONJ</Must>
    <Must>_TOP__OUTPUT.__ASSUME__HIST</Must>
    <Must>_TOP__OUTPUT.__OUTPUT__PROP__29</Must>
    <Must>__GUARANTEE11</Must>
  </MustElements>
</Results>
