<?xml version="1.0"?>
<Results xmlns:xsi="http://www.w3.org/2001/XMLSchema-instance">
  <Property name="OK">
    <Runtime unit="sec">2.728</Runtime>
    <SupportRuntime unit="sec">0.098</SupportRuntime>
    <Answer source="pdr">valid</Answer>
    <K>1</K>
    <Invariant>(not (10 = V27_dist))</Invariant>
    <Invariant>((V24_toofast or (not V30_move)) or (V27_dist &lt;= 4))</Invariant>
    <Invariant>((((V27_dist &lt;= 0) or (not (V29_time = 0))) or (not V30_move)) or (not (V28_speed = 0)))</Invariant>
    <Invariant>((((0 &lt;= ((V29_time + (-1)) + (-1))) or (not V30_move)) or (not (V28_speed = 0))) or (V27_dist &lt;= 1))</Invariant>
    <Invariant>((((not V30_move) or V25_stop) or (not (V28_speed = 0))) or (V27_dist &lt;= 3))</Invariant>
    <Invariant>((V28_speed = 0) or (0 &lt;= (V28_speed + (-2))))</Invariant>
    <Invariant>(((V24_toofast or (0 &lt;= (V29_time + (-3)))) or (not V30_move)) or (V27_dist &lt;= 3))</Invariant>
    <Invariant>((((0 &lt;= (V29_time + (-3))) or (not V30_move)) or (not (V28_speed = 0))) or (V27_dist &lt;= 2))</Invariant>
    <Invariant>(((V24_toofast or (0 &lt;= ((V29_time + (-1)) + (-1)))) or (not V30_move)) or (V27_dist &lt;= 2))</Invariant>
    <Invariant>((((not (V29_time = 0)) or V24_toofast) or (not (0 &lt;= (V28_speed + (-2))))) or (V27_dist &lt;= 1))</Invariant>
    <Invariant>OK</Invariant>
    <Invariant>((V29_time = 0) or (0 &lt;= (V29_time + (-1))))</Invariant>
    <Support>V26_bump</Support>
    <Support>V24_toofast</Support>
    <Support>V32_meter</Support>
    <Support>V30_move</Support>
    <Support>V25_stop</Support>
    <Support>V27_dist</Support>
    <Support>OK</Support>
    <Support>V31_second</Support>
    <Support>V28_speed</Support>
    <Support>V29_time</Support>
  </Property>
</Results>
