<?xml version="1.0"?>
<Results xmlns:xsi="http://www.w3.org/2001/XMLSchema-instance">
  <Run id="1">
    <Runtime unit="sec">2.327</Runtime>
    <Status>VALID</Status>
  </Run>
  <Run id="2">
    <Runtime unit="sec">0.1</Runtime>
    <Status>INVALID</Status>
  </Run>
  <Run id="3">
    <Runtime unit="sec">0.008</Runtime>
    <Status>INVALID</Status>
  </Run>
  <Run id="4">
    <Runtime unit="sec">0.002</Runtime>
    <Status>INVALID</Status>
  </Run>
  <Run id="5">
    <Runtime unit="sec">0.002</Runtime>
    <Status>INVALID</Status>
  </Run>
  <Run id="6">
    <Runtime unit="sec">0.002</Runtime>
    <Status>INVALID</Status>
  </Run>
  <Run id="7">
    <Runtime unit="sec">1.548</Runtime>
    <Status>VALID</Status>
  </Run>
</Results>
