<?xml version="1.0"?>
<Results xmlns:xsi="http://www.w3.org/2001/XMLSchema-instance">
  <Run id="1">
    <Runtime unit="sec">0.305</Runtime>
    <Status>INVALID</Status>
  </Run>
  <Run id="2">
    <Runtime unit="sec">0.101</Runtime>
    <Status>INVALID</Status>
  </Run>
  <Run id="3">
    <Runtime unit="sec">0.101</Runtime>
    <Status>INVALID</Status>
  </Run>
  <Run id="4">
    <Runtime unit="sec">0.104</Runtime>
    <Status>INVALID</Status>
  </Run>
  <Run id="5">
    <Runtime unit="sec">0.009</Runtime>
    <Status>INVALID</Status>
  </Run>
  <Run id="6">
    <Runtime unit="sec">0.101</Runtime>
    <Status>INVALID</Status>
  </Run>
  <Run id="7">
    <Runtime unit="sec">0.138</Runtime>
    <Status>INVALID</Status>
  </Run>
  <Run id="8">
    <Runtime unit="sec">0.027</Runtime>
    <Status>INVALID</Status>
  </Run>
  <Run id="9">
    <Runtime unit="sec">0.125</Runtime>
    <Status>INVALID</Status>
  </Run>
  <Run id="10">
    <Runtime unit="sec">0.103</Runtime>
    <Status>INVALID</Status>
  </Run>
  <Run id="11">
    <Runtime unit="sec">0.116</Runtime>
    <Status>INVALID</Status>
  </Run>
  <Run id="12">
    <Runtime unit="sec">0.113</Runtime>
    <Status>INVALID</Status>
  </Run>
  <Run id="13">
    <Runtime unit="sec">0.104</Runtime>
    <Status>INVALID</Status>
  </Run>
  <Run id="14">
    <Runtime unit="sec">0.008</Runtime>
    <Status>INVALID</Status>
  </Run>
  <Run id="15">
    <Runtime unit="sec">0.003</Runtime>
    <Status>INVALID</Status>
  </Run>
  <Run id="16">
    <Runtime unit="sec">0.006</Runtime>
    <Status>INVALID</Status>
  </Run>
  <Run id="17">
    <Runtime unit="sec">0.019</Runtime>
    <Status>INVALID</Status>
  </Run>
</Results>
