<?xml version="1.0"?>
<Results xmlns:xsi="http://www.w3.org/2001/XMLSchema-instance">
  <MustElements property="[__GUARANTEE13]">
    <Runtime unit="sec">35.651</Runtime>
    <Must>DEFS__is_therapy._outvar</Must>
    <Must>DEFS__is_therapy.mode</Must>
    <Must>_TOP__ALARM.ALARM_OUT.Highest_Level_Alarm</Must>
    <Must>_TOP__ALARM.DB_IN.VTBI_High</Must>
    <Must>_TOP__ALARM.SYS_STAT_IN.In_Therapy</Must>
    <Must>_TOP__ALARM.SYS_STAT_IN.Volume_Infused</Must>
    <Must>_TOP__ALARM.TLM_MODE_IN.System_On</Must>
    <Must>_TOP__ALARM.__ALARM__ASSERT__4</Must>
    <Must>_TOP__ALARM.__ALARM__ASSERT__15</Must>
    <Must>_TOP__ALARM.__ALARM__ASSERT__16</Must>
    <Must>_TOP__ALARM.__ALARM__PROP__1</Must>
    <Must>_TOP__ALARM.__ALARM__PROP__2</Must>
    <Must>_TOP__ALARM.__ASSERT</Must>
    <Must>_TOP__ALARM.__ASSUME__CONJ</Must>
    <Must>_TOP__ALARM.__ASSUME__HIST</Must>
    <Must>_TOP__ASSERT__9</Must>
    <Must>_TOP__ASSERT__23</Must>
    <Must>_TOP__CONFIG.CONFIG_OUT.Flow_Rate_KVO</Must>
    <Must>_TOP__CONFIG.TLM_MODE_IN.System_On</Must>
    <Must>_TOP__CONFIG.__ASSERT</Must>
    <Must>_TOP__CONFIG.__ASSUME__CONJ</Must>
    <Must>_TOP__CONFIG.__ASSUME__HIST</Must>
    <Must>_TOP__CONFIG.__CONFIG__ASSERT__0</Must>
    <Must>_TOP__CONFIG.__CONFIG__PROP__0</Must>
    <Must>_TOP__IM.ALARM_IN.Highest_Level_Alarm</Must>
    <Must>_TOP__IM.CONFIG_IN.Flow_Rate_KVO</Must>
    <Must>_TOP__IM.DEFS__is_therapy._outvar</Must>
    <Must>_TOP__IM.DEFS__is_therapy.mode</Must>
    <Must>_TOP__IM.IM_OUT.Commanded_Flow_Rate</Must>
    <Must>_TOP__IM.__ASSERT</Must>
    <Must>_TOP__IM.__ASSUME__CONJ</Must>
    <Must>_TOP__IM.__ASSUME__HIST</Must>
    <Must>_TOP__IM.__IM__ASSERT__2</Must>
    <Must>_TOP__IM.__IM__ASSERT__7</Must>
    <Must>_TOP__IM.__IM__ASSERT__8</Must>
    <Must>_TOP__IM.__IM__PROP__0</Must>
    <Must>_TOP__IM.__IM__PROP__5</Must>
    <Must>_TOP__IM.__IM__PROP__6</Must>
    <Must>_TOP__OUTPUT.CONFIG_IN.Flow_Rate_KVO</Must>
    <Must>_TOP__OUTPUT.GPCA_SW_OUT.Commanded_Flow_Rate</Must>
    <Must>_TOP__OUTPUT.GPCA_SW_OUT.Current_System_Mode</Must>
    <Must>_TOP__OUTPUT.GPCA_SW_OUT.Flow_Rate_KVO</Must>
    <Must>_TOP__OUTPUT.GPCA_SW_OUT.Volume_Infused</Must>
    <Must>_TOP__OUTPUT.IM_IN.Commanded_Flow_Rate</Must>
    <Must>_TOP__OUTPUT.IM_IN.Current_System_Mode</Must>
    <Must>_TOP__OUTPUT.SYS_STAT_IN.Volume_Infused</Must>
    <Must>_TOP__OUTPUT.__ASSERT</Must>
    <Must>_TOP__OUTPUT.__ASSUME__CONJ</Must>
    <Must>_TOP__OUTPUT.__ASSUME__HIST</Must>
    <Must>_TOP__OUTPUT.__OUTPUT__PROP__1</Must>
    <Must>_TOP__OUTPUT.__OUTPUT__PROP__19</Must>
    <Must>_TOP__OUTPUT.__OUTPUT__PROP__27</Must>
    <Must>_TOP__OUTPUT.__OUTPUT__PROP__29</Must>
    <Must>_TOP__SYS_STAT.IM_IN.Current_System_Mode</Must>
    <Must>_TOP__SYS_STAT.SYS_STAT_OUT.In_Therapy</Must>
    <Must>_TOP__SYS_STAT.TLM_MODE_IN.System_On</Must>
    <Must>_TOP__SYS_STAT.__ASSERT</Must>
    <Must>_TOP__SYS_STAT.__ASSUME__CONJ</Must>
    <Must>_TOP__SYS_STAT.__ASSUME__HIST</Must>
    <Must>_TOP__SYS_STAT.__SYS_STAT__ASSERT__2</Must>
    <Must>_TOP__SYS_STAT.__SYS_STAT__PROP__2</Must>
    <Must>_TOP__TLM.OP_CMD_IN.System_Start</Must>
    <Must>_TOP__TLM.TLM_MODE_OUT.System_On</Must>
    <Must>_TOP__TLM.__ASSERT</Must>
    <Must>_TOP__TLM.__ASSUME__CONJ</Must>
    <Must>_TOP__TLM.__ASSUME__HIST</Must>
    <Must>_TOP__TLM.__TLM__ASSERT__0</Must>
    <Must>_TOP__TLM.__TLM__PROP__0</Must>
    <Must>__GUARANTEE13</Must>
  </MustElements>
</Results>
