<?xml version="1.0"?>
<Results xmlns:xsi="http://www.w3.org/2001/XMLSchema-instance">
  <MustElements property="[__GUARANTEE1]">
    <Runtime unit="sec">6.807</Runtime>
    <Must>_TOP__ALARM.CONFIG_IN.Configured</Must>
    <Must>_TOP__ALARM.Config_Timer</Must>
    <Must>_TOP__ALARM.__ALARM__ASSERT__12</Must>
    <Must>_TOP__ALARM.__ASSERT</Must>
    <Must>_TOP__ASSERT__7</Must>
    <Must>_TOP__OUTPUT.CONFIG_IN.Configured</Must>
    <Must>_TOP__OUTPUT.GPCA_SW_OUT.Configured</Must>
    <Must>_TOP__OUTPUT.__ASSERT</Must>
    <Must>_TOP__OUTPUT.__ASSUME__CONJ</Must>
    <Must>_TOP__OUTPUT.__ASSUME__HIST</Must>
    <Must>_TOP__OUTPUT.__OUTPUT__PROP__21</Must>
    <Must>__GUARANTEE1</Must>
  </MustElements>
</Results>
