<?xml version="1.0"?>
<Results xmlns:xsi="http://www.w3.org/2001/XMLSchema-instance">
  <MustElements property="[__GUARANTEE15]">
    <Runtime unit="sec">21.607</Runtime>
    <Must>_TOP__ALARM.ALARM_OUT.Highest_Level_Alarm</Must>
    <Must>_TOP__ALARM.SENSOR_IN.Air_In_Line</Must>
    <Must>_TOP__ALARM.TLM_MODE_IN.System_On</Must>
    <Must>_TOP__ALARM.__ALARM__ASSERT__4</Must>
    <Must>_TOP__ALARM.__ALARM__ASSERT__15</Must>
    <Must>_TOP__ALARM.__ALARM__ASSERT__16</Must>
    <Must>_TOP__ALARM.__ALARM__PROP__1</Must>
    <Must>_TOP__ALARM.__ALARM__PROP__2</Must>
    <Must>_TOP__ALARM.__ASSERT</Must>
    <Must>_TOP__ALARM.__ASSUME__CONJ</Must>
    <Must>_TOP__ALARM.__ASSUME__HIST</Must>
    <Must>_TOP__ASSERT__25</Must>
    <Must>_TOP__CONFIG.CONFIG_OUT.Flow_Rate_KVO</Must>
    <Must>_TOP__CONFIG.TLM_MODE_IN.System_On</Must>
    <Must>_TOP__CONFIG.__ASSERT</Must>
    <Must>_TOP__CONFIG.__ASSUME__CONJ</Must>
    <Must>_TOP__CONFIG.__ASSUME__HIST</Must>
    <Must>_TOP__CONFIG.__CONFIG__ASSERT__0</Must>
    <Must>_TOP__CONFIG.__CONFIG__PROP__0</Must>
    <Must>_TOP__IM.ALARM_IN.Highest_Level_Alarm</Must>
    <Must>_TOP__IM.CONFIG_IN.Flow_Rate_KVO</Must>
    <Must>_TOP__IM.DEFS__is_therapy._outvar</Must>
    <Must>_TOP__IM.DEFS__is_therapy.mode</Must>
    <Must>_TOP__IM.IM_OUT.Commanded_Flow_Rate</Must>
    <Must>_TOP__IM.__ASSERT</Must>
    <Must>_TOP__IM.__ASSUME__CONJ</Must>
    <Must>_TOP__IM.__ASSUME__HIST</Must>
    <Must>_TOP__IM.__IM__ASSERT__0</Must>
    <Must>_TOP__IM.__IM__ASSERT__2</Must>
    <Must>_TOP__IM.__IM__ASSERT__3</Must>
    <Must>_TOP__IM.__IM__ASSERT__7</Must>
    <Must>_TOP__IM.__IM__ASSERT__8</Must>
    <Must>_TOP__IM.__IM__PROP__0</Must>
    <Must>_TOP__IM.__IM__PROP__1</Must>
    <Must>_TOP__IM.__IM__PROP__5</Must>
    <Must>_TOP__IM.__IM__PROP__6</Must>
    <Must>_TOP__OUTPUT.CONFIG_IN.Flow_Rate_KVO</Must>
    <Must>_TOP__OUTPUT.GPCA_SW_OUT.Commanded_Flow_Rate</Must>
    <Must>_TOP__OUTPUT.GPCA_SW_OUT.Flow_Rate_KVO</Must>
    <Must>_TOP__OUTPUT.IM_IN.Commanded_Flow_Rate</Must>
    <Must>_TOP__OUTPUT.__ASSERT</Must>
    <Must>_TOP__OUTPUT.__ASSUME__CONJ</Must>
    <Must>_TOP__OUTPUT.__ASSUME__HIST</Must>
    <Must>_TOP__OUTPUT.__OUTPUT__PROP__19</Must>
    <Must>_TOP__OUTPUT.__OUTPUT__PROP__29</Must>
    <Must>_TOP__TLM.OP_CMD_IN.System_Start</Must>
    <Must>_TOP__TLM.TLM_MODE_OUT.System_On</Must>
    <Must>_TOP__TLM.__ASSERT</Must>
    <Must>_TOP__TLM.__ASSUME__CONJ</Must>
    <Must>_TOP__TLM.__ASSUME__HIST</Must>
    <Must>_TOP__TLM.__TLM__ASSERT__0</Must>
    <Must>_TOP__TLM.__TLM__PROP__0</Must>
    <Must>__GUARANTEE15</Must>
  </MustElements>
</Results>
