<?xml version="1.0"?>
<Results xmlns:xsi="http://www.w3.org/2001/XMLSchema-instance">
  <Property name="OK">
    <Runtime unit="sec">0.51</Runtime>
    <SupportRuntime unit="sec">0.028</SupportRuntime>
    <Answer source="pdr">valid</Answer>
    <K>1</K>
    <Invariant>((V41_time = 0) or (V41_time &lt;= (-1)))</Invariant>
    <Invariant>OK</Invariant>
    <Invariant>(not ((V41_time + (-6)) = 0))</Invariant>
    <Support>V52_c</Support>
    <Support>V14_a</Support>
    <Support>OK</Support>
    <Support>V41_time</Support>
    <Support>V15_b</Support>
  </Property>
</Results>
