<?xml version="1.0"?>
<Results xmlns:xsi="http://www.w3.org/2001/XMLSchema-instance">
  <Progress source="bmc" trueFor="1">
    <PropertyProgress name="__GUARANTEE4"/>
  </Progress>
  <Progress source="bmc" trueFor="2">
    <PropertyProgress name="__GUARANTEE4"/>
  </Progress>
  <Property name="__GUARANTEE4">
    <Runtime unit="sec">0.821</Runtime>
    <SupportRuntime unit="sec">0.44</SupportRuntime>
    <Answer source="k-induction">valid</Answer>
    <K>0</K>
    <Invariant>__GUARANTEE4</Invariant>
    <Support>Microwave_SEng5861__Display_Control__Impl__update_digit~0.mode</Support>
    <Support>Microwave_SEng5861__Display_Control__Impl__update_digit~1.defs__is_cooking~0._outvar</Support>
    <Support>Microwave_SEng5861__Display_Control__Impl__update_digit~0.defs__is_cooking~0.m</Support>
    <Support>__GUARANTEE4</Support>
    <Support>defs__is_setup~0._outvar</Support>
    <Support>Microwave_SEng5861__Display_Control__Impl__update_digit~2.defs__is_cooking~0.m</Support>
    <Support>Microwave_SEng5861__Display_Control__Impl__update_digit~2.clear_pressed</Support>
    <Support>Microwave_SEng5861__Display_Control__Impl__update_digit~2.defs__is_setup~0._outvar</Support>
    <Support>Microwave_SEng5861__Display_Control__Impl__update_digit~2.defs__is_cooking~0._outvar</Support>
    <Support>Microwave_SEng5861__Display_Control__Impl__update_digit~1.defs__is_setup~0._outvar</Support>
    <Support>Microwave_SEng5861__Display_Control__Impl__update_digit~1.digit</Support>
    <Support>Microwave_SEng5861__Display_Control__Impl__update_digit~0.clear_pressed</Support>
    <Support>Microwave_SEng5861__Display_Control__Impl__update_digit~0.defs__is_setup~0._outvar</Support>
    <Support>Microwave_SEng5861__Display_Control__Impl__update_digit~2.mode</Support>
    <Support>Microwave_SEng5861__Display_Control__Impl__update_digit~1.defs__is_cooking~0.m</Support>
    <Support>defs__is_setup~0.m</Support>
    <Support>Microwave_SEng5861__Display_Control__Impl__update_digit~2.digit</Support>
    <Support>Microwave_SEng5861__Display_Control__Impl__update_digit~1.clear_pressed</Support>
    <Support>Microwave_SEng5861__Display_Control__Impl__update_digit~0.defs__is_cooking~0._outvar</Support>
    <Support>Microwave_SEng5861__Display_Control__Impl__update_digit~1.mode</Support>
    <Support>Microwave_SEng5861__Display_Control__Impl__update_digit~2.defs__is_setup~0.m</Support>
    <Support>Microwave_SEng5861__Display_Control__Impl__update_digit~0.defs__is_setup~0.m</Support>
    <Support>Microwave_SEng5861__Display_Control__Impl__update_digit~1.defs__is_setup~0.m</Support>
    <Support>Microwave_SEng5861__Display_Control__Impl__update_digit~0.digit</Support>
  </Property>
</Results>
