<?xml version="1.0"?>
<Results xmlns:xsi="http://www.w3.org/2001/XMLSchema-instance">
  <Progress source="bmc" trueFor="1">
    <PropertyProgress name="OK"/>
  </Progress>
  <Progress source="bmc" trueFor="2">
    <PropertyProgress name="OK"/>
  </Progress>
  <Progress source="bmc" trueFor="3">
    <PropertyProgress name="OK"/>
  </Progress>
  <Progress source="bmc" trueFor="4">
    <PropertyProgress name="OK"/>
  </Progress>
  <Property name="OK">
    <Runtime unit="sec">0.418</Runtime>
    <SupportRuntime unit="sec">0.097</SupportRuntime>
    <Answer source="k-induction">valid</Answer>
    <K>1</K>
    <Invariant>OK</Invariant>
    <Support>V24_toofast</Support>
    <Support>V30_move</Support>
    <Support>OK</Support>
    <Support>V28_speed</Support>
  </Property>
</Results>
