<?xml version="1.0"?>
<Results xmlns:xsi="http://www.w3.org/2001/XMLSchema-instance">
  <Progress source="bmc" trueFor="1">
    <PropertyProgress name="OK"/>
  </Progress>
  <Progress source="bmc" trueFor="2">
    <PropertyProgress name="OK"/>
  </Progress>
  <Progress source="bmc" trueFor="3">
    <PropertyProgress name="OK"/>
  </Progress>
  <Progress source="bmc" trueFor="4">
    <PropertyProgress name="OK"/>
  </Progress>
  <Progress source="bmc" trueFor="5">
    <PropertyProgress name="OK"/>
  </Progress>
  <Progress source="bmc" trueFor="6">
    <PropertyProgress name="OK"/>
  </Progress>
  <Progress source="bmc" trueFor="7">
    <PropertyProgress name="OK"/>
  </Progress>
  <Progress source="bmc" trueFor="8">
    <PropertyProgress name="OK"/>
  </Progress>
  <Progress source="bmc" trueFor="9">
    <PropertyProgress name="OK"/>
  </Progress>
  <Progress source="bmc" trueFor="10">
    <PropertyProgress name="OK"/>
  </Progress>
  <Progress source="bmc" trueFor="11">
    <PropertyProgress name="OK"/>
  </Progress>
  <Progress source="bmc" trueFor="12">
    <PropertyProgress name="OK"/>
  </Progress>
  <Progress source="bmc" trueFor="13">
    <PropertyProgress name="OK"/>
  </Progress>
  <Progress source="bmc" trueFor="14">
    <PropertyProgress name="OK"/>
  </Progress>
  <Progress source="bmc" trueFor="15">
    <PropertyProgress name="OK"/>
  </Progress>
  <Progress source="bmc" trueFor="16">
    <PropertyProgress name="OK"/>
  </Progress>
  <Progress source="bmc" trueFor="17">
    <PropertyProgress name="OK"/>
  </Progress>
  <Progress source="bmc" trueFor="18">
    <PropertyProgress name="OK"/>
  </Progress>
  <Progress source="bmc" trueFor="19">
    <PropertyProgress name="OK"/>
  </Progress>
  <Progress source="bmc" trueFor="20">
    <PropertyProgress name="OK"/>
  </Progress>
  <Progress source="bmc" trueFor="21">
    <PropertyProgress name="OK"/>
  </Progress>
  <Progress source="bmc" trueFor="22">
    <PropertyProgress name="OK"/>
  </Progress>
  <Progress source="bmc" trueFor="23">
    <PropertyProgress name="OK"/>
  </Progress>
  <Progress source="bmc" trueFor="24">
    <PropertyProgress name="OK"/>
  </Progress>
  <Progress source="bmc" trueFor="25">
    <PropertyProgress name="OK"/>
  </Progress>
  <Progress source="bmc" trueFor="26">
    <PropertyProgress name="OK"/>
  </Progress>
  <Progress source="bmc" trueFor="27">
    <PropertyProgress name="OK"/>
  </Progress>
  <Progress source="bmc" trueFor="28">
    <PropertyProgress name="OK"/>
  </Progress>
  <Progress source="bmc" trueFor="29">
    <PropertyProgress name="OK"/>
  </Progress>
  <Progress source="bmc" trueFor="30">
    <PropertyProgress name="OK"/>
  </Progress>
  <Progress source="bmc" trueFor="31">
    <PropertyProgress name="OK"/>
  </Progress>
  <Progress source="bmc" trueFor="32">
    <PropertyProgress name="OK"/>
  </Progress>
  <Progress source="bmc" trueFor="33">
    <PropertyProgress name="OK"/>
  </Progress>
  <Progress source="bmc" trueFor="34">
    <PropertyProgress name="OK"/>
  </Progress>
  <Progress source="bmc" trueFor="35">
    <PropertyProgress name="OK"/>
  </Progress>
  <Progress source="bmc" trueFor="36">
    <PropertyProgress name="OK"/>
  </Progress>
  <Progress source="bmc" trueFor="37">
    <PropertyProgress name="OK"/>
  </Progress>
  <Progress source="bmc" trueFor="38">
    <PropertyProgress name="OK"/>
  </Progress>
  <Progress source="bmc" trueFor="39">
    <PropertyProgress name="OK"/>
  </Progress>
  <Progress source="bmc" trueFor="40">
    <PropertyProgress name="OK"/>
  </Progress>
  <Progress source="bmc" trueFor="41">
    <PropertyProgress name="OK"/>
  </Progress>
  <Progress source="bmc" trueFor="42">
    <PropertyProgress name="OK"/>
  </Progress>
  <Progress source="bmc" trueFor="43">
    <PropertyProgress name="OK"/>
  </Progress>
  <Progress source="bmc" trueFor="44">
    <PropertyProgress name="OK"/>
  </Progress>
  <Progress source="bmc" trueFor="45">
    <PropertyProgress name="OK"/>
  </Progress>
  <Progress source="bmc" trueFor="46">
    <PropertyProgress name="OK"/>
  </Progress>
  <Progress source="bmc" trueFor="47">
    <PropertyProgress name="OK"/>
  </Progress>
  <Progress source="bmc" trueFor="48">
    <PropertyProgress name="OK"/>
  </Progress>
  <Progress source="bmc" trueFor="49">
    <PropertyProgress name="OK"/>
  </Progress>
  <Progress source="bmc" trueFor="50">
    <PropertyProgress name="OK"/>
  </Progress>
  <Progress source="bmc" trueFor="51">
    <PropertyProgress name="OK"/>
  </Progress>
  <Progress source="bmc" trueFor="52">
    <PropertyProgress name="OK"/>
  </Progress>
  <Progress source="bmc" trueFor="53">
    <PropertyProgress name="OK"/>
  </Progress>
  <Progress source="bmc" trueFor="54">
    <PropertyProgress name="OK"/>
  </Progress>
  <Progress source="bmc" trueFor="55">
    <PropertyProgress name="OK"/>
  </Progress>
  <Progress source="bmc" trueFor="56">
    <PropertyProgress name="OK"/>
  </Progress>
  <Progress source="bmc" trueFor="57">
    <PropertyProgress name="OK"/>
  </Progress>
  <Property name="OK">
    <Runtime unit="sec">14.407</Runtime>
    <Answer source="pdr">valid</Answer>
    <K>1</K>
    <NumberOfIVCs>2</NumberOfIVCs>
    <MustElem>V24_toofast</MustElem>
    <MustElem>V30_move</MustElem>
    <MustElem>V27_dist</MustElem>
    <MustElem>OK</MustElem>
    <MustElem>V28_speed</MustElem>
    <IvcSet number="1">
    <Invariant>((((0 &lt;= ((V29_time + (-1)) + (-3))) or (not (V28_speed &lt;= 0))) or (V27_dist &lt;= 7)) or (not V30_move))</Invariant>
    <Invariant>((((V27_dist &lt;= 6) or (0 &lt;= (V29_time + (-3)))) or (not V30_move)) or (not (V28_speed &lt;= 1)))</Invariant>
    <Invariant>(((V28_speed &lt;= 0) or (V27_dist &lt;= 8)) or (not (V28_speed &lt;= 1)))</Invariant>
    <Invariant>(0 &lt;= V28_speed)</Invariant>
    <Invariant>((V29_time = 0) or (0 &lt;= (V29_time + (-1))))</Invariant>
    <Invariant>(((V24_toofast or (0 &lt;= (V29_time + (-3)))) or (V27_dist &lt;= 7)) or (not V30_move))</Invariant>
    <Invariant>(V27_dist &lt;= 10)</Invariant>
    <Invariant>((((not (V29_time = 0)) or (not (V28_speed &lt;= 1))) or (not V30_move)) or (V27_dist &lt;= 2))</Invariant>
    <Invariant>((((not (V29_time = 0)) or (not (V28_speed &lt;= 0))) or (V27_dist &lt;= 1)) or (not V30_move))</Invariant>
    <Invariant>((((0 &lt;= (V29_time + (-2))) or (V27_dist &lt;= 4)) or (not (V28_speed &lt;= 1))) or (not V30_move))</Invariant>
    <Invariant>OK</Invariant>
    <Invariant>((((not (V29_time = 0)) or V24_toofast) or (V27_dist &lt;= 3)) or (not V30_move))</Invariant>
    <Invariant>(((V24_toofast or (not (0 &lt;= (V27_dist + (-6))))) or (0 &lt;= (V29_time + (-2)))) or (not V30_move))</Invariant>
    <Invariant>((((not (V28_speed &lt;= 0)) or (0 &lt;= (V29_time + (-2)))) or (V27_dist &lt;= 3)) or (not V30_move))</Invariant>
    <Invariant>((V24_toofast or (V27_dist &lt;= 9)) or (not V30_move))</Invariant>
    <Invariant>(0 &lt;= V27_dist)</Invariant>
    <Invariant>((((0 &lt;= (V29_time + (-3))) or (not (0 &lt;= (V27_dist + (-6))))) or (not (V28_speed &lt;= 0))) or (not V30_move))</Invariant>
    <Ivc>V24_toofast</Ivc>
    <Ivc>V32_meter</Ivc>
    <Ivc>V30_move</Ivc>
    <Ivc>V25_stop</Ivc>
    <Ivc>V27_dist</Ivc>
    <Ivc>OK</Ivc>
    <Ivc>V31_second</Ivc>
    <Ivc>V28_speed</Ivc>
    <Ivc>V29_time</Ivc>
    </IvcSet>
    <IvcSet number="2">
    <Invariant>OK</Invariant>
    <Invariant>(0 &lt;= V27_dist)</Invariant>
    <Invariant>(0 &lt;= V28_speed)</Invariant>
    <Invariant>((V27_dist + (-10)) &lt;= 0)</Invariant>
    <Ivc>V26_bump</Ivc>
    <Ivc>V24_toofast</Ivc>
    <Ivc>V30_move</Ivc>
    <Ivc>V27_dist</Ivc>
    <Ivc>OK</Ivc>
    <Ivc>V28_speed</Ivc>
    </IvcSet>
  </Property>
</Results>
