<?xml version="1.0"?>
<Results xmlns:xsi="http://www.w3.org/2001/XMLSchema-instance">
  <Progress source="bmc" trueFor="1">
    <PropertyProgress name="__GUARANTEE4"/>
  </Progress>
  <Property name="__GUARANTEE4">
    <Runtime unit="sec">5.76</Runtime>
    <Answer source="k-induction">valid</Answer>
    <K>0</K>
    <NumberOfIVCs>1</NumberOfIVCs>
    <MustElem>Microwave_SEng5861__Display_Control__Impl__update_digit.defs__is_cooking._outvar</MustElem>
    <MustElem>Microwave_SEng5861__Display_Control__Impl__update_digit.defs__is_cooking.m</MustElem>
    <MustElem>Microwave_SEng5861__Display_Control__Impl__update_digit.defs__is_setup.m</MustElem>
    <MustElem>Microwave_SEng5861__Display_Control__Impl__update_digit.defs__is_setup._outvar</MustElem>
    <MustElem>Microwave_SEng5861__Display_Control__Impl__update_digit.clear_pressed</MustElem>
    <MustElem>defs__is_setup._outvar</MustElem>
    <MustElem>__GUARANTEE4</MustElem>
    <MustElem>defs__is_setup.m</MustElem>
    <MustElem>Microwave_SEng5861__Display_Control__Impl__update_digit.mode</MustElem>
    <MustElem>Microwave_SEng5861__Display_Control__Impl__update_digit.digit</MustElem>
    <IvcSet number="1">
    <Invariant>__GUARANTEE4</Invariant>
    <Ivc>Microwave_SEng5861__Display_Control__Impl__update_digit.defs__is_cooking._outvar</Ivc>
    <Ivc>Microwave_SEng5861__Display_Control__Impl__update_digit.defs__is_cooking.m</Ivc>
    <Ivc>Microwave_SEng5861__Display_Control__Impl__update_digit.defs__is_setup.m</Ivc>
    <Ivc>Microwave_SEng5861__Display_Control__Impl__update_digit.defs__is_setup._outvar</Ivc>
    <Ivc>Microwave_SEng5861__Display_Control__Impl__update_digit.clear_pressed</Ivc>
    <Ivc>defs__is_setup._outvar</Ivc>
    <Ivc>__GUARANTEE4</Ivc>
    <Ivc>defs__is_setup.m</Ivc>
    <Ivc>Microwave_SEng5861__Display_Control__Impl__update_digit.mode</Ivc>
    <Ivc>Microwave_SEng5861__Display_Control__Impl__update_digit.digit</Ivc>
    </IvcSet>
  </Property>
</Results>
