<?xml version="1.0"?>
<Results xmlns:xsi="http://www.w3.org/2001/XMLSchema-instance">
  <Progress source="bmc" trueFor="1">
    <PropertyProgress name="__GUARANTEE7"/>
  </Progress>
  <Progress source="bmc" trueFor="2">
    <PropertyProgress name="__GUARANTEE7"/>
  </Progress>
  <Progress source="bmc" trueFor="3">
    <PropertyProgress name="__GUARANTEE7"/>
  </Progress>
  <Progress source="bmc" trueFor="4">
    <PropertyProgress name="__GUARANTEE7"/>
  </Progress>
  <Progress source="bmc" trueFor="5">
    <PropertyProgress name="__GUARANTEE7"/>
  </Progress>
  <Progress source="bmc" trueFor="6">
    <PropertyProgress name="__GUARANTEE7"/>
  </Progress>
  <Progress source="bmc" trueFor="7">
    <PropertyProgress name="__GUARANTEE7"/>
  </Progress>
  <Progress source="bmc" trueFor="8">
    <PropertyProgress name="__GUARANTEE7"/>
  </Progress>
  <Progress source="bmc" trueFor="9">
    <PropertyProgress name="__GUARANTEE7"/>
  </Progress>
  <Progress source="bmc" trueFor="10">
    <PropertyProgress name="__GUARANTEE7"/>
  </Progress>
  <Property name="__GUARANTEE7">
    <Runtime unit="sec">13.107</Runtime>
    <Answer source="k-induction">valid</Answer>
    <K>1</K>
    <NumberOfIVCs>1</NumberOfIVCs>
    <MustElem>Microwave_SEng5861__Display_Control__Impl__update_digit.defs__is_cooking._outvar</MustElem>
    <MustElem>Microwave_SEng5861__Display_Control__Impl__update_digit.defs__is_cooking.m</MustElem>
    <MustElem>Microwave_SEng5861__Display_Control__Impl__update_digit.carry_in</MustElem>
    <MustElem>Microwave_SEng5861__Display_Control__Impl__update_digit.prev_at_zero</MustElem>
    <MustElem>defs__is_cooking.m</MustElem>
    <MustElem>__GUARANTEE7</MustElem>
    <MustElem>defs__is_cooking._outvar</MustElem>
    <MustElem>Microwave_SEng5861__Display_Control__Impl__update_digit.mode</MustElem>
    <MustElem>Microwave_SEng5861__Display_Control__Impl__update_digit.carry_out</MustElem>
    <MustElem>Microwave_SEng5861__Display_Control__Impl__update_digit.digit</MustElem>
    <MustElem>Microwave_SEng5861__Display_Control__Impl__update_digit.carry_value</MustElem>
    <IvcSet number="1">
    <Invariant>__GUARANTEE7</Invariant>
    <Ivc>Microwave_SEng5861__Display_Control__Impl__update_digit.defs__is_cooking._outvar</Ivc>
    <Ivc>Microwave_SEng5861__Display_Control__Impl__update_digit.defs__is_cooking.m</Ivc>
    <Ivc>Microwave_SEng5861__Display_Control__Impl__update_digit.carry_in</Ivc>
    <Ivc>Microwave_SEng5861__Display_Control__Impl__update_digit.prev_at_zero</Ivc>
    <Ivc>defs__is_cooking.m</Ivc>
    <Ivc>__GUARANTEE7</Ivc>
    <Ivc>defs__is_cooking._outvar</Ivc>
    <Ivc>Microwave_SEng5861__Display_Control__Impl__update_digit.mode</Ivc>
    <Ivc>Microwave_SEng5861__Display_Control__Impl__update_digit.carry_out</Ivc>
    <Ivc>Microwave_SEng5861__Display_Control__Impl__update_digit.digit</Ivc>
    <Ivc>Microwave_SEng5861__Display_Control__Impl__update_digit.carry_value</Ivc>
    </IvcSet>
  </Property>
</Results>
