<?xml version="1.0"?>
<Results xmlns:xsi="http://www.w3.org/2001/XMLSchema-instance">
  <Progress source="bmc" trueFor="1">
    <PropertyProgress name="__GUARANTEE5"/>
  </Progress>
  <Progress source="bmc" trueFor="2">
    <PropertyProgress name="__GUARANTEE5"/>
  </Progress>
  <Progress source="bmc" trueFor="3">
    <PropertyProgress name="__GUARANTEE5"/>
  </Progress>
  <Progress source="bmc" trueFor="4">
    <PropertyProgress name="__GUARANTEE5"/>
  </Progress>
  <Progress source="bmc" trueFor="5">
    <PropertyProgress name="__GUARANTEE5"/>
  </Progress>
  <Progress source="bmc" trueFor="6">
    <PropertyProgress name="__GUARANTEE5"/>
  </Progress>
  <Progress source="bmc" trueFor="7">
    <PropertyProgress name="__GUARANTEE5"/>
  </Progress>
  <Progress source="bmc" trueFor="8">
    <PropertyProgress name="__GUARANTEE5"/>
  </Progress>
  <Progress source="bmc" trueFor="9">
    <PropertyProgress name="__GUARANTEE5"/>
  </Progress>
  <Progress source="bmc" trueFor="10">
    <PropertyProgress name="__GUARANTEE5"/>
  </Progress>
  <Progress source="bmc" trueFor="11">
    <PropertyProgress name="__GUARANTEE5"/>
  </Progress>
  <Progress source="bmc" trueFor="12">
    <PropertyProgress name="__GUARANTEE5"/>
  </Progress>
  <Progress source="bmc" trueFor="13">
    <PropertyProgress name="__GUARANTEE5"/>
  </Progress>
  <Progress source="bmc" trueFor="14">
    <PropertyProgress name="__GUARANTEE5"/>
  </Progress>
  <Progress source="bmc" trueFor="15">
    <PropertyProgress name="__GUARANTEE5"/>
  </Progress>
  <Progress source="bmc" trueFor="16">
    <PropertyProgress name="__GUARANTEE5"/>
  </Progress>
  <Progress source="bmc" trueFor="17">
    <PropertyProgress name="__GUARANTEE5"/>
  </Progress>
  <Progress source="bmc" trueFor="18">
    <PropertyProgress name="__GUARANTEE5"/>
  </Progress>
  <Progress source="bmc" trueFor="19">
    <PropertyProgress name="__GUARANTEE5"/>
  </Progress>
  <Progress source="bmc" trueFor="20">
    <PropertyProgress name="__GUARANTEE5"/>
  </Progress>
  <Progress source="bmc" trueFor="21">
    <PropertyProgress name="__GUARANTEE5"/>
  </Progress>
  <Progress source="bmc" trueFor="22">
    <PropertyProgress name="__GUARANTEE5"/>
  </Progress>
  <Progress source="bmc" trueFor="23">
    <PropertyProgress name="__GUARANTEE5"/>
  </Progress>
  <Progress source="bmc" trueFor="24">
    <PropertyProgress name="__GUARANTEE5"/>
  </Progress>
  <Progress source="bmc" trueFor="25">
    <PropertyProgress name="__GUARANTEE5"/>
  </Progress>
  <Progress source="bmc" trueFor="26">
    <PropertyProgress name="__GUARANTEE5"/>
  </Progress>
  <Progress source="bmc" trueFor="27">
    <PropertyProgress name="__GUARANTEE5"/>
  </Progress>
  <Progress source="bmc" trueFor="28">
    <PropertyProgress name="__GUARANTEE5"/>
  </Progress>
  <Progress source="bmc" trueFor="29">
    <PropertyProgress name="__GUARANTEE5"/>
  </Progress>
  <Progress source="bmc" trueFor="30">
    <PropertyProgress name="__GUARANTEE5"/>
  </Progress>
  <Progress source="bmc" trueFor="31">
    <PropertyProgress name="__GUARANTEE5"/>
  </Progress>
  <Progress source="bmc" trueFor="32">
    <PropertyProgress name="__GUARANTEE5"/>
  </Progress>
  <Progress source="bmc" trueFor="33">
    <PropertyProgress name="__GUARANTEE5"/>
  </Progress>
  <Progress source="bmc" trueFor="34">
    <PropertyProgress name="__GUARANTEE5"/>
  </Progress>
  <Progress source="bmc" trueFor="35">
    <PropertyProgress name="__GUARANTEE5"/>
  </Progress>
  <Progress source="bmc" trueFor="36">
    <PropertyProgress name="__GUARANTEE5"/>
  </Progress>
  <Property name="__GUARANTEE5">
    <Runtime unit="sec">219.68</Runtime>
    <Answer source="pdr">valid</Answer>
    <K>1</K>
    <NumberOfIVCs>1</NumberOfIVCs>
    <MustElem>Microwave_SEng5861__Display_Control__Impl__update_digit.defs__is_cooking.m</MustElem>
    <MustElem>Microwave_SEng5861__Display_Control__Impl__update_digit.defs__is_cooking._outvar</MustElem>
    <MustElem>Microwave_SEng5861__Display_Control__Impl__update_digit.clear_pressed</MustElem>
    <MustElem>defs__is_setup._outvar</MustElem>
    <MustElem>__GUARANTEE5</MustElem>
    <MustElem>Microwave_SEng5861__Display_Control__Impl__update_digit.digit_pressed</MustElem>
    <MustElem>defs__is_setup.m</MustElem>
    <MustElem>Microwave_SEng5861__Display_Control__Impl__update_digit.mode</MustElem>
    <MustElem>Microwave_SEng5861__Display_Control__Impl__update_digit.digit</MustElem>
    <IvcSet number="1">
    <Invariant>__GUARANTEE5</Invariant>
    <Ivc>Microwave_SEng5861__Display_Control__Impl__update_digit.defs__is_cooking._outvar</Ivc>
    <Ivc>Microwave_SEng5861__Display_Control__Impl__update_digit.defs__is_cooking.m</Ivc>
    <Ivc>Microwave_SEng5861__Display_Control__Impl__update_digit.clear_pressed</Ivc>
    <Ivc>defs__is_setup._outvar</Ivc>
    <Ivc>__GUARANTEE5</Ivc>
    <Ivc>Microwave_SEng5861__Display_Control__Impl__update_digit.digit_pressed</Ivc>
    <Ivc>defs__is_setup.m</Ivc>
    <Ivc>Microwave_SEng5861__Display_Control__Impl__update_digit.mode</Ivc>
    <Ivc>Microwave_SEng5861__Display_Control__Impl__update_digit.digit</Ivc>
    </IvcSet>
  </Property>
</Results>
