<?xml version="1.0"?>
<Results xmlns:xsi="http://www.w3.org/2001/XMLSchema-instance">
  <Property name="__GUARANTEE6">
    <Runtime unit="sec">1.547</Runtime>
    <Answer source="k-induction">valid</Answer>
    <K>0</K>
    <NumberOfIVCs>1</NumberOfIVCs>
    <MustElem>defs__initially_true.result</MustElem>
    <MustElem>__GUARANTEE6</MustElem>
    <MustElem>defs__initially_true.b</MustElem>
    <MustElem>Microwave_SEng5861__Display_Control__Impl__update_digit.digit</MustElem>
    <IvcSet number="1">
    <Invariant>__GUARANTEE6</Invariant>
    <Ivc>defs__initially_true.result</Ivc>
    <Ivc>__GUARANTEE6</Ivc>
    <Ivc>defs__initially_true.b</Ivc>
    <Ivc>Microwave_SEng5861__Display_Control__Impl__update_digit.digit</Ivc>
    </IvcSet>
  </Property>
</Results>
