<?xml version="1.0"?>
<Results xmlns:xsi="http://www.w3.org/2001/XMLSchema-instance">
   <UcRuntime unit="sec">0.016</UcRuntime>
   <Timeout unit="sec">62.04</Timeout>
   <ProofTime unit="sec">0.188</ProofTime>
   <Runtime unit="sec">0.20400000000000001</Runtime>
   <IVC>OK</IVC>
   <IVC>V70_invalid</IVC>
   <IVC>V72_env</IVC>
   <IVC>V132_g01</IVC>
   <IVC>V133_g02</IVC>
   <IVC>V138_g07</IVC>
   <IVC>V139_g08</IVC>
   <IVC>V144_mem_init</IVC>
   <IVC>V165_X</IVC>
   <TRIVC>V72_env</TRIVC>
   <TRIVC>V138_g07</TRIVC>
   <TRIVC>V144_mem_init</TRIVC>
   <TRIVC>V70_invalid</TRIVC>
   <TRIVC>V132_g01</TRIVC>
   <TRIVC>OK</TRIVC>
   <TRIVC>V139_g08</TRIVC>
   <TRIVC>V133_g02</TRIVC>
   <TRIVC>V165_X</TRIVC>
</Results>
