<?xml version="1.0"?>
<Results xmlns:xsi="http://www.w3.org/2001/XMLSchema-instance">
  <Progress source="bmc" trueFor="1">
    <PropertyProgress name="OK"/>
  </Progress>
  <Progress source="bmc" trueFor="2">
    <PropertyProgress name="OK"/>
  </Progress>
  <Progress source="bmc" trueFor="3">
    <PropertyProgress name="OK"/>
  </Progress>
  <Progress source="bmc" trueFor="4">
    <PropertyProgress name="OK"/>
  </Progress>
  <Progress source="bmc" trueFor="5">
    <PropertyProgress name="OK"/>
  </Progress>
  <Progress source="bmc" trueFor="6">
    <PropertyProgress name="OK"/>
  </Progress>
  <Progress source="bmc" trueFor="7">
    <PropertyProgress name="OK"/>
  </Progress>
  <Progress source="bmc" trueFor="8">
    <PropertyProgress name="OK"/>
  </Progress>
  <Progress source="bmc" trueFor="9">
    <PropertyProgress name="OK"/>
  </Progress>
  <Progress source="bmc" trueFor="10">
    <PropertyProgress name="OK"/>
  </Progress>
  <Progress source="bmc" trueFor="11">
    <PropertyProgress name="OK"/>
  </Progress>
  <Progress source="bmc" trueFor="12">
    <PropertyProgress name="OK"/>
  </Progress>
  <Progress source="bmc" trueFor="13">
    <PropertyProgress name="OK"/>
  </Progress>
  <Progress source="bmc" trueFor="14">
    <PropertyProgress name="OK"/>
  </Progress>
  <Progress source="bmc" trueFor="15">
    <PropertyProgress name="OK"/>
  </Progress>
  <Progress source="bmc" trueFor="16">
    <PropertyProgress name="OK"/>
  </Progress>
  <Progress source="bmc" trueFor="17">
    <PropertyProgress name="OK"/>
  </Progress>
  <Progress source="bmc" trueFor="18">
    <PropertyProgress name="OK"/>
  </Progress>
  <Progress source="bmc" trueFor="19">
    <PropertyProgress name="OK"/>
  </Progress>
  <Progress source="bmc" trueFor="20">
    <PropertyProgress name="OK"/>
  </Progress>
  <Progress source="bmc" trueFor="21">
    <PropertyProgress name="OK"/>
  </Progress>
  <Progress source="bmc" trueFor="22">
    <PropertyProgress name="OK"/>
  </Progress>
  <Progress source="bmc" trueFor="23">
    <PropertyProgress name="OK"/>
  </Progress>
  <Progress source="bmc" trueFor="24">
    <PropertyProgress name="OK"/>
  </Progress>
  <Progress source="bmc" trueFor="25">
    <PropertyProgress name="OK"/>
  </Progress>
  <Progress source="bmc" trueFor="26">
    <PropertyProgress name="OK"/>
  </Progress>
  <Progress source="bmc" trueFor="27">
    <PropertyProgress name="OK"/>
  </Progress>
  <Progress source="bmc" trueFor="28">
    <PropertyProgress name="OK"/>
  </Progress>
  <Progress source="bmc" trueFor="29">
    <PropertyProgress name="OK"/>
  </Progress>
  <Progress source="bmc" trueFor="30">
    <PropertyProgress name="OK"/>
  </Progress>
  <Progress source="bmc" trueFor="31">
    <PropertyProgress name="OK"/>
  </Progress>
  <Progress source="bmc" trueFor="32">
    <PropertyProgress name="OK"/>
  </Progress>
  <Progress source="bmc" trueFor="33">
    <PropertyProgress name="OK"/>
  </Progress>
  <Progress source="bmc" trueFor="34">
    <PropertyProgress name="OK"/>
  </Progress>
  <Progress source="bmc" trueFor="35">
    <PropertyProgress name="OK"/>
  </Progress>
  <Progress source="bmc" trueFor="36">
    <PropertyProgress name="OK"/>
  </Progress>
  <Progress source="bmc" trueFor="37">
    <PropertyProgress name="OK"/>
  </Progress>
  <Progress source="bmc" trueFor="38">
    <PropertyProgress name="OK"/>
  </Progress>
  <Progress source="bmc" trueFor="39">
    <PropertyProgress name="OK"/>
  </Progress>
  <Progress source="bmc" trueFor="40">
    <PropertyProgress name="OK"/>
  </Progress>
  <Progress source="bmc" trueFor="41">
    <PropertyProgress name="OK"/>
  </Progress>
  <Progress source="bmc" trueFor="42">
    <PropertyProgress name="OK"/>
  </Progress>
  <Progress source="bmc" trueFor="43">
    <PropertyProgress name="OK"/>
  </Progress>
  <Progress source="bmc" trueFor="44">
    <PropertyProgress name="OK"/>
  </Progress>
  <Progress source="bmc" trueFor="45">
    <PropertyProgress name="OK"/>
  </Progress>
  <Progress source="bmc" trueFor="46">
    <PropertyProgress name="OK"/>
  </Progress>
  <Progress source="bmc" trueFor="47">
    <PropertyProgress name="OK"/>
  </Progress>
  <Progress source="bmc" trueFor="48">
    <PropertyProgress name="OK"/>
  </Progress>
  <Progress source="bmc" trueFor="49">
    <PropertyProgress name="OK"/>
  </Progress>
  <Progress source="bmc" trueFor="50">
    <PropertyProgress name="OK"/>
  </Progress>
  <Progress source="bmc" trueFor="51">
    <PropertyProgress name="OK"/>
  </Progress>
  <Progress source="bmc" trueFor="52">
    <PropertyProgress name="OK"/>
  </Progress>
  <Progress source="bmc" trueFor="53">
    <PropertyProgress name="OK"/>
  </Progress>
  <Progress source="bmc" trueFor="54">
    <PropertyProgress name="OK"/>
  </Progress>
  <Progress source="bmc" trueFor="55">
    <PropertyProgress name="OK"/>
  </Progress>
  <Progress source="bmc" trueFor="56">
    <PropertyProgress name="OK"/>
  </Progress>
  <Progress source="bmc" trueFor="57">
    <PropertyProgress name="OK"/>
  </Progress>
  <Progress source="bmc" trueFor="58">
    <PropertyProgress name="OK"/>
  </Progress>
  <Progress source="bmc" trueFor="59">
    <PropertyProgress name="OK"/>
  </Progress>
  <Progress source="bmc" trueFor="60">
    <PropertyProgress name="OK"/>
  </Progress>
  <Progress source="bmc" trueFor="61">
    <PropertyProgress name="OK"/>
  </Progress>
  <Progress source="bmc" trueFor="62">
    <PropertyProgress name="OK"/>
  </Progress>
  <Progress source="bmc" trueFor="63">
    <PropertyProgress name="OK"/>
  </Progress>
  <Progress source="bmc" trueFor="64">
    <PropertyProgress name="OK"/>
  </Progress>
  <Progress source="bmc" trueFor="65">
    <PropertyProgress name="OK"/>
  </Progress>
  <Progress source="bmc" trueFor="66">
    <PropertyProgress name="OK"/>
  </Progress>
  <Progress source="bmc" trueFor="67">
    <PropertyProgress name="OK"/>
  </Progress>
  <Progress source="bmc" trueFor="68">
    <PropertyProgress name="OK"/>
  </Progress>
  <Progress source="bmc" trueFor="69">
    <PropertyProgress name="OK"/>
  </Progress>
  <Progress source="bmc" trueFor="70">
    <PropertyProgress name="OK"/>
  </Progress>
  <Progress source="bmc" trueFor="71">
    <PropertyProgress name="OK"/>
  </Progress>
  <Progress source="bmc" trueFor="72">
    <PropertyProgress name="OK"/>
  </Progress>
  <Progress source="bmc" trueFor="73">
    <PropertyProgress name="OK"/>
  </Progress>
  <Progress source="bmc" trueFor="74">
    <PropertyProgress name="OK"/>
  </Progress>
  <Progress source="bmc" trueFor="75">
    <PropertyProgress name="OK"/>
  </Progress>
  <Progress source="bmc" trueFor="76">
    <PropertyProgress name="OK"/>
  </Progress>
  <Progress source="bmc" trueFor="77">
    <PropertyProgress name="OK"/>
  </Progress>
  <Progress source="bmc" trueFor="78">
    <PropertyProgress name="OK"/>
  </Progress>
  <Progress source="bmc" trueFor="79">
    <PropertyProgress name="OK"/>
  </Progress>
  <Progress source="bmc" trueFor="80">
    <PropertyProgress name="OK"/>
  </Progress>
  <Progress source="bmc" trueFor="81">
    <PropertyProgress name="OK"/>
  </Progress>
  <Progress source="bmc" trueFor="82">
    <PropertyProgress name="OK"/>
  </Progress>
  <Progress source="bmc" trueFor="83">
    <PropertyProgress name="OK"/>
  </Progress>
  <Progress source="bmc" trueFor="84">
    <PropertyProgress name="OK"/>
  </Progress>
  <Progress source="bmc" trueFor="85">
    <PropertyProgress name="OK"/>
  </Progress>
  <Progress source="bmc" trueFor="86">
    <PropertyProgress name="OK"/>
  </Progress>
  <Progress source="bmc" trueFor="87">
    <PropertyProgress name="OK"/>
  </Progress>
  <Progress source="bmc" trueFor="88">
    <PropertyProgress name="OK"/>
  </Progress>
  <Progress source="bmc" trueFor="89">
    <PropertyProgress name="OK"/>
  </Progress>
  <Progress source="bmc" trueFor="90">
    <PropertyProgress name="OK"/>
  </Progress>
  <Progress source="bmc" trueFor="91">
    <PropertyProgress name="OK"/>
  </Progress>
  <Progress source="bmc" trueFor="92">
    <PropertyProgress name="OK"/>
  </Progress>
  <Progress source="bmc" trueFor="93">
    <PropertyProgress name="OK"/>
  </Progress>
  <Progress source="bmc" trueFor="94">
    <PropertyProgress name="OK"/>
  </Progress>
  <Progress source="bmc" trueFor="95">
    <PropertyProgress name="OK"/>
  </Progress>
  <Progress source="bmc" trueFor="96">
    <PropertyProgress name="OK"/>
  </Progress>
  <Progress source="bmc" trueFor="97">
    <PropertyProgress name="OK"/>
  </Progress>
  <Progress source="bmc" trueFor="98">
    <PropertyProgress name="OK"/>
  </Progress>
  <Progress source="bmc" trueFor="99">
    <PropertyProgress name="OK"/>
  </Progress>
  <Progress source="bmc" trueFor="100">
    <PropertyProgress name="OK"/>
  </Progress>
  <Progress source="bmc" trueFor="101">
    <PropertyProgress name="OK"/>
  </Progress>
  <Progress source="bmc" trueFor="102">
    <PropertyProgress name="OK"/>
  </Progress>
  <Progress source="bmc" trueFor="103">
    <PropertyProgress name="OK"/>
  </Progress>
  <Progress source="bmc" trueFor="104">
    <PropertyProgress name="OK"/>
  </Progress>
  <Progress source="bmc" trueFor="105">
    <PropertyProgress name="OK"/>
  </Progress>
  <Progress source="bmc" trueFor="106">
    <PropertyProgress name="OK"/>
  </Progress>
  <Progress source="bmc" trueFor="107">
    <PropertyProgress name="OK"/>
  </Progress>
  <Progress source="bmc" trueFor="108">
    <PropertyProgress name="OK"/>
  </Progress>
  <Progress source="bmc" trueFor="109">
    <PropertyProgress name="OK"/>
  </Progress>
  <Progress source="bmc" trueFor="110">
    <PropertyProgress name="OK"/>
  </Progress>
  <Progress source="bmc" trueFor="111">
    <PropertyProgress name="OK"/>
  </Progress>
  <Progress source="bmc" trueFor="112">
    <PropertyProgress name="OK"/>
  </Progress>
  <Progress source="bmc" trueFor="113">
    <PropertyProgress name="OK"/>
  </Progress>
  <Progress source="bmc" trueFor="114">
    <PropertyProgress name="OK"/>
  </Progress>
  <Progress source="bmc" trueFor="115">
    <PropertyProgress name="OK"/>
  </Progress>
  <Progress source="bmc" trueFor="116">
    <PropertyProgress name="OK"/>
  </Progress>
  <Progress source="bmc" trueFor="117">
    <PropertyProgress name="OK"/>
  </Progress>
  <Progress source="bmc" trueFor="118">
    <PropertyProgress name="OK"/>
  </Progress>
  <Progress source="bmc" trueFor="119">
    <PropertyProgress name="OK"/>
  </Progress>
  <Progress source="bmc" trueFor="120">
    <PropertyProgress name="OK"/>
  </Progress>
  <Progress source="bmc" trueFor="121">
    <PropertyProgress name="OK"/>
  </Progress>
  <Progress source="bmc" trueFor="122">
    <PropertyProgress name="OK"/>
  </Progress>
  <Progress source="bmc" trueFor="123">
    <PropertyProgress name="OK"/>
  </Progress>
  <Progress source="bmc" trueFor="124">
    <PropertyProgress name="OK"/>
  </Progress>
  <Progress source="bmc" trueFor="125">
    <PropertyProgress name="OK"/>
  </Progress>
  <Progress source="bmc" trueFor="126">
    <PropertyProgress name="OK"/>
  </Progress>
  <Progress source="bmc" trueFor="127">
    <PropertyProgress name="OK"/>
  </Progress>
  <Progress source="bmc" trueFor="128">
    <PropertyProgress name="OK"/>
  </Progress>
  <Progress source="bmc" trueFor="129">
    <PropertyProgress name="OK"/>
  </Progress>
  <Progress source="bmc" trueFor="130">
    <PropertyProgress name="OK"/>
  </Progress>
  <Progress source="bmc" trueFor="131">
    <PropertyProgress name="OK"/>
  </Progress>
  <Progress source="bmc" trueFor="132">
    <PropertyProgress name="OK"/>
  </Progress>
  <Progress source="bmc" trueFor="133">
    <PropertyProgress name="OK"/>
  </Progress>
  <Progress source="bmc" trueFor="134">
    <PropertyProgress name="OK"/>
  </Progress>
  <Progress source="bmc" trueFor="135">
    <PropertyProgress name="OK"/>
  </Progress>
  <Progress source="bmc" trueFor="136">
    <PropertyProgress name="OK"/>
  </Progress>
  <Progress source="bmc" trueFor="137">
    <PropertyProgress name="OK"/>
  </Progress>
  <Progress source="bmc" trueFor="138">
    <PropertyProgress name="OK"/>
  </Progress>
  <Progress source="bmc" trueFor="139">
    <PropertyProgress name="OK"/>
  </Progress>
  <Progress source="bmc" trueFor="140">
    <PropertyProgress name="OK"/>
  </Progress>
  <Progress source="bmc" trueFor="141">
    <PropertyProgress name="OK"/>
  </Progress>
  <Progress source="bmc" trueFor="142">
    <PropertyProgress name="OK"/>
  </Progress>
  <Progress source="bmc" trueFor="143">
    <PropertyProgress name="OK"/>
  </Progress>
  <Progress source="bmc" trueFor="144">
    <PropertyProgress name="OK"/>
  </Progress>
  <Progress source="bmc" trueFor="145">
    <PropertyProgress name="OK"/>
  </Progress>
  <Progress source="bmc" trueFor="146">
    <PropertyProgress name="OK"/>
  </Progress>
  <Progress source="bmc" trueFor="147">
    <PropertyProgress name="OK"/>
  </Progress>
  <Progress source="bmc" trueFor="148">
    <PropertyProgress name="OK"/>
  </Progress>
  <Progress source="bmc" trueFor="149">
    <PropertyProgress name="OK"/>
  </Progress>
  <Progress source="bmc" trueFor="150">
    <PropertyProgress name="OK"/>
  </Progress>
  <Progress source="bmc" trueFor="151">
    <PropertyProgress name="OK"/>
  </Progress>
  <Progress source="bmc" trueFor="152">
    <PropertyProgress name="OK"/>
  </Progress>
  <Progress source="bmc" trueFor="153">
    <PropertyProgress name="OK"/>
  </Progress>
  <Progress source="bmc" trueFor="154">
    <PropertyProgress name="OK"/>
  </Progress>
  <Progress source="bmc" trueFor="155">
    <PropertyProgress name="OK"/>
  </Progress>
  <Progress source="bmc" trueFor="156">
    <PropertyProgress name="OK"/>
  </Progress>
  <Progress source="bmc" trueFor="157">
    <PropertyProgress name="OK"/>
  </Progress>
  <Progress source="bmc" trueFor="158">
    <PropertyProgress name="OK"/>
  </Progress>
  <Progress source="bmc" trueFor="159">
    <PropertyProgress name="OK"/>
  </Progress>
  <Progress source="bmc" trueFor="160">
    <PropertyProgress name="OK"/>
  </Progress>
  <Progress source="bmc" trueFor="161">
    <PropertyProgress name="OK"/>
  </Progress>
  <Progress source="bmc" trueFor="162">
    <PropertyProgress name="OK"/>
  </Progress>
  <Progress source="bmc" trueFor="163">
    <PropertyProgress name="OK"/>
  </Progress>
  <Progress source="bmc" trueFor="164">
    <PropertyProgress name="OK"/>
  </Progress>
  <Progress source="bmc" trueFor="165">
    <PropertyProgress name="OK"/>
  </Progress>
  <Progress source="bmc" trueFor="166">
    <PropertyProgress name="OK"/>
  </Progress>
  <Progress source="bmc" trueFor="167">
    <PropertyProgress name="OK"/>
  </Progress>
  <Progress source="bmc" trueFor="168">
    <PropertyProgress name="OK"/>
  </Progress>
  <Progress source="bmc" trueFor="169">
    <PropertyProgress name="OK"/>
  </Progress>
  <Progress source="bmc" trueFor="170">
    <PropertyProgress name="OK"/>
  </Progress>
  <Progress source="bmc" trueFor="171">
    <PropertyProgress name="OK"/>
  </Progress>
  <Progress source="bmc" trueFor="172">
    <PropertyProgress name="OK"/>
  </Progress>
  <Progress source="bmc" trueFor="173">
    <PropertyProgress name="OK"/>
  </Progress>
  <Progress source="bmc" trueFor="174">
    <PropertyProgress name="OK"/>
  </Progress>
  <Progress source="bmc" trueFor="175">
    <PropertyProgress name="OK"/>
  </Progress>
  <Progress source="bmc" trueFor="176">
    <PropertyProgress name="OK"/>
  </Progress>
  <Progress source="bmc" trueFor="177">
    <PropertyProgress name="OK"/>
  </Progress>
  <Progress source="bmc" trueFor="178">
    <PropertyProgress name="OK"/>
  </Progress>
  <Progress source="bmc" trueFor="179">
    <PropertyProgress name="OK"/>
  </Progress>
  <Progress source="bmc" trueFor="180">
    <PropertyProgress name="OK"/>
  </Progress>
  <Progress source="bmc" trueFor="181">
    <PropertyProgress name="OK"/>
  </Progress>
  <Progress source="bmc" trueFor="182">
    <PropertyProgress name="OK"/>
  </Progress>
  <Progress source="bmc" trueFor="183">
    <PropertyProgress name="OK"/>
  </Progress>
  <Property name="OK">
    <Runtime unit="sec">700.048</Runtime>
    <Answer>unknown</Answer>
    <TrueFor>183</TrueFor>
  </Property>
</Results>
