<?xml version="1.0"?>
<Results xmlns:xsi="http://www.w3.org/2001/XMLSchema-instance">
  <Progress source="bmc" trueFor="1">
    <PropertyProgress name="OK"/>
  </Progress>
  <Progress source="bmc" trueFor="2">
    <PropertyProgress name="OK"/>
  </Progress>
  <Progress source="bmc" trueFor="3">
    <PropertyProgress name="OK"/>
  </Progress>
  <Progress source="bmc" trueFor="4">
    <PropertyProgress name="OK"/>
  </Progress>
  <Progress source="bmc" trueFor="5">
    <PropertyProgress name="OK"/>
  </Progress>
  <Progress source="bmc" trueFor="6">
    <PropertyProgress name="OK"/>
  </Progress>
  <Progress source="bmc" trueFor="7">
    <PropertyProgress name="OK"/>
  </Progress>
  <Progress source="bmc" trueFor="8">
    <PropertyProgress name="OK"/>
  </Progress>
  <Progress source="bmc" trueFor="9">
    <PropertyProgress name="OK"/>
  </Progress>
  <Progress source="bmc" trueFor="10">
    <PropertyProgress name="OK"/>
  </Progress>
  <Progress source="bmc" trueFor="11">
    <PropertyProgress name="OK"/>
  </Progress>
  <Progress source="bmc" trueFor="12">
    <PropertyProgress name="OK"/>
  </Progress>
  <Progress source="bmc" trueFor="13">
    <PropertyProgress name="OK"/>
  </Progress>
  <Progress source="bmc" trueFor="14">
    <PropertyProgress name="OK"/>
  </Progress>
  <Progress source="bmc" trueFor="15">
    <PropertyProgress name="OK"/>
  </Progress>
  <Property name="OK">
    <Runtime unit="sec">1.018</Runtime>
    <SupportRuntime unit="sec">0.038</SupportRuntime>
    <Answer source="invariant-generation">valid</Answer>
    <K>1</K>
    <Invariant>(V28_speed &gt;= 0)</Invariant>
    <Invariant>((not V33_env) =&gt; (V27_dist &lt;= 0))</Invariant>
    <Invariant>((V27_dist &lt;= 0) =&gt; (V28_speed &lt;= 0))</Invariant>
    <Invariant>OK</Invariant>
    <Invariant>(V27_dist &gt;= 0)</Invariant>
    <Support>V26_bump</Support>
    <Support>V24_toofast</Support>
    <Support>V32_meter</Support>
    <Support>V30_move</Support>
    <Support>V27_dist</Support>
    <Support>OK</Support>
    <Support>V28_speed</Support>
    <Support>V33_env</Support>
    <Support>V92_X</Support>
  </Property>
</Results>
