<?xml version="1.0"?>
<Results xmlns:xsi="http://www.w3.org/2001/XMLSchema-instance">
  <Progress source="bmc" trueFor="1">
    <PropertyProgress name="OK"/>
  </Progress>
  <Progress source="bmc" trueFor="2">
    <PropertyProgress name="OK"/>
  </Progress>
  <Progress source="bmc" trueFor="3">
    <PropertyProgress name="OK"/>
  </Progress>
  <Property name="OK">
    <Runtime unit="sec">0.116</Runtime>
    <SupportRuntime unit="sec">0.015</SupportRuntime>
    <Answer source="k-induction">valid</Answer>
    <K>0</K>
    <Invariant>OK</Invariant>
    <Support>V52_c</Support>
    <Support>V14_a</Support>
    <Support>OK</Support>
    <Support>V41_time</Support>
    <Support>V15_b</Support>
  </Property>
</Results>
