<?xml version="1.0"?>
<Results xmlns:xsi="http://www.w3.org/2001/XMLSchema-instance">
  <Property name="OK">
    <Runtime unit="sec">1.311</Runtime>
    <SupportRuntime unit="sec">0.069</SupportRuntime>
    <Answer source="pdr">valid</Answer>
    <K>1</K>
    <Invariant>(0 &lt;= V27_dist)</Invariant>
    <Invariant>(not (0 &lt;= (V27_dist + (-11))))</Invariant>
    <Invariant>OK</Invariant>
    <Invariant>(0 &lt;= V28_speed)</Invariant>
    <Support>V26_bump</Support>
    <Support>V24_toofast</Support>
    <Support>V30_move</Support>
    <Support>V27_dist</Support>
    <Support>OK</Support>
    <Support>V28_speed</Support>
  </Property>
</Results>
