<?xml version="1.0"?>
<Results xmlns:xsi="http://www.w3.org/2001/XMLSchema-instance">
  <Progress source="bmc" trueFor="1">
    <PropertyProgress name="OK"/>
  </Progress>
  <Progress source="bmc" trueFor="2">
    <PropertyProgress name="OK"/>
  </Progress>
  <Progress source="bmc" trueFor="3">
    <PropertyProgress name="OK"/>
  </Progress>
  <Progress source="bmc" trueFor="4">
    <PropertyProgress name="OK"/>
  </Progress>
  <Progress source="bmc" trueFor="5">
    <PropertyProgress name="OK"/>
  </Progress>
  <Progress source="bmc" trueFor="6">
    <PropertyProgress name="OK"/>
  </Progress>
  <Progress source="bmc" trueFor="7">
    <PropertyProgress name="OK"/>
  </Progress>
  <Progress source="bmc" trueFor="8">
    <PropertyProgress name="OK"/>
  </Progress>
  <Progress source="bmc" trueFor="9">
    <PropertyProgress name="OK"/>
  </Progress>
  <Progress source="bmc" trueFor="10">
    <PropertyProgress name="OK"/>
  </Progress>
  <Progress source="bmc" trueFor="11">
    <PropertyProgress name="OK"/>
  </Progress>
  <Progress source="bmc" trueFor="12">
    <PropertyProgress name="OK"/>
  </Progress>
  <Progress source="bmc" trueFor="13">
    <PropertyProgress name="OK"/>
  </Progress>
  <Progress source="bmc" trueFor="14">
    <PropertyProgress name="OK"/>
  </Progress>
  <Progress source="bmc" trueFor="15">
    <PropertyProgress name="OK"/>
  </Progress>
  <Progress source="bmc" trueFor="16">
    <PropertyProgress name="OK"/>
  </Progress>
  <Progress source="bmc" trueFor="17">
    <PropertyProgress name="OK"/>
  </Progress>
  <Progress source="bmc" trueFor="18">
    <PropertyProgress name="OK"/>
  </Progress>
  <Progress source="bmc" trueFor="19">
    <PropertyProgress name="OK"/>
  </Progress>
  <Progress source="bmc" trueFor="20">
    <PropertyProgress name="OK"/>
  </Progress>
  <Progress source="bmc" trueFor="21">
    <PropertyProgress name="OK"/>
  </Progress>
  <Progress source="bmc" trueFor="22">
    <PropertyProgress name="OK"/>
  </Progress>
  <Progress source="bmc" trueFor="23">
    <PropertyProgress name="OK"/>
  </Progress>
  <Progress source="bmc" trueFor="24">
    <PropertyProgress name="OK"/>
  </Progress>
  <Progress source="bmc" trueFor="25">
    <PropertyProgress name="OK"/>
  </Progress>
  <Progress source="bmc" trueFor="26">
    <PropertyProgress name="OK"/>
  </Progress>
  <Progress source="bmc" trueFor="27">
    <PropertyProgress name="OK"/>
  </Progress>
  <Progress source="bmc" trueFor="28">
    <PropertyProgress name="OK"/>
  </Progress>
  <Progress source="bmc" trueFor="29">
    <PropertyProgress name="OK"/>
  </Progress>
  <Progress source="bmc" trueFor="30">
    <PropertyProgress name="OK"/>
  </Progress>
  <Progress source="bmc" trueFor="31">
    <PropertyProgress name="OK"/>
  </Progress>
  <Progress source="bmc" trueFor="32">
    <PropertyProgress name="OK"/>
  </Progress>
  <Progress source="bmc" trueFor="33">
    <PropertyProgress name="OK"/>
  </Progress>
  <Progress source="bmc" trueFor="34">
    <PropertyProgress name="OK"/>
  </Progress>
  <Progress source="bmc" trueFor="35">
    <PropertyProgress name="OK"/>
  </Progress>
  <Progress source="bmc" trueFor="36">
    <PropertyProgress name="OK"/>
  </Progress>
  <Progress source="bmc" trueFor="37">
    <PropertyProgress name="OK"/>
  </Progress>
  <Progress source="bmc" trueFor="38">
    <PropertyProgress name="OK"/>
  </Progress>
  <Progress source="bmc" trueFor="39">
    <PropertyProgress name="OK"/>
  </Progress>
  <Progress source="bmc" trueFor="40">
    <PropertyProgress name="OK"/>
  </Progress>
  <Progress source="bmc" trueFor="41">
    <PropertyProgress name="OK"/>
  </Progress>
  <Progress source="bmc" trueFor="42">
    <PropertyProgress name="OK"/>
  </Progress>
  <Progress source="bmc" trueFor="43">
    <PropertyProgress name="OK"/>
  </Progress>
  <Progress source="bmc" trueFor="44">
    <PropertyProgress name="OK"/>
  </Progress>
  <Progress source="bmc" trueFor="45">
    <PropertyProgress name="OK"/>
  </Progress>
  <Progress source="bmc" trueFor="46">
    <PropertyProgress name="OK"/>
  </Progress>
  <Progress source="bmc" trueFor="47">
    <PropertyProgress name="OK"/>
  </Progress>
  <Progress source="bmc" trueFor="48">
    <PropertyProgress name="OK"/>
  </Progress>
  <Progress source="bmc" trueFor="49">
    <PropertyProgress name="OK"/>
  </Progress>
  <Progress source="bmc" trueFor="50">
    <PropertyProgress name="OK"/>
  </Progress>
  <Progress source="bmc" trueFor="51">
    <PropertyProgress name="OK"/>
  </Progress>
  <Progress source="bmc" trueFor="52">
    <PropertyProgress name="OK"/>
  </Progress>
  <Progress source="bmc" trueFor="53">
    <PropertyProgress name="OK"/>
  </Progress>
  <Progress source="bmc" trueFor="54">
    <PropertyProgress name="OK"/>
  </Progress>
  <Progress source="bmc" trueFor="55">
    <PropertyProgress name="OK"/>
  </Progress>
  <Progress source="bmc" trueFor="56">
    <PropertyProgress name="OK"/>
  </Progress>
  <Progress source="bmc" trueFor="57">
    <PropertyProgress name="OK"/>
  </Progress>
  <Progress source="bmc" trueFor="58">
    <PropertyProgress name="OK"/>
  </Progress>
  <Progress source="bmc" trueFor="59">
    <PropertyProgress name="OK"/>
  </Progress>
  <Progress source="bmc" trueFor="60">
    <PropertyProgress name="OK"/>
  </Progress>
  <Progress source="bmc" trueFor="61">
    <PropertyProgress name="OK"/>
  </Progress>
  <Progress source="bmc" trueFor="62">
    <PropertyProgress name="OK"/>
  </Progress>
  <Progress source="bmc" trueFor="63">
    <PropertyProgress name="OK"/>
  </Progress>
  <Progress source="bmc" trueFor="64">
    <PropertyProgress name="OK"/>
  </Progress>
  <Progress source="bmc" trueFor="65">
    <PropertyProgress name="OK"/>
  </Progress>
  <Progress source="bmc" trueFor="66">
    <PropertyProgress name="OK"/>
  </Progress>
  <Progress source="bmc" trueFor="67">
    <PropertyProgress name="OK"/>
  </Progress>
  <Progress source="bmc" trueFor="68">
    <PropertyProgress name="OK"/>
  </Progress>
  <Progress source="bmc" trueFor="69">
    <PropertyProgress name="OK"/>
  </Progress>
  <Progress source="bmc" trueFor="70">
    <PropertyProgress name="OK"/>
  </Progress>
  <Progress source="bmc" trueFor="71">
    <PropertyProgress name="OK"/>
  </Progress>
  <Progress source="bmc" trueFor="72">
    <PropertyProgress name="OK"/>
  </Progress>
  <Progress source="bmc" trueFor="73">
    <PropertyProgress name="OK"/>
  </Progress>
  <Progress source="bmc" trueFor="74">
    <PropertyProgress name="OK"/>
  </Progress>
  <Progress source="bmc" trueFor="75">
    <PropertyProgress name="OK"/>
  </Progress>
  <Progress source="bmc" trueFor="76">
    <PropertyProgress name="OK"/>
  </Progress>
  <Progress source="bmc" trueFor="77">
    <PropertyProgress name="OK"/>
  </Progress>
  <Progress source="bmc" trueFor="78">
    <PropertyProgress name="OK"/>
  </Progress>
  <Progress source="bmc" trueFor="79">
    <PropertyProgress name="OK"/>
  </Progress>
  <Progress source="bmc" trueFor="80">
    <PropertyProgress name="OK"/>
  </Progress>
  <Progress source="bmc" trueFor="81">
    <PropertyProgress name="OK"/>
  </Progress>
  <Progress source="bmc" trueFor="82">
    <PropertyProgress name="OK"/>
  </Progress>
  <Progress source="bmc" trueFor="83">
    <PropertyProgress name="OK"/>
  </Progress>
  <Progress source="bmc" trueFor="84">
    <PropertyProgress name="OK"/>
  </Progress>
  <Progress source="bmc" trueFor="85">
    <PropertyProgress name="OK"/>
  </Progress>
  <Progress source="bmc" trueFor="86">
    <PropertyProgress name="OK"/>
  </Progress>
  <Progress source="bmc" trueFor="87">
    <PropertyProgress name="OK"/>
  </Progress>
  <Progress source="bmc" trueFor="88">
    <PropertyProgress name="OK"/>
  </Progress>
  <Progress source="bmc" trueFor="89">
    <PropertyProgress name="OK"/>
  </Progress>
  <Progress source="bmc" trueFor="90">
    <PropertyProgress name="OK"/>
  </Progress>
  <Progress source="bmc" trueFor="91">
    <PropertyProgress name="OK"/>
  </Progress>
  <Progress source="bmc" trueFor="92">
    <PropertyProgress name="OK"/>
  </Progress>
  <Progress source="bmc" trueFor="93">
    <PropertyProgress name="OK"/>
  </Progress>
  <Progress source="bmc" trueFor="94">
    <PropertyProgress name="OK"/>
  </Progress>
  <Progress source="bmc" trueFor="95">
    <PropertyProgress name="OK"/>
  </Progress>
  <Progress source="bmc" trueFor="96">
    <PropertyProgress name="OK"/>
  </Progress>
  <Progress source="bmc" trueFor="97">
    <PropertyProgress name="OK"/>
  </Progress>
  <Progress source="bmc" trueFor="98">
    <PropertyProgress name="OK"/>
  </Progress>
  <Progress source="bmc" trueFor="99">
    <PropertyProgress name="OK"/>
  </Progress>
  <Progress source="bmc" trueFor="100">
    <PropertyProgress name="OK"/>
  </Progress>
  <Progress source="bmc" trueFor="101">
    <PropertyProgress name="OK"/>
  </Progress>
  <Progress source="bmc" trueFor="102">
    <PropertyProgress name="OK"/>
  </Progress>
  <Progress source="bmc" trueFor="103">
    <PropertyProgress name="OK"/>
  </Progress>
  <Progress source="bmc" trueFor="104">
    <PropertyProgress name="OK"/>
  </Progress>
  <Progress source="bmc" trueFor="105">
    <PropertyProgress name="OK"/>
  </Progress>
  <Progress source="bmc" trueFor="106">
    <PropertyProgress name="OK"/>
  </Progress>
  <Progress source="bmc" trueFor="107">
    <PropertyProgress name="OK"/>
  </Progress>
  <Progress source="bmc" trueFor="108">
    <PropertyProgress name="OK"/>
  </Progress>
  <Progress source="bmc" trueFor="109">
    <PropertyProgress name="OK"/>
  </Progress>
  <Progress source="bmc" trueFor="110">
    <PropertyProgress name="OK"/>
  </Progress>
  <Progress source="bmc" trueFor="111">
    <PropertyProgress name="OK"/>
  </Progress>
  <Progress source="bmc" trueFor="112">
    <PropertyProgress name="OK"/>
  </Progress>
  <Progress source="bmc" trueFor="113">
    <PropertyProgress name="OK"/>
  </Progress>
  <Progress source="bmc" trueFor="114">
    <PropertyProgress name="OK"/>
  </Progress>
  <Progress source="bmc" trueFor="115">
    <PropertyProgress name="OK"/>
  </Progress>
  <Progress source="bmc" trueFor="116">
    <PropertyProgress name="OK"/>
  </Progress>
  <Progress source="bmc" trueFor="117">
    <PropertyProgress name="OK"/>
  </Progress>
  <Progress source="bmc" trueFor="118">
    <PropertyProgress name="OK"/>
  </Progress>
  <Progress source="bmc" trueFor="119">
    <PropertyProgress name="OK"/>
  </Progress>
  <Progress source="bmc" trueFor="120">
    <PropertyProgress name="OK"/>
  </Progress>
  <Progress source="bmc" trueFor="121">
    <PropertyProgress name="OK"/>
  </Progress>
  <Progress source="bmc" trueFor="122">
    <PropertyProgress name="OK"/>
  </Progress>
  <Progress source="bmc" trueFor="123">
    <PropertyProgress name="OK"/>
  </Progress>
  <Progress source="bmc" trueFor="124">
    <PropertyProgress name="OK"/>
  </Progress>
  <Progress source="bmc" trueFor="125">
    <PropertyProgress name="OK"/>
  </Progress>
  <Progress source="bmc" trueFor="126">
    <PropertyProgress name="OK"/>
  </Progress>
  <Progress source="bmc" trueFor="127">
    <PropertyProgress name="OK"/>
  </Progress>
  <Progress source="bmc" trueFor="128">
    <PropertyProgress name="OK"/>
  </Progress>
  <Progress source="bmc" trueFor="129">
    <PropertyProgress name="OK"/>
  </Progress>
  <Progress source="bmc" trueFor="130">
    <PropertyProgress name="OK"/>
  </Progress>
  <Progress source="bmc" trueFor="131">
    <PropertyProgress name="OK"/>
  </Progress>
  <Progress source="bmc" trueFor="132">
    <PropertyProgress name="OK"/>
  </Progress>
  <Progress source="bmc" trueFor="133">
    <PropertyProgress name="OK"/>
  </Progress>
  <Progress source="bmc" trueFor="134">
    <PropertyProgress name="OK"/>
  </Progress>
  <Progress source="bmc" trueFor="135">
    <PropertyProgress name="OK"/>
  </Progress>
  <Progress source="bmc" trueFor="136">
    <PropertyProgress name="OK"/>
  </Progress>
  <Progress source="bmc" trueFor="137">
    <PropertyProgress name="OK"/>
  </Progress>
  <Progress source="bmc" trueFor="138">
    <PropertyProgress name="OK"/>
  </Progress>
  <Progress source="bmc" trueFor="139">
    <PropertyProgress name="OK"/>
  </Progress>
  <Progress source="bmc" trueFor="140">
    <PropertyProgress name="OK"/>
  </Progress>
  <Progress source="bmc" trueFor="141">
    <PropertyProgress name="OK"/>
  </Progress>
  <Progress source="bmc" trueFor="142">
    <PropertyProgress name="OK"/>
  </Progress>
  <Progress source="bmc" trueFor="143">
    <PropertyProgress name="OK"/>
  </Progress>
  <Progress source="bmc" trueFor="144">
    <PropertyProgress name="OK"/>
  </Progress>
  <Progress source="bmc" trueFor="145">
    <PropertyProgress name="OK"/>
  </Progress>
  <Progress source="bmc" trueFor="146">
    <PropertyProgress name="OK"/>
  </Progress>
  <Progress source="bmc" trueFor="147">
    <PropertyProgress name="OK"/>
  </Progress>
  <Progress source="bmc" trueFor="148">
    <PropertyProgress name="OK"/>
  </Progress>
  <Progress source="bmc" trueFor="149">
    <PropertyProgress name="OK"/>
  </Progress>
  <Progress source="bmc" trueFor="150">
    <PropertyProgress name="OK"/>
  </Progress>
  <Progress source="bmc" trueFor="151">
    <PropertyProgress name="OK"/>
  </Progress>
  <Progress source="bmc" trueFor="152">
    <PropertyProgress name="OK"/>
  </Progress>
  <Progress source="bmc" trueFor="153">
    <PropertyProgress name="OK"/>
  </Progress>
  <Progress source="bmc" trueFor="154">
    <PropertyProgress name="OK"/>
  </Progress>
  <Progress source="bmc" trueFor="155">
    <PropertyProgress name="OK"/>
  </Progress>
  <Progress source="bmc" trueFor="156">
    <PropertyProgress name="OK"/>
  </Progress>
  <Progress source="bmc" trueFor="157">
    <PropertyProgress name="OK"/>
  </Progress>
  <Progress source="bmc" trueFor="158">
    <PropertyProgress name="OK"/>
  </Progress>
  <Progress source="bmc" trueFor="159">
    <PropertyProgress name="OK"/>
  </Progress>
  <Progress source="bmc" trueFor="160">
    <PropertyProgress name="OK"/>
  </Progress>
  <Progress source="bmc" trueFor="161">
    <PropertyProgress name="OK"/>
  </Progress>
  <Progress source="bmc" trueFor="162">
    <PropertyProgress name="OK"/>
  </Progress>
  <Progress source="bmc" trueFor="163">
    <PropertyProgress name="OK"/>
  </Progress>
  <Progress source="bmc" trueFor="164">
    <PropertyProgress name="OK"/>
  </Progress>
  <Progress source="bmc" trueFor="165">
    <PropertyProgress name="OK"/>
  </Progress>
  <Progress source="bmc" trueFor="166">
    <PropertyProgress name="OK"/>
  </Progress>
  <Progress source="bmc" trueFor="167">
    <PropertyProgress name="OK"/>
  </Progress>
  <Progress source="bmc" trueFor="168">
    <PropertyProgress name="OK"/>
  </Progress>
  <Progress source="bmc" trueFor="169">
    <PropertyProgress name="OK"/>
  </Progress>
  <Progress source="bmc" trueFor="170">
    <PropertyProgress name="OK"/>
  </Progress>
  <Progress source="bmc" trueFor="171">
    <PropertyProgress name="OK"/>
  </Progress>
  <Progress source="bmc" trueFor="172">
    <PropertyProgress name="OK"/>
  </Progress>
  <Progress source="bmc" trueFor="173">
    <PropertyProgress name="OK"/>
  </Progress>
  <Progress source="bmc" trueFor="174">
    <PropertyProgress name="OK"/>
  </Progress>
  <Progress source="bmc" trueFor="175">
    <PropertyProgress name="OK"/>
  </Progress>
  <Progress source="bmc" trueFor="176">
    <PropertyProgress name="OK"/>
  </Progress>
  <Progress source="bmc" trueFor="177">
    <PropertyProgress name="OK"/>
  </Progress>
  <Progress source="bmc" trueFor="178">
    <PropertyProgress name="OK"/>
  </Progress>
  <Progress source="bmc" trueFor="179">
    <PropertyProgress name="OK"/>
  </Progress>
  <Progress source="bmc" trueFor="180">
    <PropertyProgress name="OK"/>
  </Progress>
  <Progress source="bmc" trueFor="181">
    <PropertyProgress name="OK"/>
  </Progress>
  <Progress source="bmc" trueFor="182">
    <PropertyProgress name="OK"/>
  </Progress>
  <Progress source="bmc" trueFor="183">
    <PropertyProgress name="OK"/>
  </Progress>
  <Progress source="bmc" trueFor="184">
    <PropertyProgress name="OK"/>
  </Progress>
  <Progress source="bmc" trueFor="185">
    <PropertyProgress name="OK"/>
  </Progress>
  <Progress source="bmc" trueFor="186">
    <PropertyProgress name="OK"/>
  </Progress>
  <Progress source="bmc" trueFor="187">
    <PropertyProgress name="OK"/>
  </Progress>
  <Progress source="bmc" trueFor="188">
    <PropertyProgress name="OK"/>
  </Progress>
  <Progress source="bmc" trueFor="189">
    <PropertyProgress name="OK"/>
  </Progress>
  <Progress source="bmc" trueFor="190">
    <PropertyProgress name="OK"/>
  </Progress>
  <Progress source="bmc" trueFor="191">
    <PropertyProgress name="OK"/>
  </Progress>
  <Progress source="bmc" trueFor="192">
    <PropertyProgress name="OK"/>
  </Progress>
  <Progress source="bmc" trueFor="193">
    <PropertyProgress name="OK"/>
  </Progress>
  <Progress source="bmc" trueFor="194">
    <PropertyProgress name="OK"/>
  </Progress>
  <Progress source="bmc" trueFor="195">
    <PropertyProgress name="OK"/>
  </Progress>
  <Progress source="bmc" trueFor="196">
    <PropertyProgress name="OK"/>
  </Progress>
  <Progress source="bmc" trueFor="197">
    <PropertyProgress name="OK"/>
  </Progress>
  <Progress source="bmc" trueFor="198">
    <PropertyProgress name="OK"/>
  </Progress>
  <Progress source="bmc" trueFor="199">
    <PropertyProgress name="OK"/>
  </Progress>
  <Progress source="bmc" trueFor="200">
    <PropertyProgress name="OK"/>
  </Progress>
  <Progress source="bmc" trueFor="201">
    <PropertyProgress name="OK"/>
  </Progress>
  <Progress source="bmc" trueFor="202">
    <PropertyProgress name="OK"/>
  </Progress>
  <Progress source="bmc" trueFor="203">
    <PropertyProgress name="OK"/>
  </Progress>
  <Progress source="bmc" trueFor="204">
    <PropertyProgress name="OK"/>
  </Progress>
  <Progress source="bmc" trueFor="205">
    <PropertyProgress name="OK"/>
  </Progress>
  <Progress source="bmc" trueFor="206">
    <PropertyProgress name="OK"/>
  </Progress>
  <Progress source="bmc" trueFor="207">
    <PropertyProgress name="OK"/>
  </Progress>
  <Progress source="bmc" trueFor="208">
    <PropertyProgress name="OK"/>
  </Progress>
  <Progress source="bmc" trueFor="209">
    <PropertyProgress name="OK"/>
  </Progress>
  <Progress source="bmc" trueFor="210">
    <PropertyProgress name="OK"/>
  </Progress>
  <Progress source="bmc" trueFor="211">
    <PropertyProgress name="OK"/>
  </Progress>
  <Progress source="bmc" trueFor="212">
    <PropertyProgress name="OK"/>
  </Progress>
  <Progress source="bmc" trueFor="213">
    <PropertyProgress name="OK"/>
  </Progress>
  <Progress source="bmc" trueFor="214">
    <PropertyProgress name="OK"/>
  </Progress>
  <Progress source="bmc" trueFor="215">
    <PropertyProgress name="OK"/>
  </Progress>
  <Progress source="bmc" trueFor="216">
    <PropertyProgress name="OK"/>
  </Progress>
  <Progress source="bmc" trueFor="217">
    <PropertyProgress name="OK"/>
  </Progress>
  <Progress source="bmc" trueFor="218">
    <PropertyProgress name="OK"/>
  </Progress>
  <Progress source="bmc" trueFor="219">
    <PropertyProgress name="OK"/>
  </Progress>
  <Progress source="bmc" trueFor="220">
    <PropertyProgress name="OK"/>
  </Progress>
  <Progress source="bmc" trueFor="221">
    <PropertyProgress name="OK"/>
  </Progress>
  <Progress source="bmc" trueFor="222">
    <PropertyProgress name="OK"/>
  </Progress>
  <Progress source="bmc" trueFor="223">
    <PropertyProgress name="OK"/>
  </Progress>
  <Progress source="bmc" trueFor="224">
    <PropertyProgress name="OK"/>
  </Progress>
  <Progress source="bmc" trueFor="225">
    <PropertyProgress name="OK"/>
  </Progress>
  <Progress source="bmc" trueFor="226">
    <PropertyProgress name="OK"/>
  </Progress>
  <Progress source="bmc" trueFor="227">
    <PropertyProgress name="OK"/>
  </Progress>
  <Progress source="bmc" trueFor="228">
    <PropertyProgress name="OK"/>
  </Progress>
  <Progress source="bmc" trueFor="229">
    <PropertyProgress name="OK"/>
  </Progress>
  <Progress source="bmc" trueFor="230">
    <PropertyProgress name="OK"/>
  </Progress>
  <Progress source="bmc" trueFor="231">
    <PropertyProgress name="OK"/>
  </Progress>
  <Progress source="bmc" trueFor="232">
    <PropertyProgress name="OK"/>
  </Progress>
  <Progress source="bmc" trueFor="233">
    <PropertyProgress name="OK"/>
  </Progress>
  <Progress source="bmc" trueFor="234">
    <PropertyProgress name="OK"/>
  </Progress>
  <Progress source="bmc" trueFor="235">
    <PropertyProgress name="OK"/>
  </Progress>
  <Progress source="bmc" trueFor="236">
    <PropertyProgress name="OK"/>
  </Progress>
  <Progress source="bmc" trueFor="237">
    <PropertyProgress name="OK"/>
  </Progress>
  <Progress source="bmc" trueFor="238">
    <PropertyProgress name="OK"/>
  </Progress>
  <Progress source="bmc" trueFor="239">
    <PropertyProgress name="OK"/>
  </Progress>
  <Progress source="bmc" trueFor="240">
    <PropertyProgress name="OK"/>
  </Progress>
  <Progress source="bmc" trueFor="241">
    <PropertyProgress name="OK"/>
  </Progress>
  <Progress source="bmc" trueFor="242">
    <PropertyProgress name="OK"/>
  </Progress>
  <Progress source="bmc" trueFor="243">
    <PropertyProgress name="OK"/>
  </Progress>
  <Progress source="bmc" trueFor="244">
    <PropertyProgress name="OK"/>
  </Progress>
  <Progress source="bmc" trueFor="245">
    <PropertyProgress name="OK"/>
  </Progress>
  <Progress source="bmc" trueFor="246">
    <PropertyProgress name="OK"/>
  </Progress>
  <Progress source="bmc" trueFor="247">
    <PropertyProgress name="OK"/>
  </Progress>
  <Progress source="bmc" trueFor="248">
    <PropertyProgress name="OK"/>
  </Progress>
  <Progress source="bmc" trueFor="249">
    <PropertyProgress name="OK"/>
  </Progress>
  <Progress source="bmc" trueFor="250">
    <PropertyProgress name="OK"/>
  </Progress>
  <Progress source="bmc" trueFor="251">
    <PropertyProgress name="OK"/>
  </Progress>
  <Progress source="bmc" trueFor="252">
    <PropertyProgress name="OK"/>
  </Progress>
  <Progress source="bmc" trueFor="253">
    <PropertyProgress name="OK"/>
  </Progress>
  <Progress source="bmc" trueFor="254">
    <PropertyProgress name="OK"/>
  </Progress>
  <Progress source="bmc" trueFor="255">
    <PropertyProgress name="OK"/>
  </Progress>
  <Progress source="bmc" trueFor="256">
    <PropertyProgress name="OK"/>
  </Progress>
  <Progress source="bmc" trueFor="257">
    <PropertyProgress name="OK"/>
  </Progress>
  <Progress source="bmc" trueFor="258">
    <PropertyProgress name="OK"/>
  </Progress>
  <Progress source="bmc" trueFor="259">
    <PropertyProgress name="OK"/>
  </Progress>
  <Progress source="bmc" trueFor="260">
    <PropertyProgress name="OK"/>
  </Progress>
  <Progress source="bmc" trueFor="261">
    <PropertyProgress name="OK"/>
  </Progress>
  <Progress source="bmc" trueFor="262">
    <PropertyProgress name="OK"/>
  </Progress>
  <Progress source="bmc" trueFor="263">
    <PropertyProgress name="OK"/>
  </Progress>
  <Progress source="bmc" trueFor="264">
    <PropertyProgress name="OK"/>
  </Progress>
  <Progress source="bmc" trueFor="265">
    <PropertyProgress name="OK"/>
  </Progress>
  <Progress source="bmc" trueFor="266">
    <PropertyProgress name="OK"/>
  </Progress>
  <Progress source="bmc" trueFor="267">
    <PropertyProgress name="OK"/>
  </Progress>
  <Progress source="bmc" trueFor="268">
    <PropertyProgress name="OK"/>
  </Progress>
  <Progress source="bmc" trueFor="269">
    <PropertyProgress name="OK"/>
  </Progress>
  <Progress source="bmc" trueFor="270">
    <PropertyProgress name="OK"/>
  </Progress>
  <Progress source="bmc" trueFor="271">
    <PropertyProgress name="OK"/>
  </Progress>
  <Progress source="bmc" trueFor="272">
    <PropertyProgress name="OK"/>
  </Progress>
  <Progress source="bmc" trueFor="273">
    <PropertyProgress name="OK"/>
  </Progress>
  <Progress source="bmc" trueFor="274">
    <PropertyProgress name="OK"/>
  </Progress>
  <Progress source="bmc" trueFor="275">
    <PropertyProgress name="OK"/>
  </Progress>
  <Progress source="bmc" trueFor="276">
    <PropertyProgress name="OK"/>
  </Progress>
  <Progress source="bmc" trueFor="277">
    <PropertyProgress name="OK"/>
  </Progress>
  <Progress source="bmc" trueFor="278">
    <PropertyProgress name="OK"/>
  </Progress>
  <Progress source="bmc" trueFor="279">
    <PropertyProgress name="OK"/>
  </Progress>
  <Progress source="bmc" trueFor="280">
    <PropertyProgress name="OK"/>
  </Progress>
  <Progress source="bmc" trueFor="281">
    <PropertyProgress name="OK"/>
  </Progress>
  <Progress source="bmc" trueFor="282">
    <PropertyProgress name="OK"/>
  </Progress>
  <Progress source="bmc" trueFor="283">
    <PropertyProgress name="OK"/>
  </Progress>
  <Progress source="bmc" trueFor="284">
    <PropertyProgress name="OK"/>
  </Progress>
  <Progress source="bmc" trueFor="285">
    <PropertyProgress name="OK"/>
  </Progress>
  <Progress source="bmc" trueFor="286">
    <PropertyProgress name="OK"/>
  </Progress>
  <Progress source="bmc" trueFor="287">
    <PropertyProgress name="OK"/>
  </Progress>
  <Progress source="bmc" trueFor="288">
    <PropertyProgress name="OK"/>
  </Progress>
  <Progress source="bmc" trueFor="289">
    <PropertyProgress name="OK"/>
  </Progress>
  <Progress source="bmc" trueFor="290">
    <PropertyProgress name="OK"/>
  </Progress>
  <Progress source="bmc" trueFor="291">
    <PropertyProgress name="OK"/>
  </Progress>
  <Progress source="bmc" trueFor="292">
    <PropertyProgress name="OK"/>
  </Progress>
  <Progress source="bmc" trueFor="293">
    <PropertyProgress name="OK"/>
  </Progress>
  <Progress source="bmc" trueFor="294">
    <PropertyProgress name="OK"/>
  </Progress>
  <Progress source="bmc" trueFor="295">
    <PropertyProgress name="OK"/>
  </Progress>
  <Progress source="bmc" trueFor="296">
    <PropertyProgress name="OK"/>
  </Progress>
  <Progress source="bmc" trueFor="297">
    <PropertyProgress name="OK"/>
  </Progress>
  <Progress source="bmc" trueFor="298">
    <PropertyProgress name="OK"/>
  </Progress>
  <Progress source="bmc" trueFor="299">
    <PropertyProgress name="OK"/>
  </Progress>
  <Progress source="bmc" trueFor="300">
    <PropertyProgress name="OK"/>
  </Progress>
  <Progress source="bmc" trueFor="301">
    <PropertyProgress name="OK"/>
  </Progress>
  <Progress source="bmc" trueFor="302">
    <PropertyProgress name="OK"/>
  </Progress>
  <Progress source="bmc" trueFor="303">
    <PropertyProgress name="OK"/>
  </Progress>
  <Progress source="bmc" trueFor="304">
    <PropertyProgress name="OK"/>
  </Progress>
  <Progress source="bmc" trueFor="305">
    <PropertyProgress name="OK"/>
  </Progress>
  <Progress source="bmc" trueFor="306">
    <PropertyProgress name="OK"/>
  </Progress>
  <Progress source="bmc" trueFor="307">
    <PropertyProgress name="OK"/>
  </Progress>
  <Progress source="bmc" trueFor="308">
    <PropertyProgress name="OK"/>
  </Progress>
  <Progress source="bmc" trueFor="309">
    <PropertyProgress name="OK"/>
  </Progress>
  <Progress source="bmc" trueFor="310">
    <PropertyProgress name="OK"/>
  </Progress>
  <Progress source="bmc" trueFor="311">
    <PropertyProgress name="OK"/>
  </Progress>
  <Progress source="bmc" trueFor="312">
    <PropertyProgress name="OK"/>
  </Progress>
  <Progress source="bmc" trueFor="313">
    <PropertyProgress name="OK"/>
  </Progress>
  <Progress source="bmc" trueFor="314">
    <PropertyProgress name="OK"/>
  </Progress>
  <Progress source="bmc" trueFor="315">
    <PropertyProgress name="OK"/>
  </Progress>
  <Progress source="bmc" trueFor="316">
    <PropertyProgress name="OK"/>
  </Progress>
  <Progress source="bmc" trueFor="317">
    <PropertyProgress name="OK"/>
  </Progress>
  <Progress source="bmc" trueFor="318">
    <PropertyProgress name="OK"/>
  </Progress>
  <Progress source="bmc" trueFor="319">
    <PropertyProgress name="OK"/>
  </Progress>
  <Progress source="bmc" trueFor="320">
    <PropertyProgress name="OK"/>
  </Progress>
  <Progress source="bmc" trueFor="321">
    <PropertyProgress name="OK"/>
  </Progress>
  <Progress source="bmc" trueFor="322">
    <PropertyProgress name="OK"/>
  </Progress>
  <Progress source="bmc" trueFor="323">
    <PropertyProgress name="OK"/>
  </Progress>
  <Progress source="bmc" trueFor="324">
    <PropertyProgress name="OK"/>
  </Progress>
  <Progress source="bmc" trueFor="325">
    <PropertyProgress name="OK"/>
  </Progress>
  <Progress source="bmc" trueFor="326">
    <PropertyProgress name="OK"/>
  </Progress>
  <Progress source="bmc" trueFor="327">
    <PropertyProgress name="OK"/>
  </Progress>
  <Progress source="bmc" trueFor="328">
    <PropertyProgress name="OK"/>
  </Progress>
  <Progress source="bmc" trueFor="329">
    <PropertyProgress name="OK"/>
  </Progress>
  <Progress source="bmc" trueFor="330">
    <PropertyProgress name="OK"/>
  </Progress>
  <Progress source="bmc" trueFor="331">
    <PropertyProgress name="OK"/>
  </Progress>
  <Progress source="bmc" trueFor="332">
    <PropertyProgress name="OK"/>
  </Progress>
  <Progress source="bmc" trueFor="333">
    <PropertyProgress name="OK"/>
  </Progress>
  <Progress source="bmc" trueFor="334">
    <PropertyProgress name="OK"/>
  </Progress>
  <Progress source="bmc" trueFor="335">
    <PropertyProgress name="OK"/>
  </Progress>
  <Progress source="bmc" trueFor="336">
    <PropertyProgress name="OK"/>
  </Progress>
  <Progress source="bmc" trueFor="337">
    <PropertyProgress name="OK"/>
  </Progress>
  <Progress source="bmc" trueFor="338">
    <PropertyProgress name="OK"/>
  </Progress>
  <Progress source="bmc" trueFor="339">
    <PropertyProgress name="OK"/>
  </Progress>
  <Progress source="bmc" trueFor="340">
    <PropertyProgress name="OK"/>
  </Progress>
  <Progress source="bmc" trueFor="341">
    <PropertyProgress name="OK"/>
  </Progress>
  <Progress source="bmc" trueFor="342">
    <PropertyProgress name="OK"/>
  </Progress>
  <Progress source="bmc" trueFor="343">
    <PropertyProgress name="OK"/>
  </Progress>
  <Progress source="bmc" trueFor="344">
    <PropertyProgress name="OK"/>
  </Progress>
  <Progress source="bmc" trueFor="345">
    <PropertyProgress name="OK"/>
  </Progress>
  <Progress source="bmc" trueFor="346">
    <PropertyProgress name="OK"/>
  </Progress>
  <Progress source="bmc" trueFor="347">
    <PropertyProgress name="OK"/>
  </Progress>
  <Progress source="bmc" trueFor="348">
    <PropertyProgress name="OK"/>
  </Progress>
  <Progress source="bmc" trueFor="349">
    <PropertyProgress name="OK"/>
  </Progress>
  <Progress source="bmc" trueFor="350">
    <PropertyProgress name="OK"/>
  </Progress>
  <Progress source="bmc" trueFor="351">
    <PropertyProgress name="OK"/>
  </Progress>
  <Progress source="bmc" trueFor="352">
    <PropertyProgress name="OK"/>
  </Progress>
  <Progress source="bmc" trueFor="353">
    <PropertyProgress name="OK"/>
  </Progress>
  <Progress source="bmc" trueFor="354">
    <PropertyProgress name="OK"/>
  </Progress>
  <Progress source="bmc" trueFor="355">
    <PropertyProgress name="OK"/>
  </Progress>
  <Progress source="bmc" trueFor="356">
    <PropertyProgress name="OK"/>
  </Progress>
  <Progress source="bmc" trueFor="357">
    <PropertyProgress name="OK"/>
  </Progress>
  <Progress source="bmc" trueFor="358">
    <PropertyProgress name="OK"/>
  </Progress>
  <Progress source="bmc" trueFor="359">
    <PropertyProgress name="OK"/>
  </Progress>
  <Progress source="bmc" trueFor="360">
    <PropertyProgress name="OK"/>
  </Progress>
  <Progress source="bmc" trueFor="361">
    <PropertyProgress name="OK"/>
  </Progress>
  <Progress source="bmc" trueFor="362">
    <PropertyProgress name="OK"/>
  </Progress>
  <Progress source="bmc" trueFor="363">
    <PropertyProgress name="OK"/>
  </Progress>
  <Progress source="bmc" trueFor="364">
    <PropertyProgress name="OK"/>
  </Progress>
  <Progress source="bmc" trueFor="365">
    <PropertyProgress name="OK"/>
  </Progress>
  <Progress source="bmc" trueFor="366">
    <PropertyProgress name="OK"/>
  </Progress>
  <Progress source="bmc" trueFor="367">
    <PropertyProgress name="OK"/>
  </Progress>
  <Progress source="bmc" trueFor="368">
    <PropertyProgress name="OK"/>
  </Progress>
  <Progress source="bmc" trueFor="369">
    <PropertyProgress name="OK"/>
  </Progress>
  <Progress source="bmc" trueFor="370">
    <PropertyProgress name="OK"/>
  </Progress>
  <Progress source="bmc" trueFor="371">
    <PropertyProgress name="OK"/>
  </Progress>
  <Progress source="bmc" trueFor="372">
    <PropertyProgress name="OK"/>
  </Progress>
  <Progress source="bmc" trueFor="373">
    <PropertyProgress name="OK"/>
  </Progress>
  <Progress source="bmc" trueFor="374">
    <PropertyProgress name="OK"/>
  </Progress>
  <Progress source="bmc" trueFor="375">
    <PropertyProgress name="OK"/>
  </Progress>
  <Progress source="bmc" trueFor="376">
    <PropertyProgress name="OK"/>
  </Progress>
  <Progress source="bmc" trueFor="377">
    <PropertyProgress name="OK"/>
  </Progress>
  <Progress source="bmc" trueFor="378">
    <PropertyProgress name="OK"/>
  </Progress>
  <Progress source="bmc" trueFor="379">
    <PropertyProgress name="OK"/>
  </Progress>
  <Progress source="bmc" trueFor="380">
    <PropertyProgress name="OK"/>
  </Progress>
  <Progress source="bmc" trueFor="381">
    <PropertyProgress name="OK"/>
  </Progress>
  <Progress source="bmc" trueFor="382">
    <PropertyProgress name="OK"/>
  </Progress>
  <Progress source="bmc" trueFor="383">
    <PropertyProgress name="OK"/>
  </Progress>
  <Progress source="bmc" trueFor="384">
    <PropertyProgress name="OK"/>
  </Progress>
  <Progress source="bmc" trueFor="385">
    <PropertyProgress name="OK"/>
  </Progress>
  <Progress source="bmc" trueFor="386">
    <PropertyProgress name="OK"/>
  </Progress>
  <Progress source="bmc" trueFor="387">
    <PropertyProgress name="OK"/>
  </Progress>
  <Progress source="bmc" trueFor="388">
    <PropertyProgress name="OK"/>
  </Progress>
  <Progress source="bmc" trueFor="389">
    <PropertyProgress name="OK"/>
  </Progress>
  <Progress source="bmc" trueFor="390">
    <PropertyProgress name="OK"/>
  </Progress>
  <Progress source="bmc" trueFor="391">
    <PropertyProgress name="OK"/>
  </Progress>
  <Progress source="bmc" trueFor="392">
    <PropertyProgress name="OK"/>
  </Progress>
  <Progress source="bmc" trueFor="393">
    <PropertyProgress name="OK"/>
  </Progress>
  <Progress source="bmc" trueFor="394">
    <PropertyProgress name="OK"/>
  </Progress>
  <Progress source="bmc" trueFor="395">
    <PropertyProgress name="OK"/>
  </Progress>
  <Progress source="bmc" trueFor="396">
    <PropertyProgress name="OK"/>
  </Progress>
  <Progress source="bmc" trueFor="397">
    <PropertyProgress name="OK"/>
  </Progress>
  <Progress source="bmc" trueFor="398">
    <PropertyProgress name="OK"/>
  </Progress>
  <Progress source="bmc" trueFor="399">
    <PropertyProgress name="OK"/>
  </Progress>
  <Progress source="bmc" trueFor="400">
    <PropertyProgress name="OK"/>
  </Progress>
  <Progress source="bmc" trueFor="401">
    <PropertyProgress name="OK"/>
  </Progress>
  <Progress source="bmc" trueFor="402">
    <PropertyProgress name="OK"/>
  </Progress>
  <Progress source="bmc" trueFor="403">
    <PropertyProgress name="OK"/>
  </Progress>
  <Progress source="bmc" trueFor="404">
    <PropertyProgress name="OK"/>
  </Progress>
  <Progress source="bmc" trueFor="405">
    <PropertyProgress name="OK"/>
  </Progress>
  <Progress source="bmc" trueFor="406">
    <PropertyProgress name="OK"/>
  </Progress>
  <Progress source="bmc" trueFor="407">
    <PropertyProgress name="OK"/>
  </Progress>
  <Progress source="bmc" trueFor="408">
    <PropertyProgress name="OK"/>
  </Progress>
  <Progress source="bmc" trueFor="409">
    <PropertyProgress name="OK"/>
  </Progress>
  <Progress source="bmc" trueFor="410">
    <PropertyProgress name="OK"/>
  </Progress>
  <Progress source="bmc" trueFor="411">
    <PropertyProgress name="OK"/>
  </Progress>
  <Progress source="bmc" trueFor="412">
    <PropertyProgress name="OK"/>
  </Progress>
  <Progress source="bmc" trueFor="413">
    <PropertyProgress name="OK"/>
  </Progress>
  <Progress source="bmc" trueFor="414">
    <PropertyProgress name="OK"/>
  </Progress>
  <Progress source="bmc" trueFor="415">
    <PropertyProgress name="OK"/>
  </Progress>
  <Progress source="bmc" trueFor="416">
    <PropertyProgress name="OK"/>
  </Progress>
  <Progress source="bmc" trueFor="417">
    <PropertyProgress name="OK"/>
  </Progress>
  <Progress source="bmc" trueFor="418">
    <PropertyProgress name="OK"/>
  </Progress>
  <Progress source="bmc" trueFor="419">
    <PropertyProgress name="OK"/>
  </Progress>
  <Progress source="bmc" trueFor="420">
    <PropertyProgress name="OK"/>
  </Progress>
  <Progress source="bmc" trueFor="421">
    <PropertyProgress name="OK"/>
  </Progress>
  <Progress source="bmc" trueFor="422">
    <PropertyProgress name="OK"/>
  </Progress>
  <Progress source="bmc" trueFor="423">
    <PropertyProgress name="OK"/>
  </Progress>
  <Progress source="bmc" trueFor="424">
    <PropertyProgress name="OK"/>
  </Progress>
  <Progress source="bmc" trueFor="425">
    <PropertyProgress name="OK"/>
  </Progress>
  <Progress source="bmc" trueFor="426">
    <PropertyProgress name="OK"/>
  </Progress>
  <Progress source="bmc" trueFor="427">
    <PropertyProgress name="OK"/>
  </Progress>
  <Progress source="bmc" trueFor="428">
    <PropertyProgress name="OK"/>
  </Progress>
  <Progress source="bmc" trueFor="429">
    <PropertyProgress name="OK"/>
  </Progress>
  <Progress source="bmc" trueFor="430">
    <PropertyProgress name="OK"/>
  </Progress>
  <Progress source="bmc" trueFor="431">
    <PropertyProgress name="OK"/>
  </Progress>
  <Progress source="bmc" trueFor="432">
    <PropertyProgress name="OK"/>
  </Progress>
  <Progress source="bmc" trueFor="433">
    <PropertyProgress name="OK"/>
  </Progress>
  <Progress source="bmc" trueFor="434">
    <PropertyProgress name="OK"/>
  </Progress>
  <Progress source="bmc" trueFor="435">
    <PropertyProgress name="OK"/>
  </Progress>
  <Progress source="bmc" trueFor="436">
    <PropertyProgress name="OK"/>
  </Progress>
  <Progress source="bmc" trueFor="437">
    <PropertyProgress name="OK"/>
  </Progress>
  <Progress source="bmc" trueFor="438">
    <PropertyProgress name="OK"/>
  </Progress>
  <Progress source="bmc" trueFor="439">
    <PropertyProgress name="OK"/>
  </Progress>
  <Progress source="bmc" trueFor="440">
    <PropertyProgress name="OK"/>
  </Progress>
  <Progress source="bmc" trueFor="441">
    <PropertyProgress name="OK"/>
  </Progress>
  <Progress source="bmc" trueFor="442">
    <PropertyProgress name="OK"/>
  </Progress>
  <Progress source="bmc" trueFor="443">
    <PropertyProgress name="OK"/>
  </Progress>
  <Progress source="bmc" trueFor="444">
    <PropertyProgress name="OK"/>
  </Progress>
  <Progress source="bmc" trueFor="445">
    <PropertyProgress name="OK"/>
  </Progress>
  <Progress source="bmc" trueFor="446">
    <PropertyProgress name="OK"/>
  </Progress>
  <Progress source="bmc" trueFor="447">
    <PropertyProgress name="OK"/>
  </Progress>
  <Progress source="bmc" trueFor="448">
    <PropertyProgress name="OK"/>
  </Progress>
  <Progress source="bmc" trueFor="449">
    <PropertyProgress name="OK"/>
  </Progress>
  <Progress source="bmc" trueFor="450">
    <PropertyProgress name="OK"/>
  </Progress>
  <Progress source="bmc" trueFor="451">
    <PropertyProgress name="OK"/>
  </Progress>
  <Progress source="bmc" trueFor="452">
    <PropertyProgress name="OK"/>
  </Progress>
  <Progress source="bmc" trueFor="453">
    <PropertyProgress name="OK"/>
  </Progress>
  <Progress source="bmc" trueFor="454">
    <PropertyProgress name="OK"/>
  </Progress>
  <Progress source="bmc" trueFor="455">
    <PropertyProgress name="OK"/>
  </Progress>
  <Progress source="bmc" trueFor="456">
    <PropertyProgress name="OK"/>
  </Progress>
  <Progress source="bmc" trueFor="457">
    <PropertyProgress name="OK"/>
  </Progress>
  <Progress source="bmc" trueFor="458">
    <PropertyProgress name="OK"/>
  </Progress>
  <Progress source="bmc" trueFor="459">
    <PropertyProgress name="OK"/>
  </Progress>
  <Progress source="bmc" trueFor="460">
    <PropertyProgress name="OK"/>
  </Progress>
  <Progress source="bmc" trueFor="461">
    <PropertyProgress name="OK"/>
  </Progress>
  <Progress source="bmc" trueFor="462">
    <PropertyProgress name="OK"/>
  </Progress>
  <Progress source="bmc" trueFor="463">
    <PropertyProgress name="OK"/>
  </Progress>
  <Progress source="bmc" trueFor="464">
    <PropertyProgress name="OK"/>
  </Progress>
  <Progress source="bmc" trueFor="465">
    <PropertyProgress name="OK"/>
  </Progress>
  <Progress source="bmc" trueFor="466">
    <PropertyProgress name="OK"/>
  </Progress>
  <Progress source="bmc" trueFor="467">
    <PropertyProgress name="OK"/>
  </Progress>
  <Progress source="bmc" trueFor="468">
    <PropertyProgress name="OK"/>
  </Progress>
  <Progress source="bmc" trueFor="469">
    <PropertyProgress name="OK"/>
  </Progress>
  <Progress source="bmc" trueFor="470">
    <PropertyProgress name="OK"/>
  </Progress>
  <Progress source="bmc" trueFor="471">
    <PropertyProgress name="OK"/>
  </Progress>
  <Progress source="bmc" trueFor="472">
    <PropertyProgress name="OK"/>
  </Progress>
  <Progress source="bmc" trueFor="473">
    <PropertyProgress name="OK"/>
  </Progress>
  <Progress source="bmc" trueFor="474">
    <PropertyProgress name="OK"/>
  </Progress>
  <Progress source="bmc" trueFor="475">
    <PropertyProgress name="OK"/>
  </Progress>
  <Progress source="bmc" trueFor="476">
    <PropertyProgress name="OK"/>
  </Progress>
  <Progress source="bmc" trueFor="477">
    <PropertyProgress name="OK"/>
  </Progress>
  <Progress source="bmc" trueFor="478">
    <PropertyProgress name="OK"/>
  </Progress>
  <Progress source="bmc" trueFor="479">
    <PropertyProgress name="OK"/>
  </Progress>
  <Progress source="bmc" trueFor="480">
    <PropertyProgress name="OK"/>
  </Progress>
  <Progress source="bmc" trueFor="481">
    <PropertyProgress name="OK"/>
  </Progress>
  <Progress source="bmc" trueFor="482">
    <PropertyProgress name="OK"/>
  </Progress>
  <Progress source="bmc" trueFor="483">
    <PropertyProgress name="OK"/>
  </Progress>
  <Progress source="bmc" trueFor="484">
    <PropertyProgress name="OK"/>
  </Progress>
  <Progress source="bmc" trueFor="485">
    <PropertyProgress name="OK"/>
  </Progress>
  <Progress source="bmc" trueFor="486">
    <PropertyProgress name="OK"/>
  </Progress>
  <Progress source="bmc" trueFor="487">
    <PropertyProgress name="OK"/>
  </Progress>
  <Progress source="bmc" trueFor="488">
    <PropertyProgress name="OK"/>
  </Progress>
  <Progress source="bmc" trueFor="489">
    <PropertyProgress name="OK"/>
  </Progress>
  <Progress source="bmc" trueFor="490">
    <PropertyProgress name="OK"/>
  </Progress>
  <Progress source="bmc" trueFor="491">
    <PropertyProgress name="OK"/>
  </Progress>
  <Progress source="bmc" trueFor="492">
    <PropertyProgress name="OK"/>
  </Progress>
  <Progress source="bmc" trueFor="493">
    <PropertyProgress name="OK"/>
  </Progress>
  <Progress source="bmc" trueFor="494">
    <PropertyProgress name="OK"/>
  </Progress>
  <Progress source="bmc" trueFor="495">
    <PropertyProgress name="OK"/>
  </Progress>
  <Progress source="bmc" trueFor="496">
    <PropertyProgress name="OK"/>
  </Progress>
  <Progress source="bmc" trueFor="497">
    <PropertyProgress name="OK"/>
  </Progress>
  <Progress source="bmc" trueFor="498">
    <PropertyProgress name="OK"/>
  </Progress>
  <Progress source="bmc" trueFor="499">
    <PropertyProgress name="OK"/>
  </Progress>
  <Progress source="bmc" trueFor="500">
    <PropertyProgress name="OK"/>
  </Progress>
  <Progress source="bmc" trueFor="501">
    <PropertyProgress name="OK"/>
  </Progress>
  <Progress source="bmc" trueFor="502">
    <PropertyProgress name="OK"/>
  </Progress>
  <Progress source="bmc" trueFor="503">
    <PropertyProgress name="OK"/>
  </Progress>
  <Progress source="bmc" trueFor="504">
    <PropertyProgress name="OK"/>
  </Progress>
  <Progress source="bmc" trueFor="505">
    <PropertyProgress name="OK"/>
  </Progress>
  <Progress source="bmc" trueFor="506">
    <PropertyProgress name="OK"/>
  </Progress>
  <Progress source="bmc" trueFor="507">
    <PropertyProgress name="OK"/>
  </Progress>
  <Progress source="bmc" trueFor="508">
    <PropertyProgress name="OK"/>
  </Progress>
  <Progress source="bmc" trueFor="509">
    <PropertyProgress name="OK"/>
  </Progress>
  <Progress source="bmc" trueFor="510">
    <PropertyProgress name="OK"/>
  </Progress>
  <Progress source="bmc" trueFor="511">
    <PropertyProgress name="OK"/>
  </Progress>
  <Progress source="bmc" trueFor="512">
    <PropertyProgress name="OK"/>
  </Progress>
  <Progress source="bmc" trueFor="513">
    <PropertyProgress name="OK"/>
  </Progress>
  <Progress source="bmc" trueFor="514">
    <PropertyProgress name="OK"/>
  </Progress>
  <Progress source="bmc" trueFor="515">
    <PropertyProgress name="OK"/>
  </Progress>
  <Progress source="bmc" trueFor="516">
    <PropertyProgress name="OK"/>
  </Progress>
  <Progress source="bmc" trueFor="517">
    <PropertyProgress name="OK"/>
  </Progress>
  <Progress source="bmc" trueFor="518">
    <PropertyProgress name="OK"/>
  </Progress>
  <Progress source="bmc" trueFor="519">
    <PropertyProgress name="OK"/>
  </Progress>
  <Progress source="bmc" trueFor="520">
    <PropertyProgress name="OK"/>
  </Progress>
  <Progress source="bmc" trueFor="521">
    <PropertyProgress name="OK"/>
  </Progress>
  <Progress source="bmc" trueFor="522">
    <PropertyProgress name="OK"/>
  </Progress>
  <Progress source="bmc" trueFor="523">
    <PropertyProgress name="OK"/>
  </Progress>
  <Progress source="bmc" trueFor="524">
    <PropertyProgress name="OK"/>
  </Progress>
  <Progress source="bmc" trueFor="525">
    <PropertyProgress name="OK"/>
  </Progress>
  <Progress source="bmc" trueFor="526">
    <PropertyProgress name="OK"/>
  </Progress>
  <Progress source="bmc" trueFor="527">
    <PropertyProgress name="OK"/>
  </Progress>
  <Progress source="bmc" trueFor="528">
    <PropertyProgress name="OK"/>
  </Progress>
  <Progress source="bmc" trueFor="529">
    <PropertyProgress name="OK"/>
  </Progress>
  <Progress source="bmc" trueFor="530">
    <PropertyProgress name="OK"/>
  </Progress>
  <Progress source="bmc" trueFor="531">
    <PropertyProgress name="OK"/>
  </Progress>
  <Progress source="bmc" trueFor="532">
    <PropertyProgress name="OK"/>
  </Progress>
  <Progress source="bmc" trueFor="533">
    <PropertyProgress name="OK"/>
  </Progress>
  <Progress source="bmc" trueFor="534">
    <PropertyProgress name="OK"/>
  </Progress>
  <Progress source="bmc" trueFor="535">
    <PropertyProgress name="OK"/>
  </Progress>
  <Progress source="bmc" trueFor="536">
    <PropertyProgress name="OK"/>
  </Progress>
  <Progress source="bmc" trueFor="537">
    <PropertyProgress name="OK"/>
  </Progress>
  <Progress source="bmc" trueFor="538">
    <PropertyProgress name="OK"/>
  </Progress>
  <Progress source="bmc" trueFor="539">
    <PropertyProgress name="OK"/>
  </Progress>
  <Progress source="bmc" trueFor="540">
    <PropertyProgress name="OK"/>
  </Progress>
  <Progress source="bmc" trueFor="541">
    <PropertyProgress name="OK"/>
  </Progress>
  <Progress source="bmc" trueFor="542">
    <PropertyProgress name="OK"/>
  </Progress>
  <Progress source="bmc" trueFor="543">
    <PropertyProgress name="OK"/>
  </Progress>
  <Progress source="bmc" trueFor="544">
    <PropertyProgress name="OK"/>
  </Progress>
  <Progress source="bmc" trueFor="545">
    <PropertyProgress name="OK"/>
  </Progress>
  <Progress source="bmc" trueFor="546">
    <PropertyProgress name="OK"/>
  </Progress>
  <Progress source="bmc" trueFor="547">
    <PropertyProgress name="OK"/>
  </Progress>
  <Progress source="bmc" trueFor="548">
    <PropertyProgress name="OK"/>
  </Progress>
  <Progress source="bmc" trueFor="549">
    <PropertyProgress name="OK"/>
  </Progress>
  <Progress source="bmc" trueFor="550">
    <PropertyProgress name="OK"/>
  </Progress>
  <Progress source="bmc" trueFor="551">
    <PropertyProgress name="OK"/>
  </Progress>
  <Progress source="bmc" trueFor="552">
    <PropertyProgress name="OK"/>
  </Progress>
  <Progress source="bmc" trueFor="553">
    <PropertyProgress name="OK"/>
  </Progress>
  <Progress source="bmc" trueFor="554">
    <PropertyProgress name="OK"/>
  </Progress>
  <Progress source="bmc" trueFor="555">
    <PropertyProgress name="OK"/>
  </Progress>
  <Progress source="bmc" trueFor="556">
    <PropertyProgress name="OK"/>
  </Progress>
  <Progress source="bmc" trueFor="557">
    <PropertyProgress name="OK"/>
  </Progress>
  <Progress source="bmc" trueFor="558">
    <PropertyProgress name="OK"/>
  </Progress>
  <Progress source="bmc" trueFor="559">
    <PropertyProgress name="OK"/>
  </Progress>
  <Progress source="bmc" trueFor="560">
    <PropertyProgress name="OK"/>
  </Progress>
  <Progress source="bmc" trueFor="561">
    <PropertyProgress name="OK"/>
  </Progress>
  <Progress source="bmc" trueFor="562">
    <PropertyProgress name="OK"/>
  </Progress>
  <Progress source="bmc" trueFor="563">
    <PropertyProgress name="OK"/>
  </Progress>
  <Progress source="bmc" trueFor="564">
    <PropertyProgress name="OK"/>
  </Progress>
  <Progress source="bmc" trueFor="565">
    <PropertyProgress name="OK"/>
  </Progress>
  <Progress source="bmc" trueFor="566">
    <PropertyProgress name="OK"/>
  </Progress>
  <Progress source="bmc" trueFor="567">
    <PropertyProgress name="OK"/>
  </Progress>
  <Progress source="bmc" trueFor="568">
    <PropertyProgress name="OK"/>
  </Progress>
  <Progress source="bmc" trueFor="569">
    <PropertyProgress name="OK"/>
  </Progress>
  <Progress source="bmc" trueFor="570">
    <PropertyProgress name="OK"/>
  </Progress>
  <Progress source="bmc" trueFor="571">
    <PropertyProgress name="OK"/>
  </Progress>
  <Progress source="bmc" trueFor="572">
    <PropertyProgress name="OK"/>
  </Progress>
  <Progress source="bmc" trueFor="573">
    <PropertyProgress name="OK"/>
  </Progress>
  <Progress source="bmc" trueFor="574">
    <PropertyProgress name="OK"/>
  </Progress>
  <Progress source="bmc" trueFor="575">
    <PropertyProgress name="OK"/>
  </Progress>
  <Progress source="bmc" trueFor="576">
    <PropertyProgress name="OK"/>
  </Progress>
  <Progress source="bmc" trueFor="577">
    <PropertyProgress name="OK"/>
  </Progress>
  <Progress source="bmc" trueFor="578">
    <PropertyProgress name="OK"/>
  </Progress>
  <Progress source="bmc" trueFor="579">
    <PropertyProgress name="OK"/>
  </Progress>
  <Progress source="bmc" trueFor="580">
    <PropertyProgress name="OK"/>
  </Progress>
  <Progress source="bmc" trueFor="581">
    <PropertyProgress name="OK"/>
  </Progress>
  <Progress source="bmc" trueFor="582">
    <PropertyProgress name="OK"/>
  </Progress>
  <Progress source="bmc" trueFor="583">
    <PropertyProgress name="OK"/>
  </Progress>
  <Progress source="bmc" trueFor="584">
    <PropertyProgress name="OK"/>
  </Progress>
  <Progress source="bmc" trueFor="585">
    <PropertyProgress name="OK"/>
  </Progress>
  <Progress source="bmc" trueFor="586">
    <PropertyProgress name="OK"/>
  </Progress>
  <Progress source="bmc" trueFor="587">
    <PropertyProgress name="OK"/>
  </Progress>
  <Progress source="bmc" trueFor="588">
    <PropertyProgress name="OK"/>
  </Progress>
  <Progress source="bmc" trueFor="589">
    <PropertyProgress name="OK"/>
  </Progress>
  <Progress source="bmc" trueFor="590">
    <PropertyProgress name="OK"/>
  </Progress>
  <Progress source="bmc" trueFor="591">
    <PropertyProgress name="OK"/>
  </Progress>
  <Progress source="bmc" trueFor="592">
    <PropertyProgress name="OK"/>
  </Progress>
  <Progress source="bmc" trueFor="593">
    <PropertyProgress name="OK"/>
  </Progress>
  <Progress source="bmc" trueFor="594">
    <PropertyProgress name="OK"/>
  </Progress>
  <Progress source="bmc" trueFor="595">
    <PropertyProgress name="OK"/>
  </Progress>
  <Progress source="bmc" trueFor="596">
    <PropertyProgress name="OK"/>
  </Progress>
  <Progress source="bmc" trueFor="597">
    <PropertyProgress name="OK"/>
  </Progress>
  <Progress source="bmc" trueFor="598">
    <PropertyProgress name="OK"/>
  </Progress>
  <Progress source="bmc" trueFor="599">
    <PropertyProgress name="OK"/>
  </Progress>
  <Progress source="bmc" trueFor="600">
    <PropertyProgress name="OK"/>
  </Progress>
  <Progress source="bmc" trueFor="601">
    <PropertyProgress name="OK"/>
  </Progress>
  <Progress source="bmc" trueFor="602">
    <PropertyProgress name="OK"/>
  </Progress>
  <Progress source="bmc" trueFor="603">
    <PropertyProgress name="OK"/>
  </Progress>
  <Progress source="bmc" trueFor="604">
    <PropertyProgress name="OK"/>
  </Progress>
  <Progress source="bmc" trueFor="605">
    <PropertyProgress name="OK"/>
  </Progress>
  <Progress source="bmc" trueFor="606">
    <PropertyProgress name="OK"/>
  </Progress>
  <Progress source="bmc" trueFor="607">
    <PropertyProgress name="OK"/>
  </Progress>
  <Progress source="bmc" trueFor="608">
    <PropertyProgress name="OK"/>
  </Progress>
  <Progress source="bmc" trueFor="609">
    <PropertyProgress name="OK"/>
  </Progress>
  <Progress source="bmc" trueFor="610">
    <PropertyProgress name="OK"/>
  </Progress>
  <Progress source="bmc" trueFor="611">
    <PropertyProgress name="OK"/>
  </Progress>
  <Progress source="bmc" trueFor="612">
    <PropertyProgress name="OK"/>
  </Progress>
  <Progress source="bmc" trueFor="613">
    <PropertyProgress name="OK"/>
  </Progress>
  <Progress source="bmc" trueFor="614">
    <PropertyProgress name="OK"/>
  </Progress>
  <Progress source="bmc" trueFor="615">
    <PropertyProgress name="OK"/>
  </Progress>
  <Progress source="bmc" trueFor="616">
    <PropertyProgress name="OK"/>
  </Progress>
  <Progress source="bmc" trueFor="617">
    <PropertyProgress name="OK"/>
  </Progress>
  <Progress source="bmc" trueFor="618">
    <PropertyProgress name="OK"/>
  </Progress>
  <Progress source="bmc" trueFor="619">
    <PropertyProgress name="OK"/>
  </Progress>
  <Progress source="bmc" trueFor="620">
    <PropertyProgress name="OK"/>
  </Progress>
  <Progress source="bmc" trueFor="621">
    <PropertyProgress name="OK"/>
  </Progress>
  <Progress source="bmc" trueFor="622">
    <PropertyProgress name="OK"/>
  </Progress>
  <Progress source="bmc" trueFor="623">
    <PropertyProgress name="OK"/>
  </Progress>
  <Progress source="bmc" trueFor="624">
    <PropertyProgress name="OK"/>
  </Progress>
  <Progress source="bmc" trueFor="625">
    <PropertyProgress name="OK"/>
  </Progress>
  <Progress source="bmc" trueFor="626">
    <PropertyProgress name="OK"/>
  </Progress>
  <Progress source="bmc" trueFor="627">
    <PropertyProgress name="OK"/>
  </Progress>
  <Progress source="bmc" trueFor="628">
    <PropertyProgress name="OK"/>
  </Progress>
  <Progress source="bmc" trueFor="629">
    <PropertyProgress name="OK"/>
  </Progress>
  <Progress source="bmc" trueFor="630">
    <PropertyProgress name="OK"/>
  </Progress>
  <Progress source="bmc" trueFor="631">
    <PropertyProgress name="OK"/>
  </Progress>
  <Progress source="bmc" trueFor="632">
    <PropertyProgress name="OK"/>
  </Progress>
  <Progress source="bmc" trueFor="633">
    <PropertyProgress name="OK"/>
  </Progress>
  <Progress source="bmc" trueFor="634">
    <PropertyProgress name="OK"/>
  </Progress>
  <Progress source="bmc" trueFor="635">
    <PropertyProgress name="OK"/>
  </Progress>
  <Progress source="bmc" trueFor="636">
    <PropertyProgress name="OK"/>
  </Progress>
  <Progress source="bmc" trueFor="637">
    <PropertyProgress name="OK"/>
  </Progress>
  <Progress source="bmc" trueFor="638">
    <PropertyProgress name="OK"/>
  </Progress>
  <Progress source="bmc" trueFor="639">
    <PropertyProgress name="OK"/>
  </Progress>
  <Progress source="bmc" trueFor="640">
    <PropertyProgress name="OK"/>
  </Progress>
  <Progress source="bmc" trueFor="641">
    <PropertyProgress name="OK"/>
  </Progress>
  <Progress source="bmc" trueFor="642">
    <PropertyProgress name="OK"/>
  </Progress>
  <Progress source="bmc" trueFor="643">
    <PropertyProgress name="OK"/>
  </Progress>
  <Progress source="bmc" trueFor="644">
    <PropertyProgress name="OK"/>
  </Progress>
  <Progress source="bmc" trueFor="645">
    <PropertyProgress name="OK"/>
  </Progress>
  <Progress source="bmc" trueFor="646">
    <PropertyProgress name="OK"/>
  </Progress>
  <Progress source="bmc" trueFor="647">
    <PropertyProgress name="OK"/>
  </Progress>
  <Progress source="bmc" trueFor="648">
    <PropertyProgress name="OK"/>
  </Progress>
  <Progress source="bmc" trueFor="649">
    <PropertyProgress name="OK"/>
  </Progress>
  <Progress source="bmc" trueFor="650">
    <PropertyProgress name="OK"/>
  </Progress>
  <Progress source="bmc" trueFor="651">
    <PropertyProgress name="OK"/>
  </Progress>
  <Progress source="bmc" trueFor="652">
    <PropertyProgress name="OK"/>
  </Progress>
  <Progress source="bmc" trueFor="653">
    <PropertyProgress name="OK"/>
  </Progress>
  <Progress source="bmc" trueFor="654">
    <PropertyProgress name="OK"/>
  </Progress>
  <Progress source="bmc" trueFor="655">
    <PropertyProgress name="OK"/>
  </Progress>
  <Progress source="bmc" trueFor="656">
    <PropertyProgress name="OK"/>
  </Progress>
  <Progress source="bmc" trueFor="657">
    <PropertyProgress name="OK"/>
  </Progress>
  <Progress source="bmc" trueFor="658">
    <PropertyProgress name="OK"/>
  </Progress>
  <Progress source="bmc" trueFor="659">
    <PropertyProgress name="OK"/>
  </Progress>
  <Progress source="bmc" trueFor="660">
    <PropertyProgress name="OK"/>
  </Progress>
  <Progress source="bmc" trueFor="661">
    <PropertyProgress name="OK"/>
  </Progress>
  <Progress source="bmc" trueFor="662">
    <PropertyProgress name="OK"/>
  </Progress>
  <Progress source="bmc" trueFor="663">
    <PropertyProgress name="OK"/>
  </Progress>
  <Progress source="bmc" trueFor="664">
    <PropertyProgress name="OK"/>
  </Progress>
  <Progress source="bmc" trueFor="665">
    <PropertyProgress name="OK"/>
  </Progress>
  <Progress source="bmc" trueFor="666">
    <PropertyProgress name="OK"/>
  </Progress>
  <Progress source="bmc" trueFor="667">
    <PropertyProgress name="OK"/>
  </Progress>
  <Progress source="bmc" trueFor="668">
    <PropertyProgress name="OK"/>
  </Progress>
  <Progress source="bmc" trueFor="669">
    <PropertyProgress name="OK"/>
  </Progress>
  <Progress source="bmc" trueFor="670">
    <PropertyProgress name="OK"/>
  </Progress>
  <Progress source="bmc" trueFor="671">
    <PropertyProgress name="OK"/>
  </Progress>
  <Progress source="bmc" trueFor="672">
    <PropertyProgress name="OK"/>
  </Progress>
  <Progress source="bmc" trueFor="673">
    <PropertyProgress name="OK"/>
  </Progress>
  <Progress source="bmc" trueFor="674">
    <PropertyProgress name="OK"/>
  </Progress>
  <Progress source="bmc" trueFor="675">
    <PropertyProgress name="OK"/>
  </Progress>
  <Progress source="bmc" trueFor="676">
    <PropertyProgress name="OK"/>
  </Progress>
  <Progress source="bmc" trueFor="677">
    <PropertyProgress name="OK"/>
  </Progress>
  <Progress source="bmc" trueFor="678">
    <PropertyProgress name="OK"/>
  </Progress>
  <Progress source="bmc" trueFor="679">
    <PropertyProgress name="OK"/>
  </Progress>
  <Progress source="bmc" trueFor="680">
    <PropertyProgress name="OK"/>
  </Progress>
  <Progress source="bmc" trueFor="681">
    <PropertyProgress name="OK"/>
  </Progress>
  <Progress source="bmc" trueFor="682">
    <PropertyProgress name="OK"/>
  </Progress>
  <Progress source="bmc" trueFor="683">
    <PropertyProgress name="OK"/>
  </Progress>
  <Progress source="bmc" trueFor="684">
    <PropertyProgress name="OK"/>
  </Progress>
  <Progress source="bmc" trueFor="685">
    <PropertyProgress name="OK"/>
  </Progress>
  <Progress source="bmc" trueFor="686">
    <PropertyProgress name="OK"/>
  </Progress>
  <Progress source="bmc" trueFor="687">
    <PropertyProgress name="OK"/>
  </Progress>
  <Progress source="bmc" trueFor="688">
    <PropertyProgress name="OK"/>
  </Progress>
  <Progress source="bmc" trueFor="689">
    <PropertyProgress name="OK"/>
  </Progress>
  <Progress source="bmc" trueFor="690">
    <PropertyProgress name="OK"/>
  </Progress>
  <Progress source="bmc" trueFor="691">
    <PropertyProgress name="OK"/>
  </Progress>
  <Progress source="bmc" trueFor="692">
    <PropertyProgress name="OK"/>
  </Progress>
  <Progress source="bmc" trueFor="693">
    <PropertyProgress name="OK"/>
  </Progress>
  <Progress source="bmc" trueFor="694">
    <PropertyProgress name="OK"/>
  </Progress>
  <Progress source="bmc" trueFor="695">
    <PropertyProgress name="OK"/>
  </Progress>
  <Progress source="bmc" trueFor="696">
    <PropertyProgress name="OK"/>
  </Progress>
  <Progress source="bmc" trueFor="697">
    <PropertyProgress name="OK"/>
  </Progress>
  <Progress source="bmc" trueFor="698">
    <PropertyProgress name="OK"/>
  </Progress>
  <Progress source="bmc" trueFor="699">
    <PropertyProgress name="OK"/>
  </Progress>
  <Progress source="bmc" trueFor="700">
    <PropertyProgress name="OK"/>
  </Progress>
  <Progress source="bmc" trueFor="701">
    <PropertyProgress name="OK"/>
  </Progress>
  <Progress source="bmc" trueFor="702">
    <PropertyProgress name="OK"/>
  </Progress>
  <Progress source="bmc" trueFor="703">
    <PropertyProgress name="OK"/>
  </Progress>
  <Progress source="bmc" trueFor="704">
    <PropertyProgress name="OK"/>
  </Progress>
  <Progress source="bmc" trueFor="705">
    <PropertyProgress name="OK"/>
  </Progress>
  <Progress source="bmc" trueFor="706">
    <PropertyProgress name="OK"/>
  </Progress>
  <Progress source="bmc" trueFor="707">
    <PropertyProgress name="OK"/>
  </Progress>
  <Progress source="bmc" trueFor="708">
    <PropertyProgress name="OK"/>
  </Progress>
  <Progress source="bmc" trueFor="709">
    <PropertyProgress name="OK"/>
  </Progress>
  <Progress source="bmc" trueFor="710">
    <PropertyProgress name="OK"/>
  </Progress>
  <Progress source="bmc" trueFor="711">
    <PropertyProgress name="OK"/>
  </Progress>
  <Progress source="bmc" trueFor="712">
    <PropertyProgress name="OK"/>
  </Progress>
  <Progress source="bmc" trueFor="713">
    <PropertyProgress name="OK"/>
  </Progress>
  <Progress source="bmc" trueFor="714">
    <PropertyProgress name="OK"/>
  </Progress>
  <Progress source="bmc" trueFor="715">
    <PropertyProgress name="OK"/>
  </Progress>
  <Progress source="bmc" trueFor="716">
    <PropertyProgress name="OK"/>
  </Progress>
  <Progress source="bmc" trueFor="717">
    <PropertyProgress name="OK"/>
  </Progress>
  <Progress source="bmc" trueFor="718">
    <PropertyProgress name="OK"/>
  </Progress>
  <Progress source="bmc" trueFor="719">
    <PropertyProgress name="OK"/>
  </Progress>
  <Progress source="bmc" trueFor="720">
    <PropertyProgress name="OK"/>
  </Progress>
  <Progress source="bmc" trueFor="721">
    <PropertyProgress name="OK"/>
  </Progress>
  <Progress source="bmc" trueFor="722">
    <PropertyProgress name="OK"/>
  </Progress>
  <Progress source="bmc" trueFor="723">
    <PropertyProgress name="OK"/>
  </Progress>
  <Progress source="bmc" trueFor="724">
    <PropertyProgress name="OK"/>
  </Progress>
  <Progress source="bmc" trueFor="725">
    <PropertyProgress name="OK"/>
  </Progress>
  <Progress source="bmc" trueFor="726">
    <PropertyProgress name="OK"/>
  </Progress>
  <Progress source="bmc" trueFor="727">
    <PropertyProgress name="OK"/>
  </Progress>
  <Progress source="bmc" trueFor="728">
    <PropertyProgress name="OK"/>
  </Progress>
  <Progress source="bmc" trueFor="729">
    <PropertyProgress name="OK"/>
  </Progress>
  <Progress source="bmc" trueFor="730">
    <PropertyProgress name="OK"/>
  </Progress>
  <Progress source="bmc" trueFor="731">
    <PropertyProgress name="OK"/>
  </Progress>
  <Progress source="bmc" trueFor="732">
    <PropertyProgress name="OK"/>
  </Progress>
  <Progress source="bmc" trueFor="733">
    <PropertyProgress name="OK"/>
  </Progress>
  <Progress source="bmc" trueFor="734">
    <PropertyProgress name="OK"/>
  </Progress>
  <Progress source="bmc" trueFor="735">
    <PropertyProgress name="OK"/>
  </Progress>
  <Progress source="bmc" trueFor="736">
    <PropertyProgress name="OK"/>
  </Progress>
  <Progress source="bmc" trueFor="737">
    <PropertyProgress name="OK"/>
  </Progress>
  <Progress source="bmc" trueFor="738">
    <PropertyProgress name="OK"/>
  </Progress>
  <Progress source="bmc" trueFor="739">
    <PropertyProgress name="OK"/>
  </Progress>
  <Progress source="bmc" trueFor="740">
    <PropertyProgress name="OK"/>
  </Progress>
  <Progress source="bmc" trueFor="741">
    <PropertyProgress name="OK"/>
  </Progress>
  <Progress source="bmc" trueFor="742">
    <PropertyProgress name="OK"/>
  </Progress>
  <Progress source="bmc" trueFor="743">
    <PropertyProgress name="OK"/>
  </Progress>
  <Progress source="bmc" trueFor="744">
    <PropertyProgress name="OK"/>
  </Progress>
  <Progress source="bmc" trueFor="745">
    <PropertyProgress name="OK"/>
  </Progress>
  <Progress source="bmc" trueFor="746">
    <PropertyProgress name="OK"/>
  </Progress>
  <Progress source="bmc" trueFor="747">
    <PropertyProgress name="OK"/>
  </Progress>
  <Progress source="bmc" trueFor="748">
    <PropertyProgress name="OK"/>
  </Progress>
  <Progress source="bmc" trueFor="749">
    <PropertyProgress name="OK"/>
  </Progress>
  <Progress source="bmc" trueFor="750">
    <PropertyProgress name="OK"/>
  </Progress>
  <Progress source="bmc" trueFor="751">
    <PropertyProgress name="OK"/>
  </Progress>
  <Progress source="bmc" trueFor="752">
    <PropertyProgress name="OK"/>
  </Progress>
  <Progress source="bmc" trueFor="753">
    <PropertyProgress name="OK"/>
  </Progress>
  <Progress source="bmc" trueFor="754">
    <PropertyProgress name="OK"/>
  </Progress>
  <Progress source="bmc" trueFor="755">
    <PropertyProgress name="OK"/>
  </Progress>
  <Progress source="bmc" trueFor="756">
    <PropertyProgress name="OK"/>
  </Progress>
  <Progress source="bmc" trueFor="757">
    <PropertyProgress name="OK"/>
  </Progress>
  <Progress source="bmc" trueFor="758">
    <PropertyProgress name="OK"/>
  </Progress>
  <Progress source="bmc" trueFor="759">
    <PropertyProgress name="OK"/>
  </Progress>
  <Progress source="bmc" trueFor="760">
    <PropertyProgress name="OK"/>
  </Progress>
  <Progress source="bmc" trueFor="761">
    <PropertyProgress name="OK"/>
  </Progress>
  <Progress source="bmc" trueFor="762">
    <PropertyProgress name="OK"/>
  </Progress>
  <Progress source="bmc" trueFor="763">
    <PropertyProgress name="OK"/>
  </Progress>
  <Progress source="bmc" trueFor="764">
    <PropertyProgress name="OK"/>
  </Progress>
  <Progress source="bmc" trueFor="765">
    <PropertyProgress name="OK"/>
  </Progress>
  <Progress source="bmc" trueFor="766">
    <PropertyProgress name="OK"/>
  </Progress>
  <Progress source="bmc" trueFor="767">
    <PropertyProgress name="OK"/>
  </Progress>
  <Progress source="bmc" trueFor="768">
    <PropertyProgress name="OK"/>
  </Progress>
  <Progress source="bmc" trueFor="769">
    <PropertyProgress name="OK"/>
  </Progress>
  <Progress source="bmc" trueFor="770">
    <PropertyProgress name="OK"/>
  </Progress>
  <Progress source="bmc" trueFor="771">
    <PropertyProgress name="OK"/>
  </Progress>
  <Progress source="bmc" trueFor="772">
    <PropertyProgress name="OK"/>
  </Progress>
  <Progress source="bmc" trueFor="773">
    <PropertyProgress name="OK"/>
  </Progress>
  <Progress source="bmc" trueFor="774">
    <PropertyProgress name="OK"/>
  </Progress>
  <Progress source="bmc" trueFor="775">
    <PropertyProgress name="OK"/>
  </Progress>
  <Progress source="bmc" trueFor="776">
    <PropertyProgress name="OK"/>
  </Progress>
  <Progress source="bmc" trueFor="777">
    <PropertyProgress name="OK"/>
  </Progress>
  <Progress source="bmc" trueFor="778">
    <PropertyProgress name="OK"/>
  </Progress>
  <Progress source="bmc" trueFor="779">
    <PropertyProgress name="OK"/>
  </Progress>
  <Progress source="bmc" trueFor="780">
    <PropertyProgress name="OK"/>
  </Progress>
  <Progress source="bmc" trueFor="781">
    <PropertyProgress name="OK"/>
  </Progress>
  <Progress source="bmc" trueFor="782">
    <PropertyProgress name="OK"/>
  </Progress>
  <Progress source="bmc" trueFor="783">
    <PropertyProgress name="OK"/>
  </Progress>
  <Progress source="bmc" trueFor="784">
    <PropertyProgress name="OK"/>
  </Progress>
  <Progress source="bmc" trueFor="785">
    <PropertyProgress name="OK"/>
  </Progress>
  <Progress source="bmc" trueFor="786">
    <PropertyProgress name="OK"/>
  </Progress>
  <Progress source="bmc" trueFor="787">
    <PropertyProgress name="OK"/>
  </Progress>
  <Progress source="bmc" trueFor="788">
    <PropertyProgress name="OK"/>
  </Progress>
  <Progress source="bmc" trueFor="789">
    <PropertyProgress name="OK"/>
  </Progress>
  <Progress source="bmc" trueFor="790">
    <PropertyProgress name="OK"/>
  </Progress>
  <Progress source="bmc" trueFor="791">
    <PropertyProgress name="OK"/>
  </Progress>
  <Progress source="bmc" trueFor="792">
    <PropertyProgress name="OK"/>
  </Progress>
  <Progress source="bmc" trueFor="793">
    <PropertyProgress name="OK"/>
  </Progress>
  <Progress source="bmc" trueFor="794">
    <PropertyProgress name="OK"/>
  </Progress>
  <Progress source="bmc" trueFor="795">
    <PropertyProgress name="OK"/>
  </Progress>
  <Progress source="bmc" trueFor="796">
    <PropertyProgress name="OK"/>
  </Progress>
  <Progress source="bmc" trueFor="797">
    <PropertyProgress name="OK"/>
  </Progress>
  <Progress source="bmc" trueFor="798">
    <PropertyProgress name="OK"/>
  </Progress>
  <Progress source="bmc" trueFor="799">
    <PropertyProgress name="OK"/>
  </Progress>
  <Progress source="bmc" trueFor="800">
    <PropertyProgress name="OK"/>
  </Progress>
  <Progress source="bmc" trueFor="801">
    <PropertyProgress name="OK"/>
  </Progress>
  <Progress source="bmc" trueFor="802">
    <PropertyProgress name="OK"/>
  </Progress>
  <Progress source="bmc" trueFor="803">
    <PropertyProgress name="OK"/>
  </Progress>
  <Progress source="bmc" trueFor="804">
    <PropertyProgress name="OK"/>
  </Progress>
  <Progress source="bmc" trueFor="805">
    <PropertyProgress name="OK"/>
  </Progress>
  <Progress source="bmc" trueFor="806">
    <PropertyProgress name="OK"/>
  </Progress>
  <Progress source="bmc" trueFor="807">
    <PropertyProgress name="OK"/>
  </Progress>
  <Progress source="bmc" trueFor="808">
    <PropertyProgress name="OK"/>
  </Progress>
  <Progress source="bmc" trueFor="809">
    <PropertyProgress name="OK"/>
  </Progress>
  <Progress source="bmc" trueFor="810">
    <PropertyProgress name="OK"/>
  </Progress>
  <Progress source="bmc" trueFor="811">
    <PropertyProgress name="OK"/>
  </Progress>
  <Progress source="bmc" trueFor="812">
    <PropertyProgress name="OK"/>
  </Progress>
  <Progress source="bmc" trueFor="813">
    <PropertyProgress name="OK"/>
  </Progress>
  <Progress source="bmc" trueFor="814">
    <PropertyProgress name="OK"/>
  </Progress>
  <Property name="OK">
    <Runtime unit="sec">700.09</Runtime>
    <Answer>unknown</Answer>
    <TrueFor>814</TrueFor>
  </Property>
</Results>
