<?xml version="1.0"?>
<Results xmlns:xsi="http://www.w3.org/2001/XMLSchema-instance">
  <Progress source="bmc" trueFor="1">
    <PropertyProgress name="__GUARANTEE3"/>
  </Progress>
  <Progress source="bmc" trueFor="2">
    <PropertyProgress name="__GUARANTEE3"/>
  </Progress>
  <Property name="__GUARANTEE3">
    <Runtime unit="sec">0.222</Runtime>
    <SupportRuntime unit="sec">0.058</SupportRuntime>
    <Answer source="k-induction">valid</Answer>
    <K>0</K>
    <Invariant>__GUARANTEE3</Invariant>
    <Support>__GUARANTEE3</Support>
  </Property>
</Results>
