<?xml version="1.0"?>
<Results xmlns:xsi="http://www.w3.org/2001/XMLSchema-instance">
  <Property name="OK">
    <Runtime unit="sec">2.714</Runtime>
    <SupportRuntime unit="sec">0.139</SupportRuntime>
    <Answer source="pdr">valid</Answer>
    <K>1</K>
    <Invariant>((V24_toofast or (V27_dist &lt;= 3)) or (not V30_move))</Invariant>
    <Invariant>OK</Invariant>
    <Invariant>(0 &lt;= V28_speed)</Invariant>
    <Invariant>(not (10 = V27_dist))</Invariant>
    <Invariant>(((((0 &lt;= ((V29_time + (-2)) + (-2))) or (0 &lt;= (V28_speed + (-2)))) or (V27_dist &lt;= 2)) or (V29_time = V27_dist)) or (not V30_move))</Invariant>
    <Invariant>(((V24_toofast or (0 &lt;= (V29_time + (-2)))) or (V27_dist &lt;= 2)) or (not V30_move))</Invariant>
    <Invariant>((((0 &lt;= (V28_speed + (-2))) or (V27_dist &lt;= 2)) or (not (V29_time = V27_dist))) or (not V30_move))</Invariant>
    <Invariant>(0 &lt;= V29_time)</Invariant>
    <Invariant>((((0 &lt;= (V29_time + (-2))) or (V27_dist &lt;= 1)) or (0 &lt;= (V28_speed + (-2)))) or (not V30_move))</Invariant>
    <Support>V26_bump</Support>
    <Support>V24_toofast</Support>
    <Support>V32_meter</Support>
    <Support>V30_move</Support>
    <Support>V25_stop</Support>
    <Support>V27_dist</Support>
    <Support>OK</Support>
    <Support>V31_second</Support>
    <Support>V28_speed</Support>
    <Support>V29_time</Support>
  </Property>
</Results>
