<?xml version="1.0"?>
<Results xmlns:xsi="http://www.w3.org/2001/XMLSchema-instance">
  <Progress source="bmc" trueFor="1">
    <PropertyProgress name="__GUARANTEE0"/>
  </Progress>
  <Progress source="bmc" trueFor="2">
    <PropertyProgress name="__GUARANTEE0"/>
  </Progress>
  <Progress source="bmc" trueFor="3">
    <PropertyProgress name="__GUARANTEE0"/>
  </Progress>
  <Progress source="bmc" trueFor="4">
    <PropertyProgress name="__GUARANTEE0"/>
  </Progress>
  <Progress source="bmc" trueFor="5">
    <PropertyProgress name="__GUARANTEE0"/>
  </Progress>
  <Progress source="bmc" trueFor="6">
    <PropertyProgress name="__GUARANTEE0"/>
  </Progress>
  <Progress source="bmc" trueFor="7">
    <PropertyProgress name="__GUARANTEE0"/>
  </Progress>
  <Progress source="bmc" trueFor="8">
    <PropertyProgress name="__GUARANTEE0"/>
  </Progress>
  <Progress source="bmc" trueFor="9">
    <PropertyProgress name="__GUARANTEE0"/>
  </Progress>
  <Property name="__GUARANTEE0">
    <Runtime unit="sec">5.744</Runtime>
    <SupportRuntime unit="sec">0.894</SupportRuntime>
    <Answer source="pdr">valid</Answer>
    <K>1</K>
    <Invariant>(0 &lt;= middle_eq)</Invariant>
    <Invariant>__GUARANTEE0</Invariant>
    <Invariant>((middle_eq + (-9)) &lt;= 0)</Invariant>
    <Invariant>(not ((right_eq + 1) &lt;= 0))</Invariant>
    <Invariant>(right_eq &lt;= 9)</Invariant>
    <Support>Microwave_SEng5861__Display_Control__Impl__update_digit~0.prev_right</Support>
    <Support>Microwave_SEng5861__Display_Control__Impl__update_digit~0.carry_out</Support>
    <Support>Microwave_SEng5861__Display_Control__Impl__update_digit~1.carry_value</Support>
    <Support>__GUARANTEE0</Support>
    <Support>Microwave_SEng5861__Display_Control__Impl__update_digit~1.defs__is_cooking~0._outvar</Support>
    <Support>Microwave_SEng5861__Display_Control__Impl__update_digit~0.carry_value</Support>
    <Support>Microwave_SEng5861__Display_Control__Impl__update_digit~1.carry_out</Support>
    <Support>Microwave_SEng5861__Display_Control__Impl__update_digit~2.carry_in</Support>
    <Support>Microwave_SEng5861__Display_Control__Impl__update_digit~2.prev_at_zero</Support>
    <Support>Microwave_SEng5861__Display_Control__Impl__update_digit~1.defs__is_cooking~0.m</Support>
    <Support>Microwave_SEng5861__Display_Control__Impl__update_digit~2.mode</Support>
    <Support>Microwave_SEng5861__Display_Control__Impl__update_digit~2.defs__is_cooking~0.m</Support>
    <Support>Microwave_SEng5861__Display_Control__Impl__update_digit~1.prev_right</Support>
    <Support>Microwave_SEng5861__Display_Control__Impl__update_digit~1.carry_in</Support>
    <Support>Microwave_SEng5861__Display_Control__Impl__update_digit~2.digit</Support>
    <Support>Microwave_SEng5861__Display_Control__Impl__update_digit~2.defs__is_cooking~0._outvar</Support>
    <Support>Microwave_SEng5861__Display_Control__Impl__update_digit~1.mode</Support>
    <Support>Microwave_SEng5861__Display_Control__Impl__update_digit~1.digit</Support>
    <Support>Microwave_SEng5861__Display_Control__Impl__update_digit~2.prev_right</Support>
    <Support>Microwave_SEng5861__Display_Control__Impl__update_digit~0.digit</Support>
  </Property>
</Results>
