<?xml version="1.0"?>
<Results xmlns:xsi="http://www.w3.org/2001/XMLSchema-instance">
  <Property name="__GUARANTEE0">
    <Runtime unit="sec">3.615</Runtime>
    <SupportRuntime unit="sec">1.199</SupportRuntime>
    <Answer source="pdr">valid</Answer>
    <K>1</K>
    <Invariant>(0 &lt;= middle_eq)</Invariant>
    <Invariant>(not (0 &lt;= (middle_eq + (-10))))</Invariant>
    <Invariant>((((((((((7 = right_eq) or (5 = right_eq)) or (4 = right_eq)) or ((right_eq + (-9)) = 0)) or (8 = right_eq)) or (1 = right_eq)) or (2 = right_eq)) or (3 = right_eq)) or (6 = right_eq)) or (right_eq = 0))</Invariant>
    <Invariant>__GUARANTEE0</Invariant>
    <Support>Microwave_SEng5861__Display_Control__Impl__update_digit~0.prev_right</Support>
    <Support>Microwave_SEng5861__Display_Control__Impl__update_digit~0.carry_out</Support>
    <Support>Microwave_SEng5861__Display_Control__Impl__update_digit~1.carry_value</Support>
    <Support>__GUARANTEE0</Support>
    <Support>Microwave_SEng5861__Display_Control__Impl__update_digit~1.defs__is_cooking~0._outvar</Support>
    <Support>Microwave_SEng5861__Display_Control__Impl__update_digit~0.carry_value</Support>
    <Support>Microwave_SEng5861__Display_Control__Impl__update_digit~1.carry_out</Support>
    <Support>Microwave_SEng5861__Display_Control__Impl__update_digit~2.carry_in</Support>
    <Support>Microwave_SEng5861__Display_Control__Impl__update_digit~2.prev_at_zero</Support>
    <Support>Microwave_SEng5861__Display_Control__Impl__update_digit~1.defs__is_cooking~0.m</Support>
    <Support>Microwave_SEng5861__Display_Control__Impl__update_digit~2.mode</Support>
    <Support>Microwave_SEng5861__Display_Control__Impl__update_digit~2.defs__is_cooking~0.m</Support>
    <Support>Microwave_SEng5861__Display_Control__Impl__update_digit~1.prev_right</Support>
    <Support>Microwave_SEng5861__Display_Control__Impl__update_digit~1.carry_in</Support>
    <Support>Microwave_SEng5861__Display_Control__Impl__update_digit~2.digit</Support>
    <Support>Microwave_SEng5861__Display_Control__Impl__update_digit~2.defs__is_cooking~0._outvar</Support>
    <Support>Microwave_SEng5861__Display_Control__Impl__update_digit~1.mode</Support>
    <Support>Microwave_SEng5861__Display_Control__Impl__update_digit~1.digit</Support>
    <Support>Microwave_SEng5861__Display_Control__Impl__update_digit~2.prev_right</Support>
    <Support>Microwave_SEng5861__Display_Control__Impl__update_digit~0.digit</Support>
  </Property>
</Results>
