<?xml version="1.0"?>
<Results xmlns:xsi="http://www.w3.org/2001/XMLSchema-instance">
   <Runtime unit="sec">0.015</Runtime>
   <Timeout unit="sec">60.875</Timeout>
   <IVC>Microwave_SEng5861__Display_Control__Impl__update_digit.clear_pressed</IVC>
   <IVC>Microwave_SEng5861__Display_Control__Impl__update_digit.defs__is_cooking._outvar</IVC>
   <IVC>Microwave_SEng5861__Display_Control__Impl__update_digit.defs__is_cooking.m</IVC>
   <IVC>Microwave_SEng5861__Display_Control__Impl__update_digit.defs__is_setup._outvar</IVC>
   <IVC>Microwave_SEng5861__Display_Control__Impl__update_digit.defs__is_setup.m</IVC>
   <IVC>Microwave_SEng5861__Display_Control__Impl__update_digit.digit</IVC>
   <IVC>Microwave_SEng5861__Display_Control__Impl__update_digit.mode</IVC>
   <IVC>__GUARANTEE4</IVC>
   <IVC>defs__is_setup._outvar</IVC>
   <IVC>defs__is_setup.m</IVC>
</Results>
