<?xml version="1.0"?>
<Results xmlns:xsi="http://www.w3.org/2001/XMLSchema-instance">
   <Runtime unit="sec">0.156</Runtime>
   <Timeout unit="sec">99.15799999999999</Timeout>
   <IVC>OK</IVC>
   <IVC>V69_exclusive</IVC>
   <IVC>V70_shared</IVC>
   <IVC>V71_shared_dirty</IVC>
   <IVC>V72_dirty</IVC>
   <IVC>V73_invalid</IVC>
   <IVC>V74_R1</IVC>
   <IVC>V75_R2</IVC>
   <IVC>V76_R3</IVC>
   <IVC>V77_R4</IVC>
   <IVC>V78_R5</IVC>
   <IVC>V79_R6</IVC>
   <IVC>V80_R7</IVC>
   <IVC>V81_R8</IVC>
   <IVC>V82_R9</IVC>
   <IVC>V83_R10</IVC>
   <IVC>V84_R11</IVC>
   <IVC>V85_R12</IVC>
   <IVC>V86_R13</IVC>
   <IVC>V87_R14</IVC>
   <IVC>V88_erreur</IVC>
   <IVC>V89_env</IVC>
   <IVC>V158_g01</IVC>
   <IVC>V159_g02</IVC>
   <IVC>V160_g03</IVC>
   <IVC>V161_g04</IVC>
   <IVC>V162_g05</IVC>
   <IVC>V163_g06</IVC>
   <IVC>V164_g07</IVC>
   <IVC>V165_g08</IVC>
   <IVC>V166_g09</IVC>
   <IVC>V167_g10</IVC>
   <IVC>V168_g11</IVC>
   <IVC>V169_g12</IVC>
   <IVC>V170_mem_init</IVC>
   <IVC>V191_X</IVC>
   <IVC>V203_First</IVC>
   <IVC>V210_First</IVC>
   <IVC>V217_First</IVC>
   <IVC>V224_First</IVC>
   <IVC>V231_First</IVC>
</Results>
