<?xml version="1.0"?>
<Results xmlns:xsi="http://www.w3.org/2001/XMLSchema-instance">
   <Runtime unit="sec">0.297</Runtime>
   <Timeout unit="sec">84.171</Timeout>
   <IVC>_TOP__ALARM.ALARM_OUT.Notification_Message</IVC>
   <IVC>_TOP__ALARM.SENSOR_IN.Occlusion</IVC>
   <IVC>_TOP__ALARM.__ALARM__ASSERT__33</IVC>
   <IVC>_TOP__ALARM.__ALARM__PROP__19</IVC>
   <IVC>_TOP__ALARM.__ASSERT</IVC>
   <IVC>_TOP__ALARM.__ASSUME__CONJ</IVC>
   <IVC>_TOP__ALARM.__ASSUME__HIST</IVC>
   <IVC>_TOP__ASSERT__54</IVC>
   <IVC>_TOP__OUTPUT.ALARM_IN.Notification_Message</IVC>
   <IVC>_TOP__OUTPUT.GPCA_SW_OUT.Notification_Message</IVC>
   <IVC>_TOP__OUTPUT.__ASSERT</IVC>
   <IVC>_TOP__OUTPUT.__ASSUME__CONJ</IVC>
   <IVC>_TOP__OUTPUT.__ASSUME__HIST</IVC>
   <IVC>_TOP__OUTPUT.__OUTPUT__PROP__4</IVC>
   <IVC>__GUARANTEE44</IVC>
</Results>
