<?xml version="1.0"?>
<Results xmlns:xsi="http://www.w3.org/2001/XMLSchema-instance">
   <Runtime unit="sec">0.39</Runtime>
   <Timeout unit="sec">85.046</Timeout>
   <IVC>DEFS__is_on._outvar</IVC>
   <IVC>DEFS__is_on.mode</IVC>
   <IVC>_TOP__ASSERT__8</IVC>
   <IVC>_TOP__ASSERT__39</IVC>
   <IVC>_TOP__IM.CONFIG_IN.Configured</IVC>
   <IVC>_TOP__IM.IM_OUT.Current_System_Mode</IVC>
   <IVC>_TOP__IM.IM_OUT.New_Infusion</IVC>
   <IVC>_TOP__IM.__ASSERT</IVC>
   <IVC>_TOP__IM.__ASSUME__CONJ</IVC>
   <IVC>_TOP__IM.__ASSUME__HIST</IVC>
   <IVC>_TOP__IM.__IM__ASSERT__14</IVC>
   <IVC>_TOP__IM.__IM__PROP__12</IVC>
   <IVC>_TOP__OUTPUT.CONFIG_IN.Configured</IVC>
   <IVC>_TOP__OUTPUT.GPCA_SW_OUT.Configured</IVC>
   <IVC>_TOP__OUTPUT.GPCA_SW_OUT.Current_System_Mode</IVC>
   <IVC>_TOP__OUTPUT.GPCA_SW_OUT.New_Infusion</IVC>
   <IVC>_TOP__OUTPUT.IM_IN.Current_System_Mode</IVC>
   <IVC>_TOP__OUTPUT.IM_IN.New_Infusion</IVC>
   <IVC>_TOP__OUTPUT.__ASSERT</IVC>
   <IVC>_TOP__OUTPUT.__ASSUME__CONJ</IVC>
   <IVC>_TOP__OUTPUT.__ASSUME__HIST</IVC>
   <IVC>_TOP__OUTPUT.__OUTPUT__PROP__21</IVC>
   <IVC>_TOP__OUTPUT.__OUTPUT__PROP__27</IVC>
   <IVC>_TOP__OUTPUT.__OUTPUT__PROP__30</IVC>
   <IVC>__GUARANTEE29</IVC>
</Results>
