<?xml version="1.0"?>
<Results xmlns:xsi="http://www.w3.org/2001/XMLSchema-instance">
   <Runtime unit="sec">0.391</Runtime>
   <Timeout unit="sec">83.29599999999999</Timeout>
   <IVC>_TOP__ALARM.ALARM_OUT.Notification_Message</IVC>
   <IVC>_TOP__ALARM.CONFIG_IN.Configured</IVC>
   <IVC>_TOP__ALARM.CONST_IN.Config_Warning_Duration</IVC>
   <IVC>_TOP__ALARM.__ALARM__ASSERT__12</IVC>
   <IVC>_TOP__ALARM.__ALARM__ASSERT__42</IVC>
   <IVC>_TOP__ALARM.__ALARM__PROP__28</IVC>
   <IVC>_TOP__ALARM.__ASSERT</IVC>
   <IVC>_TOP__ALARM.__ASSUME__CONJ</IVC>
   <IVC>_TOP__ALARM.__ASSUME__HIST</IVC>
   <IVC>_TOP__ASSERT__7</IVC>
   <IVC>_TOP__ASSERT__63</IVC>
   <IVC>_TOP__OUTPUT.ALARM_IN.Notification_Message</IVC>
   <IVC>_TOP__OUTPUT.CONFIG_IN.Configured</IVC>
   <IVC>_TOP__OUTPUT.GPCA_SW_OUT.Configured</IVC>
   <IVC>_TOP__OUTPUT.GPCA_SW_OUT.Notification_Message</IVC>
   <IVC>_TOP__OUTPUT.__ASSERT</IVC>
   <IVC>_TOP__OUTPUT.__ASSUME__CONJ</IVC>
   <IVC>_TOP__OUTPUT.__ASSUME__HIST</IVC>
   <IVC>_TOP__OUTPUT.__OUTPUT__PROP__4</IVC>
   <IVC>_TOP__OUTPUT.__OUTPUT__PROP__21</IVC>
   <IVC>__GUARANTEE53</IVC>
</Results>
