<?xml version="1.0"?>
<Results xmlns:xsi="http://www.w3.org/2001/XMLSchema-instance">
   <Runtime unit="sec">0.406</Runtime>
   <Timeout unit="sec">85.375</Timeout>
   <IVC>_TOP__ASSERT__30</IVC>
   <IVC>_TOP__CONFIG.CONFIG_OUT.Flow_Rate_KVO</IVC>
   <IVC>_TOP__CONFIG.TLM_MODE_IN.System_On</IVC>
   <IVC>_TOP__CONFIG.__ASSERT</IVC>
   <IVC>_TOP__CONFIG.__ASSUME__CONJ</IVC>
   <IVC>_TOP__CONFIG.__ASSUME__HIST</IVC>
   <IVC>_TOP__CONFIG.__CONFIG__ASSERT__0</IVC>
   <IVC>_TOP__CONFIG.__CONFIG__PROP__0</IVC>
   <IVC>_TOP__IM.CONFIG_IN.Flow_Rate_KVO</IVC>
   <IVC>_TOP__IM.DEFS__is_therapy._outvar</IVC>
   <IVC>_TOP__IM.DEFS__is_therapy.mode</IVC>
   <IVC>_TOP__IM.IM_OUT.Commanded_Flow_Rate</IVC>
   <IVC>_TOP__IM.OP_CMD_IN.Infusion_Inhibit</IVC>
   <IVC>_TOP__IM.TLM_MODE_IN.System_On</IVC>
   <IVC>_TOP__IM.__ASSERT</IVC>
   <IVC>_TOP__IM.__ASSUME__CONJ</IVC>
   <IVC>_TOP__IM.__ASSUME__HIST</IVC>
   <IVC>_TOP__IM.__IM__ASSERT__2</IVC>
   <IVC>_TOP__IM.__IM__ASSERT__7</IVC>
   <IVC>_TOP__IM.__IM__ASSERT__11</IVC>
   <IVC>_TOP__IM.__IM__PROP__0</IVC>
   <IVC>_TOP__IM.__IM__PROP__5</IVC>
   <IVC>_TOP__IM.__IM__PROP__9</IVC>
   <IVC>_TOP__OUTPUT.CONFIG_IN.Flow_Rate_KVO</IVC>
   <IVC>_TOP__OUTPUT.GPCA_SW_OUT.Commanded_Flow_Rate</IVC>
   <IVC>_TOP__OUTPUT.GPCA_SW_OUT.Flow_Rate_KVO</IVC>
   <IVC>_TOP__OUTPUT.IM_IN.Commanded_Flow_Rate</IVC>
   <IVC>_TOP__OUTPUT.__ASSERT</IVC>
   <IVC>_TOP__OUTPUT.__ASSUME__CONJ</IVC>
   <IVC>_TOP__OUTPUT.__ASSUME__HIST</IVC>
   <IVC>_TOP__OUTPUT.__OUTPUT__PROP__19</IVC>
   <IVC>_TOP__OUTPUT.__OUTPUT__PROP__29</IVC>
   <IVC>_TOP__TLM.OP_CMD_IN.System_Start</IVC>
   <IVC>_TOP__TLM.TLM_MODE_OUT.System_On</IVC>
   <IVC>_TOP__TLM.__ASSERT</IVC>
   <IVC>_TOP__TLM.__ASSUME__CONJ</IVC>
   <IVC>_TOP__TLM.__ASSUME__HIST</IVC>
   <IVC>_TOP__TLM.__TLM__ASSERT__0</IVC>
   <IVC>_TOP__TLM.__TLM__PROP__0</IVC>
   <IVC>__GUARANTEE20</IVC>
</Results>
