<?xml version="1.0"?>
<Results xmlns:xsi="http://www.w3.org/2001/XMLSchema-instance">
   <Runtime unit="sec">0.453</Runtime>
   <Timeout unit="sec">90.233</Timeout>
   <IVC>DEFS__Is_Infusion_below_tolerance.actual_flow_rate</IVC>
   <IVC>DEFS__Is_Infusion_below_tolerance.desired_flow_rate</IVC>
   <IVC>DEFS__Is_Infusion_below_tolerance.tol</IVC>
   <IVC>DEFS__Is_Infusion_below_tolerance.under</IVC>
   <IVC>_TOP__ALARM.CONST_IN.Tolerance_Min</IVC>
   <IVC>_TOP__ALARM.DEFS__Is_Infusion_below_tolerance.actual_flow_rate</IVC>
   <IVC>_TOP__ALARM.DEFS__Is_Infusion_below_tolerance.desired_flow_rate</IVC>
   <IVC>_TOP__ALARM.DEFS__Is_Infusion_below_tolerance.tol</IVC>
   <IVC>_TOP__ALARM.DEFS__Is_Infusion_below_tolerance.under</IVC>
   <IVC>_TOP__ALARM.IM_IN.Commanded_Flow_Rate</IVC>
   <IVC>_TOP__ALARM.SENSOR_IN.Flow_Rate</IVC>
   <IVC>_TOP__ALARM.Time_FR_Under_Min_Tol</IVC>
   <IVC>_TOP__ALARM.__ALARM__ASSERT__7</IVC>
   <IVC>_TOP__ALARM.__ASSERT</IVC>
   <IVC>_TOP__ASSERT__1</IVC>
   <IVC>_TOP__OUTPUT.GPCA_SW_OUT.Commanded_Flow_Rate</IVC>
   <IVC>_TOP__OUTPUT.IM_IN.Commanded_Flow_Rate</IVC>
   <IVC>_TOP__OUTPUT.__ASSERT</IVC>
   <IVC>_TOP__OUTPUT.__ASSUME__CONJ</IVC>
   <IVC>_TOP__OUTPUT.__ASSUME__HIST</IVC>
   <IVC>_TOP__OUTPUT.__OUTPUT__PROP__29</IVC>
   <IVC>__GUARANTEE4</IVC>
</Results>
