<?xml version="1.0"?>
<Results xmlns:xsi="http://www.w3.org/2001/XMLSchema-instance">
   <Runtime unit="sec">0.234</Runtime>
   <Timeout unit="sec">93.57900000000001</Timeout>
   <IVC>_TOP__ALARM.CONFIG_IN.Configured</IVC>
   <IVC>_TOP__ALARM.Config_Timer</IVC>
   <IVC>_TOP__ALARM.__ALARM__ASSERT__12</IVC>
   <IVC>_TOP__ALARM.__ASSERT</IVC>
   <IVC>_TOP__ASSERT__7</IVC>
   <IVC>_TOP__OUTPUT.CONFIG_IN.Configured</IVC>
   <IVC>_TOP__OUTPUT.GPCA_SW_OUT.Configured</IVC>
   <IVC>_TOP__OUTPUT.__ASSERT</IVC>
   <IVC>_TOP__OUTPUT.__ASSUME__CONJ</IVC>
   <IVC>_TOP__OUTPUT.__ASSUME__HIST</IVC>
   <IVC>_TOP__OUTPUT.__OUTPUT__PROP__21</IVC>
   <IVC>__GUARANTEE1</IVC>
</Results>
