<?xml version="1.0"?>
<Results xmlns:xsi="http://www.w3.org/2001/XMLSchema-instance">
   <Runtime unit="sec">0.36</Runtime>
   <Timeout unit="sec">81.441</Timeout>
   <IVC>_TOP__ASSERT__40</IVC>
   <IVC>_TOP__IM.CONFIG_IN.Flow_Rate_Basal</IVC>
   <IVC>_TOP__IM.IM_OUT.Commanded_Flow_Rate</IVC>
   <IVC>_TOP__IM.IM_OUT.Current_System_Mode</IVC>
   <IVC>_TOP__IM.__ASSERT</IVC>
   <IVC>_TOP__IM.__ASSUME__CONJ</IVC>
   <IVC>_TOP__IM.__ASSUME__HIST</IVC>
   <IVC>_TOP__IM.__IM__ASSERT__15</IVC>
   <IVC>_TOP__IM.__IM__PROP__13</IVC>
   <IVC>_TOP__OUTPUT.CONFIG_IN.Flow_Rate_Basal</IVC>
   <IVC>_TOP__OUTPUT.GPCA_SW_OUT.Commanded_Flow_Rate</IVC>
   <IVC>_TOP__OUTPUT.GPCA_SW_OUT.Current_System_Mode</IVC>
   <IVC>_TOP__OUTPUT.GPCA_SW_OUT.Flow_Rate_Basal</IVC>
   <IVC>_TOP__OUTPUT.IM_IN.Commanded_Flow_Rate</IVC>
   <IVC>_TOP__OUTPUT.IM_IN.Current_System_Mode</IVC>
   <IVC>_TOP__OUTPUT.__ASSERT</IVC>
   <IVC>_TOP__OUTPUT.__ASSUME__CONJ</IVC>
   <IVC>_TOP__OUTPUT.__ASSUME__HIST</IVC>
   <IVC>_TOP__OUTPUT.__OUTPUT__PROP__11</IVC>
   <IVC>_TOP__OUTPUT.__OUTPUT__PROP__27</IVC>
   <IVC>_TOP__OUTPUT.__OUTPUT__PROP__29</IVC>
   <IVC>__GUARANTEE30</IVC>
</Results>
