<?xml version="1.0"?>
<Results xmlns:xsi="http://www.w3.org/2001/XMLSchema-instance">
   <Runtime unit="sec">0.922</Runtime>
   <Timeout unit="sec">96.806</Timeout>
   <IVC>DEFS__Is_Infusion_above_tolerance.actual_flow_rate</IVC>
   <IVC>DEFS__Is_Infusion_above_tolerance.desired_flow_rate</IVC>
   <IVC>DEFS__Is_Infusion_above_tolerance.over</IVC>
   <IVC>DEFS__Is_Infusion_above_tolerance.tol</IVC>
   <IVC>_TOP__ALARM.ALARM_OUT.Highest_Level_Alarm</IVC>
   <IVC>_TOP__ALARM.CONST_IN.Low_Reservoir</IVC>
   <IVC>_TOP__ALARM.CONST_IN.Max_Duration_Over_Infusion</IVC>
   <IVC>_TOP__ALARM.CONST_IN.Tolerance_Max</IVC>
   <IVC>_TOP__ALARM.CONST_IN.Tolerance_Min</IVC>
   <IVC>_TOP__ALARM.DB_IN.Flow_Rate_High</IVC>
   <IVC>_TOP__ALARM.DB_IN.VTBI_High</IVC>
   <IVC>_TOP__ALARM.DEFS__Is_Infusion_above_tolerance.actual_flow_rate</IVC>
   <IVC>_TOP__ALARM.DEFS__Is_Infusion_above_tolerance.desired_flow_rate</IVC>
   <IVC>_TOP__ALARM.DEFS__Is_Infusion_above_tolerance.over</IVC>
   <IVC>_TOP__ALARM.DEFS__Is_Infusion_above_tolerance.tol</IVC>
   <IVC>_TOP__ALARM.IM_IN.Commanded_Flow_Rate</IVC>
   <IVC>_TOP__ALARM.SENSOR_IN.Air_In_Line</IVC>
   <IVC>_TOP__ALARM.SENSOR_IN.Air_Pressure</IVC>
   <IVC>_TOP__ALARM.SENSOR_IN.Battery_Depleted</IVC>
   <IVC>_TOP__ALARM.SENSOR_IN.CPU_Error</IVC>
   <IVC>_TOP__ALARM.SENSOR_IN.Door_Open</IVC>
   <IVC>_TOP__ALARM.SENSOR_IN.Flow_Rate</IVC>
   <IVC>_TOP__ALARM.SENSOR_IN.Humidity</IVC>
   <IVC>_TOP__ALARM.SENSOR_IN.Memory_Corrupted</IVC>
   <IVC>_TOP__ALARM.SENSOR_IN.Occlusion</IVC>
   <IVC>_TOP__ALARM.SENSOR_IN.Pump_Too_Hot</IVC>
   <IVC>_TOP__ALARM.SENSOR_IN.RTC_Error</IVC>
   <IVC>_TOP__ALARM.SENSOR_IN.Temp</IVC>
   <IVC>_TOP__ALARM.SENSOR_IN.Watchdog_Interrupted</IVC>
   <IVC>_TOP__ALARM.SYS_STAT_IN.In_Therapy</IVC>
   <IVC>_TOP__ALARM.SYS_STAT_IN.Reservoir_Volume</IVC>
   <IVC>_TOP__ALARM.SYS_STAT_IN.Volume_Infused</IVC>
   <IVC>_TOP__ALARM.TLM_MODE_IN.System_On</IVC>
   <IVC>_TOP__ALARM.__ALARM__ASSERT__1</IVC>
   <IVC>_TOP__ALARM.__ALARM__ASSERT__2</IVC>
   <IVC>_TOP__ALARM.__ALARM__ASSERT__3</IVC>
   <IVC>_TOP__ALARM.__ALARM__ASSERT__4</IVC>
   <IVC>_TOP__ALARM.__ALARM__ASSERT__5</IVC>
   <IVC>_TOP__ALARM.__ALARM__ASSERT__6</IVC>
   <IVC>_TOP__ALARM.__ALARM__ASSERT__15</IVC>
   <IVC>_TOP__ALARM.__ALARM__ASSERT__16</IVC>
   <IVC>_TOP__ALARM.__ALARM__ASSERT__17</IVC>
   <IVC>_TOP__ALARM.__ALARM__PROP__1</IVC>
   <IVC>_TOP__ALARM.__ALARM__PROP__2</IVC>
   <IVC>_TOP__ALARM.__ALARM__PROP__3</IVC>
   <IVC>_TOP__ALARM.__ASSERT</IVC>
   <IVC>_TOP__ALARM.__ASSUME__CONJ</IVC>
   <IVC>_TOP__ALARM.__ASSUME__HIST</IVC>
   <IVC>_TOP__ASSERT__3</IVC>
   <IVC>_TOP__ASSERT__4</IVC>
   <IVC>_TOP__ASSERT__11</IVC>
   <IVC>_TOP__ASSERT__12</IVC>
   <IVC>_TOP__ASSERT__13</IVC>
   <IVC>_TOP__ASSERT__15</IVC>
   <IVC>_TOP__ASSERT__41</IVC>
   <IVC>_TOP__ASSUME__2</IVC>
   <IVC>_TOP__IM.ALARM_IN.Highest_Level_Alarm</IVC>
   <IVC>_TOP__IM.CONFIG_IN.Max_Number_of_Patient_Bolus</IVC>
   <IVC>_TOP__IM.IM_OUT.Current_System_Mode</IVC>
   <IVC>_TOP__IM.IM_OUT.Is_Locked_Out</IVC>
   <IVC>_TOP__IM.SYS_STAT_IN.In_Therapy</IVC>
   <IVC>_TOP__IM.TLM_MODE_IN.System_On</IVC>
   <IVC>_TOP__IM.__ASSERT</IVC>
   <IVC>_TOP__IM.__ASSUME__CONJ</IVC>
   <IVC>_TOP__IM.__ASSUME__HIST</IVC>
   <IVC>_TOP__IM.__IM__ASSERT__1</IVC>
   <IVC>_TOP__IM.__IM__ASSERT__2</IVC>
   <IVC>_TOP__IM.__IM__ASSERT__5</IVC>
   <IVC>_TOP__IM.__IM__ASSERT__16</IVC>
   <IVC>_TOP__IM.__IM__ASSERT__21</IVC>
   <IVC>_TOP__IM.__IM__PROP__0</IVC>
   <IVC>_TOP__IM.__IM__PROP__3</IVC>
   <IVC>_TOP__IM.__IM__PROP__14</IVC>
   <IVC>_TOP__IM.__IM__PROP__19</IVC>
   <IVC>_TOP__OUTPUT.CONFIG_IN.Max_Number_of_Patient_Bolus</IVC>
   <IVC>_TOP__OUTPUT.GPCA_SW_OUT.Commanded_Flow_Rate</IVC>
   <IVC>_TOP__OUTPUT.GPCA_SW_OUT.Current_System_Mode</IVC>
   <IVC>_TOP__OUTPUT.GPCA_SW_OUT.Is_Locked_Out</IVC>
   <IVC>_TOP__OUTPUT.GPCA_SW_OUT.Max_Number_of_Patient_Bolus</IVC>
   <IVC>_TOP__OUTPUT.GPCA_SW_OUT.Reservoir_Volume</IVC>
   <IVC>_TOP__OUTPUT.GPCA_SW_OUT.Volume_Infused</IVC>
   <IVC>_TOP__OUTPUT.IM_IN.Commanded_Flow_Rate</IVC>
   <IVC>_TOP__OUTPUT.IM_IN.Current_System_Mode</IVC>
   <IVC>_TOP__OUTPUT.IM_IN.Is_Locked_Out</IVC>
   <IVC>_TOP__OUTPUT.SYS_STAT_IN.Reservoir_Volume</IVC>
   <IVC>_TOP__OUTPUT.SYS_STAT_IN.Volume_Infused</IVC>
   <IVC>_TOP__OUTPUT.__ASSERT</IVC>
   <IVC>_TOP__OUTPUT.__ASSUME__CONJ</IVC>
   <IVC>_TOP__OUTPUT.__ASSUME__HIST</IVC>
   <IVC>_TOP__OUTPUT.__OUTPUT__PROP__1</IVC>
   <IVC>_TOP__OUTPUT.__OUTPUT__PROP__2</IVC>
   <IVC>_TOP__OUTPUT.__OUTPUT__PROP__18</IVC>
   <IVC>_TOP__OUTPUT.__OUTPUT__PROP__27</IVC>
   <IVC>_TOP__OUTPUT.__OUTPUT__PROP__29</IVC>
   <IVC>_TOP__OUTPUT.__OUTPUT__PROP__31</IVC>
   <IVC>__GUARANTEE31</IVC>
</Results>
