<?xml version="1.0"?>
<Results xmlns:xsi="http://www.w3.org/2001/XMLSchema-instance">
   <Runtime unit="sec">0.328</Runtime>
   <Timeout unit="sec">84.388</Timeout>
   <IVC>_TOP__ALARM.ALARM_OUT.Notification_Message</IVC>
   <IVC>_TOP__ALARM.SENSOR_IN.Battery_Depleted</IVC>
   <IVC>_TOP__ALARM.SENSOR_IN.CPU_Error</IVC>
   <IVC>_TOP__ALARM.SENSOR_IN.Memory_Corrupted</IVC>
   <IVC>_TOP__ALARM.SENSOR_IN.Pump_Too_Hot</IVC>
   <IVC>_TOP__ALARM.SENSOR_IN.RTC_Error</IVC>
   <IVC>_TOP__ALARM.SENSOR_IN.Watchdog_Interrupted</IVC>
   <IVC>_TOP__ALARM.__ALARM__ASSERT__28</IVC>
   <IVC>_TOP__ALARM.__ALARM__PROP__14</IVC>
   <IVC>_TOP__ALARM.__ASSERT</IVC>
   <IVC>_TOP__ALARM.__ASSUME__CONJ</IVC>
   <IVC>_TOP__ALARM.__ASSUME__HIST</IVC>
   <IVC>_TOP__ASSERT__49</IVC>
   <IVC>_TOP__OUTPUT.ALARM_IN.Notification_Message</IVC>
   <IVC>_TOP__OUTPUT.GPCA_SW_OUT.Notification_Message</IVC>
   <IVC>_TOP__OUTPUT.__ASSERT</IVC>
   <IVC>_TOP__OUTPUT.__ASSUME__CONJ</IVC>
   <IVC>_TOP__OUTPUT.__ASSUME__HIST</IVC>
   <IVC>_TOP__OUTPUT.__OUTPUT__PROP__4</IVC>
   <IVC>__GUARANTEE39</IVC>
</Results>
