<?xml version="1.0"?>
<Results xmlns:xsi="http://www.w3.org/2001/XMLSchema-instance">
   <Runtime unit="sec">0.281</Runtime>
   <Timeout unit="sec">94.559</Timeout>
   <IVC>DEFS__is_idle._outvar</IVC>
   <IVC>DEFS__is_idle.mode</IVC>
   <IVC>_TOP__ALARM.IM_IN.Current_System_Mode</IVC>
   <IVC>_TOP__ALARM.Idle_Time_Counter</IVC>
   <IVC>_TOP__ALARM.__ALARM__ASSERT__11</IVC>
   <IVC>_TOP__ALARM.__ASSERT</IVC>
   <IVC>_TOP__ASSERT__6</IVC>
   <IVC>_TOP__OUTPUT.GPCA_SW_OUT.Current_System_Mode</IVC>
   <IVC>_TOP__OUTPUT.IM_IN.Current_System_Mode</IVC>
   <IVC>_TOP__OUTPUT.__ASSERT</IVC>
   <IVC>_TOP__OUTPUT.__ASSUME__CONJ</IVC>
   <IVC>_TOP__OUTPUT.__ASSUME__HIST</IVC>
   <IVC>_TOP__OUTPUT.__OUTPUT__PROP__27</IVC>
   <IVC>__GUARANTEE0</IVC>
</Results>
