<?xml version="1.0"?>
<Results xmlns:xsi="http://www.w3.org/2001/XMLSchema-instance">
   <Runtime unit="sec">0.328</Runtime>
   <Timeout unit="sec">80.342</Timeout>
   <IVC>_TOP__ALARM.ALARM_OUT.Notification_Message</IVC>
   <IVC>_TOP__ALARM.SENSOR_IN.Battery_Low</IVC>
   <IVC>_TOP__ALARM.SENSOR_IN.Battery_Unable_To_Charge</IVC>
   <IVC>_TOP__ALARM.SENSOR_IN.Supply_Voltage</IVC>
   <IVC>_TOP__ALARM.__ALARM__ASSERT__43</IVC>
   <IVC>_TOP__ALARM.__ALARM__PROP__29</IVC>
   <IVC>_TOP__ALARM.__ASSERT</IVC>
   <IVC>_TOP__ALARM.__ASSUME__CONJ</IVC>
   <IVC>_TOP__ALARM.__ASSUME__HIST</IVC>
   <IVC>_TOP__ASSERT__64</IVC>
   <IVC>_TOP__OUTPUT.ALARM_IN.Notification_Message</IVC>
   <IVC>_TOP__OUTPUT.GPCA_SW_OUT.Notification_Message</IVC>
   <IVC>_TOP__OUTPUT.__ASSERT</IVC>
   <IVC>_TOP__OUTPUT.__ASSUME__CONJ</IVC>
   <IVC>_TOP__OUTPUT.__ASSUME__HIST</IVC>
   <IVC>_TOP__OUTPUT.__OUTPUT__PROP__4</IVC>
   <IVC>__GUARANTEE54</IVC>
</Results>
