<?xml version="1.0"?>
<Results xmlns:xsi="http://www.w3.org/2001/XMLSchema-instance">
   <Runtime unit="sec">0.469</Runtime>
   <Timeout unit="sec">78.04599999999999</Timeout>
   <IVC>_TOP__ASSERT__68</IVC>
   <IVC>_TOP__CONFIG.CONFIG_OUT.Configured</IVC>
   <IVC>_TOP__CONFIG.CONFIG_OUT.Error_Message_ID</IVC>
   <IVC>_TOP__CONFIG.CONFIG_OUT.Request_Patient_Drug_Info</IVC>
   <IVC>_TOP__CONFIG.CONST_IN.Empty_Reservoir</IVC>
   <IVC>_TOP__CONFIG.DB_IN.Drug_Concentration_High</IVC>
   <IVC>_TOP__CONFIG.DB_IN.Drug_Concentration_Low</IVC>
   <IVC>_TOP__CONFIG.PRES_IN.Drug_Concentration</IVC>
   <IVC>_TOP__CONFIG.PRES_IN.Drug_Name</IVC>
   <IVC>_TOP__CONFIG.PRES_IN.Entered_Reservoir_Volume</IVC>
   <IVC>_TOP__CONFIG.__ASSERT</IVC>
   <IVC>_TOP__CONFIG.__ASSUME__CONJ</IVC>
   <IVC>_TOP__CONFIG.__ASSUME__HIST</IVC>
   <IVC>_TOP__CONFIG.__CONFIG__ASSERT__5</IVC>
   <IVC>_TOP__CONFIG.__CONFIG__PROP__5</IVC>
   <IVC>_TOP__OUTPUT.CONFIG_IN.Configured</IVC>
   <IVC>_TOP__OUTPUT.CONFIG_IN.Error_Message_ID</IVC>
   <IVC>_TOP__OUTPUT.CONFIG_IN.Request_Patient_Drug_Info</IVC>
   <IVC>_TOP__OUTPUT.GPCA_SW_OUT.Configured</IVC>
   <IVC>_TOP__OUTPUT.GPCA_SW_OUT.Error_Message_ID</IVC>
   <IVC>_TOP__OUTPUT.GPCA_SW_OUT.Request_Patient_Drug_Info</IVC>
   <IVC>_TOP__OUTPUT.__ASSERT</IVC>
   <IVC>_TOP__OUTPUT.__ASSUME__CONJ</IVC>
   <IVC>_TOP__OUTPUT.__ASSUME__HIST</IVC>
   <IVC>_TOP__OUTPUT.__OUTPUT__PROP__21</IVC>
   <IVC>_TOP__OUTPUT.__OUTPUT__PROP__22</IVC>
   <IVC>_TOP__OUTPUT.__OUTPUT__PROP__25</IVC>
   <IVC>__GUARANTEE58</IVC>
</Results>
