<?xml version="1.0"?>
<Results xmlns:xsi="http://www.w3.org/2001/XMLSchema-instance">
   <Runtime unit="sec">0.484</Runtime>
   <Timeout unit="sec">95.707</Timeout>
   <IVC>DEFS__is_therapy._outvar</IVC>
   <IVC>DEFS__is_therapy.mode</IVC>
   <IVC>_TOP__ALARM.ALARM_OUT.Highest_Level_Alarm</IVC>
   <IVC>_TOP__ALARM.SYS_STAT_IN.In_Therapy</IVC>
   <IVC>_TOP__ALARM.SYS_STAT_IN.Reservoir_Empty</IVC>
   <IVC>_TOP__ALARM.TLM_MODE_IN.System_On</IVC>
   <IVC>_TOP__ALARM.__ALARM__ASSERT__1</IVC>
   <IVC>_TOP__ALARM.__ALARM__ASSERT__15</IVC>
   <IVC>_TOP__ALARM.__ALARM__PROP__1</IVC>
   <IVC>_TOP__ALARM.__ASSERT</IVC>
   <IVC>_TOP__ALARM.__ASSUME__CONJ</IVC>
   <IVC>_TOP__ALARM.__ASSUME__HIST</IVC>
   <IVC>_TOP__ASSERT__9</IVC>
   <IVC>_TOP__ASSERT__20</IVC>
   <IVC>_TOP__IM.ALARM_IN.Highest_Level_Alarm</IVC>
   <IVC>_TOP__IM.IM_OUT.Commanded_Flow_Rate</IVC>
   <IVC>_TOP__IM.TLM_MODE_IN.System_On</IVC>
   <IVC>_TOP__IM.__ASSERT</IVC>
   <IVC>_TOP__IM.__ASSUME__CONJ</IVC>
   <IVC>_TOP__IM.__ASSUME__HIST</IVC>
   <IVC>_TOP__IM.__IM__ASSERT__5</IVC>
   <IVC>_TOP__IM.__IM__ASSERT__6</IVC>
   <IVC>_TOP__IM.__IM__ASSERT__7</IVC>
   <IVC>_TOP__IM.__IM__PROP__3</IVC>
   <IVC>_TOP__IM.__IM__PROP__4</IVC>
   <IVC>_TOP__IM.__IM__PROP__5</IVC>
   <IVC>_TOP__OUTPUT.GPCA_SW_OUT.Commanded_Flow_Rate</IVC>
   <IVC>_TOP__OUTPUT.GPCA_SW_OUT.Current_System_Mode</IVC>
   <IVC>_TOP__OUTPUT.GPCA_SW_OUT.Reservoir_Volume</IVC>
   <IVC>_TOP__OUTPUT.IM_IN.Commanded_Flow_Rate</IVC>
   <IVC>_TOP__OUTPUT.IM_IN.Current_System_Mode</IVC>
   <IVC>_TOP__OUTPUT.SYS_STAT_IN.Reservoir_Volume</IVC>
   <IVC>_TOP__OUTPUT.__ASSERT</IVC>
   <IVC>_TOP__OUTPUT.__ASSUME__CONJ</IVC>
   <IVC>_TOP__OUTPUT.__ASSUME__HIST</IVC>
   <IVC>_TOP__OUTPUT.__OUTPUT__PROP__2</IVC>
   <IVC>_TOP__OUTPUT.__OUTPUT__PROP__27</IVC>
   <IVC>_TOP__OUTPUT.__OUTPUT__PROP__29</IVC>
   <IVC>_TOP__SYS_STAT.CONST_IN.Empty_Reservoir</IVC>
   <IVC>_TOP__SYS_STAT.IM_IN.Current_System_Mode</IVC>
   <IVC>_TOP__SYS_STAT.SYS_STAT_OUT.In_Therapy</IVC>
   <IVC>_TOP__SYS_STAT.SYS_STAT_OUT.Reservoir_Empty</IVC>
   <IVC>_TOP__SYS_STAT.SYS_STAT_OUT.Reservoir_Volume</IVC>
   <IVC>_TOP__SYS_STAT.TLM_MODE_IN.System_On</IVC>
   <IVC>_TOP__SYS_STAT.__ASSERT</IVC>
   <IVC>_TOP__SYS_STAT.__ASSUME__CONJ</IVC>
   <IVC>_TOP__SYS_STAT.__ASSUME__HIST</IVC>
   <IVC>_TOP__SYS_STAT.__SYS_STAT__ASSERT__0</IVC>
   <IVC>_TOP__SYS_STAT.__SYS_STAT__ASSERT__2</IVC>
   <IVC>_TOP__SYS_STAT.__SYS_STAT__PROP__0</IVC>
   <IVC>_TOP__SYS_STAT.__SYS_STAT__PROP__2</IVC>
   <IVC>__GUARANTEE10</IVC>
</Results>
