<?xml version="1.0"?>
<Results xmlns:xsi="http://www.w3.org/2001/XMLSchema-instance">
   <Runtime unit="sec">0.618</Runtime>
   <Timeout unit="sec">89.372</Timeout>
   <IVC>DEFS__is_therapy._outvar</IVC>
   <IVC>DEFS__is_therapy.mode</IVC>
   <IVC>_TOP__ALARM.ALARM_OUT.Audio_Notification_Command</IVC>
   <IVC>_TOP__ALARM.ALARM_OUT.Is_Audio_Disabled</IVC>
   <IVC>_TOP__ALARM.CONST_IN.Audio_Level</IVC>
   <IVC>_TOP__ALARM.OP_CMD_IN.Disable_Audio</IVC>
   <IVC>_TOP__ALARM.SYS_STAT_IN.In_Therapy</IVC>
   <IVC>_TOP__ALARM.SYS_STAT_IN.Reservoir_Empty</IVC>
   <IVC>_TOP__ALARM.TLM_MODE_IN.System_On</IVC>
   <IVC>_TOP__ALARM.__ALARM__ASSERT__1</IVC>
   <IVC>_TOP__ALARM.__ALARM__ASSERT__15</IVC>
   <IVC>_TOP__ALARM.__ALARM__ASSERT__20</IVC>
   <IVC>_TOP__ALARM.__ALARM__PROP__1</IVC>
   <IVC>_TOP__ALARM.__ALARM__PROP__6</IVC>
   <IVC>_TOP__ALARM.__ASSERT</IVC>
   <IVC>_TOP__ALARM.__ASSUME__CONJ</IVC>
   <IVC>_TOP__ALARM.__ASSUME__HIST</IVC>
   <IVC>_TOP__ASSERT__9</IVC>
   <IVC>_TOP__ASSERT__33</IVC>
   <IVC>_TOP__OUTPUT.ALARM_IN.Audio_Notification_Command</IVC>
   <IVC>_TOP__OUTPUT.ALARM_IN.Is_Audio_Disabled</IVC>
   <IVC>_TOP__OUTPUT.GPCA_SW_OUT.Audio_Notification_Command</IVC>
   <IVC>_TOP__OUTPUT.GPCA_SW_OUT.Current_System_Mode</IVC>
   <IVC>_TOP__OUTPUT.GPCA_SW_OUT.Is_Audio_Disabled</IVC>
   <IVC>_TOP__OUTPUT.GPCA_SW_OUT.Reservoir_Volume</IVC>
   <IVC>_TOP__OUTPUT.IM_IN.Current_System_Mode</IVC>
   <IVC>_TOP__OUTPUT.SYS_STAT_IN.Reservoir_Volume</IVC>
   <IVC>_TOP__OUTPUT.__ASSERT</IVC>
   <IVC>_TOP__OUTPUT.__ASSUME__CONJ</IVC>
   <IVC>_TOP__OUTPUT.__ASSUME__HIST</IVC>
   <IVC>_TOP__OUTPUT.__OUTPUT__PROP__2</IVC>
   <IVC>_TOP__OUTPUT.__OUTPUT__PROP__3</IVC>
   <IVC>_TOP__OUTPUT.__OUTPUT__PROP__5</IVC>
   <IVC>_TOP__OUTPUT.__OUTPUT__PROP__27</IVC>
   <IVC>_TOP__SYS_STAT.CONST_IN.Empty_Reservoir</IVC>
   <IVC>_TOP__SYS_STAT.IM_IN.Current_System_Mode</IVC>
   <IVC>_TOP__SYS_STAT.SYS_STAT_OUT.In_Therapy</IVC>
   <IVC>_TOP__SYS_STAT.SYS_STAT_OUT.Reservoir_Empty</IVC>
   <IVC>_TOP__SYS_STAT.SYS_STAT_OUT.Reservoir_Volume</IVC>
   <IVC>_TOP__SYS_STAT.TLM_MODE_IN.System_On</IVC>
   <IVC>_TOP__SYS_STAT.__ASSERT</IVC>
   <IVC>_TOP__SYS_STAT.__ASSUME__CONJ</IVC>
   <IVC>_TOP__SYS_STAT.__ASSUME__HIST</IVC>
   <IVC>_TOP__SYS_STAT.__SYS_STAT__ASSERT__0</IVC>
   <IVC>_TOP__SYS_STAT.__SYS_STAT__ASSERT__2</IVC>
   <IVC>_TOP__SYS_STAT.__SYS_STAT__PROP__0</IVC>
   <IVC>_TOP__SYS_STAT.__SYS_STAT__PROP__2</IVC>
   <IVC>_TOP__TLM.OP_CMD_IN.System_Start</IVC>
   <IVC>_TOP__TLM.TLM_MODE_OUT.System_On</IVC>
   <IVC>_TOP__TLM.__ASSERT</IVC>
   <IVC>_TOP__TLM.__ASSUME__CONJ</IVC>
   <IVC>_TOP__TLM.__ASSUME__HIST</IVC>
   <IVC>_TOP__TLM.__TLM__ASSERT__0</IVC>
   <IVC>_TOP__TLM.__TLM__PROP__0</IVC>
   <IVC>__GUARANTEE23</IVC>
</Results>
