<?xml version="1.0"?>
<Results xmlns:xsi="http://www.w3.org/2001/XMLSchema-instance">
   <Runtime unit="sec">0.391</Runtime>
   <Timeout unit="sec">77.941</Timeout>
   <IVC>_TOP__ASSERT__69</IVC>
   <IVC>_TOP__CONFIG.CONFIG_OUT.Configured</IVC>
   <IVC>_TOP__CONFIG.CONFIG_OUT.Request_Patient_Drug_Info</IVC>
   <IVC>_TOP__CONFIG.DB_IN.Flow_Rate_High</IVC>
   <IVC>_TOP__CONFIG.DB_IN.Flow_Rate_Low</IVC>
   <IVC>_TOP__CONFIG.DB_IN.Number_Max_Patient_Bolus</IVC>
   <IVC>_TOP__CONFIG.DB_IN.VTBI_High</IVC>
   <IVC>_TOP__CONFIG.DB_IN.VTBI_Low</IVC>
   <IVC>_TOP__CONFIG.PRES_IN.Duration_Intermittent_Bolus</IVC>
   <IVC>_TOP__CONFIG.PRES_IN.Flow_Rate_Basal</IVC>
   <IVC>_TOP__CONFIG.PRES_IN.Flow_Rate_Intermittent_Bolus</IVC>
   <IVC>_TOP__CONFIG.PRES_IN.Flow_Rate_Patient_Bolus</IVC>
   <IVC>_TOP__CONFIG.PRES_IN.Interval_Intermittent_Bolus</IVC>
   <IVC>_TOP__CONFIG.PRES_IN.Max_Number_of_Patient_Bolus</IVC>
   <IVC>_TOP__CONFIG.PRES_IN.VTBI_Total</IVC>
   <IVC>_TOP__CONFIG.__ASSERT</IVC>
   <IVC>_TOP__CONFIG.__ASSUME__CONJ</IVC>
   <IVC>_TOP__CONFIG.__ASSUME__HIST</IVC>
   <IVC>_TOP__CONFIG.__CONFIG__ASSERT__6</IVC>
   <IVC>_TOP__CONFIG.__CONFIG__PROP__6</IVC>
   <IVC>_TOP__OUTPUT.CONFIG_IN.Configured</IVC>
   <IVC>_TOP__OUTPUT.CONFIG_IN.Request_Patient_Drug_Info</IVC>
   <IVC>_TOP__OUTPUT.GPCA_SW_OUT.Configured</IVC>
   <IVC>_TOP__OUTPUT.GPCA_SW_OUT.Request_Patient_Drug_Info</IVC>
   <IVC>_TOP__OUTPUT.__ASSERT</IVC>
   <IVC>_TOP__OUTPUT.__ASSUME__CONJ</IVC>
   <IVC>_TOP__OUTPUT.__ASSUME__HIST</IVC>
   <IVC>_TOP__OUTPUT.__OUTPUT__PROP__21</IVC>
   <IVC>_TOP__OUTPUT.__OUTPUT__PROP__25</IVC>
   <IVC>__GUARANTEE59</IVC>
</Results>
