<?xml version="1.0"?>
<Results xmlns:xsi="http://www.w3.org/2001/XMLSchema-instance">
   <Runtime unit="sec">0.407</Runtime>
   <Timeout unit="sec">88.54599999999999</Timeout>
   <IVC>DEFS__Is_Infusion_above_tolerance.actual_flow_rate</IVC>
   <IVC>DEFS__Is_Infusion_above_tolerance.desired_flow_rate</IVC>
   <IVC>DEFS__Is_Infusion_above_tolerance.over</IVC>
   <IVC>DEFS__Is_Infusion_above_tolerance.tol</IVC>
   <IVC>_TOP__ALARM.CONST_IN.Tolerance_Min</IVC>
   <IVC>_TOP__ALARM.DEFS__Is_Infusion_above_tolerance.actual_flow_rate</IVC>
   <IVC>_TOP__ALARM.DEFS__Is_Infusion_above_tolerance.desired_flow_rate</IVC>
   <IVC>_TOP__ALARM.DEFS__Is_Infusion_above_tolerance.over</IVC>
   <IVC>_TOP__ALARM.DEFS__Is_Infusion_above_tolerance.tol</IVC>
   <IVC>_TOP__ALARM.IM_IN.Commanded_Flow_Rate</IVC>
   <IVC>_TOP__ALARM.SENSOR_IN.Flow_Rate</IVC>
   <IVC>_TOP__ALARM.Time_FR_Over_Min_Tol</IVC>
   <IVC>_TOP__ALARM.__ALARM__ASSERT__2</IVC>
   <IVC>_TOP__ALARM.__ASSERT</IVC>
   <IVC>_TOP__ASSERT__3</IVC>
   <IVC>_TOP__OUTPUT.GPCA_SW_OUT.Commanded_Flow_Rate</IVC>
   <IVC>_TOP__OUTPUT.IM_IN.Commanded_Flow_Rate</IVC>
   <IVC>_TOP__OUTPUT.__ASSERT</IVC>
   <IVC>_TOP__OUTPUT.__ASSUME__CONJ</IVC>
   <IVC>_TOP__OUTPUT.__ASSUME__HIST</IVC>
   <IVC>_TOP__OUTPUT.__OUTPUT__PROP__29</IVC>
   <IVC>__GUARANTEE3</IVC>
</Results>
