<?xml version="1.0"?>
<Results xmlns:xsi="http://www.w3.org/2001/XMLSchema-instance">
   <Runtime unit="sec">0.219</Runtime>
   <Timeout unit="sec">101.559</Timeout>
   <IVC>_TOP__ASSERT__15</IVC>
   <IVC>_TOP__IM.IM_OUT.Current_System_Mode</IVC>
   <IVC>_TOP__IM.Patient_Bolus_Delivered_Count</IVC>
   <IVC>_TOP__IM.__ASSERT</IVC>
   <IVC>_TOP__IM.__IM__ASSERT__1</IVC>
   <IVC>_TOP__OUTPUT.GPCA_SW_OUT.Current_System_Mode</IVC>
   <IVC>_TOP__OUTPUT.IM_IN.Current_System_Mode</IVC>
   <IVC>_TOP__OUTPUT.__ASSERT</IVC>
   <IVC>_TOP__OUTPUT.__ASSUME__CONJ</IVC>
   <IVC>_TOP__OUTPUT.__ASSUME__HIST</IVC>
   <IVC>_TOP__OUTPUT.__OUTPUT__PROP__27</IVC>
   <IVC>__GUARANTEE5</IVC>
</Results>
