<?xml version="1.0"?>
<Results xmlns:xsi="http://www.w3.org/2001/XMLSchema-instance">
   <Runtime unit="sec">0.375</Runtime>
   <Timeout unit="sec">87.013</Timeout>
   <IVC>_TOP__ALARM.ALARM_OUT.Audio_Notification_Command</IVC>
   <IVC>_TOP__ALARM.ALARM_OUT.Is_Audio_Disabled</IVC>
   <IVC>_TOP__ALARM.OP_CMD_IN.Disable_Audio</IVC>
   <IVC>_TOP__ALARM.TLM_MODE_IN.System_On</IVC>
   <IVC>_TOP__ALARM.__ALARM__ASSERT__21</IVC>
   <IVC>_TOP__ALARM.__ALARM__PROP__7</IVC>
   <IVC>_TOP__ALARM.__ASSERT</IVC>
   <IVC>_TOP__ALARM.__ASSUME__CONJ</IVC>
   <IVC>_TOP__ALARM.__ASSUME__HIST</IVC>
   <IVC>_TOP__ASSERT__31</IVC>
   <IVC>_TOP__OUTPUT.ALARM_IN.Audio_Notification_Command</IVC>
   <IVC>_TOP__OUTPUT.ALARM_IN.Is_Audio_Disabled</IVC>
   <IVC>_TOP__OUTPUT.GPCA_SW_OUT.Audio_Notification_Command</IVC>
   <IVC>_TOP__OUTPUT.GPCA_SW_OUT.Is_Audio_Disabled</IVC>
   <IVC>_TOP__OUTPUT.__ASSERT</IVC>
   <IVC>_TOP__OUTPUT.__ASSUME__CONJ</IVC>
   <IVC>_TOP__OUTPUT.__ASSUME__HIST</IVC>
   <IVC>_TOP__OUTPUT.__OUTPUT__PROP__3</IVC>
   <IVC>_TOP__OUTPUT.__OUTPUT__PROP__5</IVC>
   <IVC>_TOP__TLM.OP_CMD_IN.System_Start</IVC>
   <IVC>_TOP__TLM.TLM_MODE_OUT.System_On</IVC>
   <IVC>_TOP__TLM.__ASSERT</IVC>
   <IVC>_TOP__TLM.__ASSUME__CONJ</IVC>
   <IVC>_TOP__TLM.__ASSUME__HIST</IVC>
   <IVC>_TOP__TLM.__TLM__ASSERT__0</IVC>
   <IVC>_TOP__TLM.__TLM__PROP__0</IVC>
   <IVC>__GUARANTEE21</IVC>
</Results>
