<?xml version="1.0"?>
<Results xmlns:xsi="http://www.w3.org/2001/XMLSchema-instance">
   <Runtime unit="sec">0.623</Runtime>
   <Timeout unit="sec">98.486</Timeout>
   <IVC>DEFS__is_therapy._outvar</IVC>
   <IVC>DEFS__is_therapy.mode</IVC>
   <IVC>_TOP__ALARM.ALARM_OUT.Notification_Message</IVC>
   <IVC>_TOP__ALARM.SENSOR_IN.Air_Pressure</IVC>
   <IVC>_TOP__ALARM.SENSOR_IN.Battery_Depleted</IVC>
   <IVC>_TOP__ALARM.SENSOR_IN.CPU_Error</IVC>
   <IVC>_TOP__ALARM.SENSOR_IN.Humidity</IVC>
   <IVC>_TOP__ALARM.SENSOR_IN.Memory_Corrupted</IVC>
   <IVC>_TOP__ALARM.SENSOR_IN.Pump_Too_Hot</IVC>
   <IVC>_TOP__ALARM.SENSOR_IN.RTC_Error</IVC>
   <IVC>_TOP__ALARM.SENSOR_IN.Temp</IVC>
   <IVC>_TOP__ALARM.SENSOR_IN.Watchdog_Interrupted</IVC>
   <IVC>_TOP__ALARM.SYS_STAT_IN.In_Therapy</IVC>
   <IVC>_TOP__ALARM.SYS_STAT_IN.Reservoir_Empty</IVC>
   <IVC>_TOP__ALARM.TLM_MODE_IN.System_On</IVC>
   <IVC>_TOP__ALARM.__ALARM__ASSERT__1</IVC>
   <IVC>_TOP__ALARM.__ALARM__ASSERT__25</IVC>
   <IVC>_TOP__ALARM.__ALARM__PROP__11</IVC>
   <IVC>_TOP__ALARM.__ASSERT</IVC>
   <IVC>_TOP__ALARM.__ASSUME__CONJ</IVC>
   <IVC>_TOP__ALARM.__ASSUME__HIST</IVC>
   <IVC>_TOP__ASSERT__9</IVC>
   <IVC>_TOP__ASSERT__11</IVC>
   <IVC>_TOP__ASSERT__46</IVC>
   <IVC>_TOP__OUTPUT.ALARM_IN.Notification_Message</IVC>
   <IVC>_TOP__OUTPUT.GPCA_SW_OUT.Current_System_Mode</IVC>
   <IVC>_TOP__OUTPUT.GPCA_SW_OUT.Notification_Message</IVC>
   <IVC>_TOP__OUTPUT.GPCA_SW_OUT.Reservoir_Volume</IVC>
   <IVC>_TOP__OUTPUT.IM_IN.Current_System_Mode</IVC>
   <IVC>_TOP__OUTPUT.SYS_STAT_IN.Reservoir_Volume</IVC>
   <IVC>_TOP__OUTPUT.__ASSERT</IVC>
   <IVC>_TOP__OUTPUT.__ASSUME__CONJ</IVC>
   <IVC>_TOP__OUTPUT.__ASSUME__HIST</IVC>
   <IVC>_TOP__OUTPUT.__OUTPUT__PROP__2</IVC>
   <IVC>_TOP__OUTPUT.__OUTPUT__PROP__4</IVC>
   <IVC>_TOP__OUTPUT.__OUTPUT__PROP__27</IVC>
   <IVC>_TOP__SYS_STAT.CONST_IN.Empty_Reservoir</IVC>
   <IVC>_TOP__SYS_STAT.IM_IN.Current_System_Mode</IVC>
   <IVC>_TOP__SYS_STAT.SYS_STAT_OUT.In_Therapy</IVC>
   <IVC>_TOP__SYS_STAT.SYS_STAT_OUT.Reservoir_Empty</IVC>
   <IVC>_TOP__SYS_STAT.SYS_STAT_OUT.Reservoir_Volume</IVC>
   <IVC>_TOP__SYS_STAT.TLM_MODE_IN.System_On</IVC>
   <IVC>_TOP__SYS_STAT.__ASSERT</IVC>
   <IVC>_TOP__SYS_STAT.__ASSUME__CONJ</IVC>
   <IVC>_TOP__SYS_STAT.__ASSUME__HIST</IVC>
   <IVC>_TOP__SYS_STAT.__SYS_STAT__ASSERT__0</IVC>
   <IVC>_TOP__SYS_STAT.__SYS_STAT__ASSERT__2</IVC>
   <IVC>_TOP__SYS_STAT.__SYS_STAT__PROP__0</IVC>
   <IVC>_TOP__SYS_STAT.__SYS_STAT__PROP__2</IVC>
   <IVC>_TOP__TLM.OP_CMD_IN.System_Start</IVC>
   <IVC>_TOP__TLM.TLM_MODE_OUT.System_On</IVC>
   <IVC>_TOP__TLM.__ASSERT</IVC>
   <IVC>_TOP__TLM.__ASSUME__CONJ</IVC>
   <IVC>_TOP__TLM.__ASSUME__HIST</IVC>
   <IVC>_TOP__TLM.__TLM__ASSERT__0</IVC>
   <IVC>_TOP__TLM.__TLM__PROP__0</IVC>
   <IVC>__GUARANTEE36</IVC>
</Results>
