<?xml version="1.0"?>
<Results xmlns:xsi="http://www.w3.org/2001/XMLSchema-instance">
   <Runtime unit="sec">0.859</Runtime>
   <Timeout unit="sec">87.67099999999999</Timeout>
   <IVC>DEFS__Is_Infusion_above_tolerance.actual_flow_rate</IVC>
   <IVC>DEFS__Is_Infusion_above_tolerance.desired_flow_rate</IVC>
   <IVC>DEFS__Is_Infusion_above_tolerance.over</IVC>
   <IVC>DEFS__Is_Infusion_above_tolerance.tol</IVC>
   <IVC>DEFS__is_therapy._outvar</IVC>
   <IVC>DEFS__is_therapy.mode</IVC>
   <IVC>_TOP__ALARM.ALARM_OUT.Notification_Message</IVC>
   <IVC>_TOP__ALARM.CONST_IN.Max_Duration_Over_Infusion</IVC>
   <IVC>_TOP__ALARM.CONST_IN.Tolerance_Max</IVC>
   <IVC>_TOP__ALARM.CONST_IN.Tolerance_Min</IVC>
   <IVC>_TOP__ALARM.DB_IN.Flow_Rate_High</IVC>
   <IVC>_TOP__ALARM.DB_IN.VTBI_High</IVC>
   <IVC>_TOP__ALARM.DEFS__Is_Infusion_above_tolerance.actual_flow_rate</IVC>
   <IVC>_TOP__ALARM.DEFS__Is_Infusion_above_tolerance.desired_flow_rate</IVC>
   <IVC>_TOP__ALARM.DEFS__Is_Infusion_above_tolerance.over</IVC>
   <IVC>_TOP__ALARM.DEFS__Is_Infusion_above_tolerance.tol</IVC>
   <IVC>_TOP__ALARM.IM_IN.Commanded_Flow_Rate</IVC>
   <IVC>_TOP__ALARM.SENSOR_IN.Air_In_Line</IVC>
   <IVC>_TOP__ALARM.SENSOR_IN.Air_Pressure</IVC>
   <IVC>_TOP__ALARM.SENSOR_IN.Battery_Depleted</IVC>
   <IVC>_TOP__ALARM.SENSOR_IN.CPU_Error</IVC>
   <IVC>_TOP__ALARM.SENSOR_IN.Door_Open</IVC>
   <IVC>_TOP__ALARM.SENSOR_IN.Flow_Rate</IVC>
   <IVC>_TOP__ALARM.SENSOR_IN.Humidity</IVC>
   <IVC>_TOP__ALARM.SENSOR_IN.Memory_Corrupted</IVC>
   <IVC>_TOP__ALARM.SENSOR_IN.Occlusion</IVC>
   <IVC>_TOP__ALARM.SENSOR_IN.Pump_Too_Hot</IVC>
   <IVC>_TOP__ALARM.SENSOR_IN.RTC_Error</IVC>
   <IVC>_TOP__ALARM.SENSOR_IN.Temp</IVC>
   <IVC>_TOP__ALARM.SENSOR_IN.Watchdog_Interrupted</IVC>
   <IVC>_TOP__ALARM.SYS_STAT_IN.In_Therapy</IVC>
   <IVC>_TOP__ALARM.SYS_STAT_IN.Reservoir_Empty</IVC>
   <IVC>_TOP__ALARM.SYS_STAT_IN.Volume_Infused</IVC>
   <IVC>_TOP__ALARM.TLM_MODE_IN.System_On</IVC>
   <IVC>_TOP__ALARM.__ALARM__ASSERT__2</IVC>
   <IVC>_TOP__ALARM.__ALARM__ASSERT__3</IVC>
   <IVC>_TOP__ALARM.__ALARM__ASSERT__4</IVC>
   <IVC>_TOP__ALARM.__ALARM__ASSERT__16</IVC>
   <IVC>_TOP__ALARM.__ALARM__ASSERT__23</IVC>
   <IVC>_TOP__ALARM.__ALARM__ASSERT__25</IVC>
   <IVC>_TOP__ALARM.__ALARM__ASSERT__27</IVC>
   <IVC>_TOP__ALARM.__ALARM__ASSERT__28</IVC>
   <IVC>_TOP__ALARM.__ALARM__ASSERT__29</IVC>
   <IVC>_TOP__ALARM.__ALARM__PROP__2</IVC>
   <IVC>_TOP__ALARM.__ALARM__PROP__9</IVC>
   <IVC>_TOP__ALARM.__ALARM__PROP__11</IVC>
   <IVC>_TOP__ALARM.__ALARM__PROP__13</IVC>
   <IVC>_TOP__ALARM.__ALARM__PROP__14</IVC>
   <IVC>_TOP__ALARM.__ALARM__PROP__15</IVC>
   <IVC>_TOP__ALARM.__ASSERT</IVC>
   <IVC>_TOP__ALARM.__ASSUME__CONJ</IVC>
   <IVC>_TOP__ALARM.__ASSUME__HIST</IVC>
   <IVC>_TOP__ASSERT__3</IVC>
   <IVC>_TOP__ASSERT__4</IVC>
   <IVC>_TOP__ASSERT__9</IVC>
   <IVC>_TOP__ASSERT__11</IVC>
   <IVC>_TOP__ASSERT__12</IVC>
   <IVC>_TOP__ASSERT__50</IVC>
   <IVC>_TOP__OUTPUT.ALARM_IN.Notification_Message</IVC>
   <IVC>_TOP__OUTPUT.GPCA_SW_OUT.Commanded_Flow_Rate</IVC>
   <IVC>_TOP__OUTPUT.GPCA_SW_OUT.Current_System_Mode</IVC>
   <IVC>_TOP__OUTPUT.GPCA_SW_OUT.Notification_Message</IVC>
   <IVC>_TOP__OUTPUT.GPCA_SW_OUT.Reservoir_Volume</IVC>
   <IVC>_TOP__OUTPUT.GPCA_SW_OUT.Volume_Infused</IVC>
   <IVC>_TOP__OUTPUT.IM_IN.Commanded_Flow_Rate</IVC>
   <IVC>_TOP__OUTPUT.IM_IN.Current_System_Mode</IVC>
   <IVC>_TOP__OUTPUT.SYS_STAT_IN.Reservoir_Volume</IVC>
   <IVC>_TOP__OUTPUT.SYS_STAT_IN.Volume_Infused</IVC>
   <IVC>_TOP__OUTPUT.__ASSERT</IVC>
   <IVC>_TOP__OUTPUT.__ASSUME__CONJ</IVC>
   <IVC>_TOP__OUTPUT.__ASSUME__HIST</IVC>
   <IVC>_TOP__OUTPUT.__OUTPUT__PROP__1</IVC>
   <IVC>_TOP__OUTPUT.__OUTPUT__PROP__2</IVC>
   <IVC>_TOP__OUTPUT.__OUTPUT__PROP__4</IVC>
   <IVC>_TOP__OUTPUT.__OUTPUT__PROP__27</IVC>
   <IVC>_TOP__OUTPUT.__OUTPUT__PROP__29</IVC>
   <IVC>_TOP__SYS_STAT.CONST_IN.Empty_Reservoir</IVC>
   <IVC>_TOP__SYS_STAT.IM_IN.Current_System_Mode</IVC>
   <IVC>_TOP__SYS_STAT.SYS_STAT_OUT.In_Therapy</IVC>
   <IVC>_TOP__SYS_STAT.SYS_STAT_OUT.Reservoir_Empty</IVC>
   <IVC>_TOP__SYS_STAT.SYS_STAT_OUT.Reservoir_Volume</IVC>
   <IVC>_TOP__SYS_STAT.TLM_MODE_IN.System_On</IVC>
   <IVC>_TOP__SYS_STAT.__ASSERT</IVC>
   <IVC>_TOP__SYS_STAT.__ASSUME__CONJ</IVC>
   <IVC>_TOP__SYS_STAT.__ASSUME__HIST</IVC>
   <IVC>_TOP__SYS_STAT.__SYS_STAT__ASSERT__1</IVC>
   <IVC>_TOP__SYS_STAT.__SYS_STAT__ASSERT__2</IVC>
   <IVC>_TOP__SYS_STAT.__SYS_STAT__ASSERT__3</IVC>
   <IVC>_TOP__SYS_STAT.__SYS_STAT__PROP__1</IVC>
   <IVC>_TOP__SYS_STAT.__SYS_STAT__PROP__2</IVC>
   <IVC>_TOP__SYS_STAT.__SYS_STAT__PROP__3</IVC>
   <IVC>_TOP__TLM.OP_CMD_IN.System_Start</IVC>
   <IVC>_TOP__TLM.TLM_MODE_OUT.System_On</IVC>
   <IVC>_TOP__TLM.__ASSERT</IVC>
   <IVC>_TOP__TLM.__ASSUME__CONJ</IVC>
   <IVC>_TOP__TLM.__ASSUME__HIST</IVC>
   <IVC>_TOP__TLM.__TLM__ASSERT__0</IVC>
   <IVC>_TOP__TLM.__TLM__PROP__0</IVC>
   <IVC>__GUARANTEE40</IVC>
</Results>
