<?xml version="1.0"?>
<Results xmlns:xsi="http://www.w3.org/2001/XMLSchema-instance">
   <Runtime unit="sec">0.552</Runtime>
   <Timeout unit="sec">80.93</Timeout>
   <IVC>DEFS__Is_Infusion_above_tolerance.actual_flow_rate</IVC>
   <IVC>DEFS__Is_Infusion_above_tolerance.desired_flow_rate</IVC>
   <IVC>DEFS__Is_Infusion_above_tolerance.over</IVC>
   <IVC>DEFS__Is_Infusion_above_tolerance.tol</IVC>
   <IVC>_TOP__ALARM.ALARM_OUT.Notification_Message</IVC>
   <IVC>_TOP__ALARM.CONST_IN.Max_Duration_Over_Infusion</IVC>
   <IVC>_TOP__ALARM.CONST_IN.Tolerance_Max</IVC>
   <IVC>_TOP__ALARM.CONST_IN.Tolerance_Min</IVC>
   <IVC>_TOP__ALARM.DB_IN.Flow_Rate_High</IVC>
   <IVC>_TOP__ALARM.DEFS__Is_Infusion_above_tolerance.actual_flow_rate</IVC>
   <IVC>_TOP__ALARM.DEFS__Is_Infusion_above_tolerance.desired_flow_rate</IVC>
   <IVC>_TOP__ALARM.DEFS__Is_Infusion_above_tolerance.over</IVC>
   <IVC>_TOP__ALARM.DEFS__Is_Infusion_above_tolerance.tol</IVC>
   <IVC>_TOP__ALARM.IM_IN.Commanded_Flow_Rate</IVC>
   <IVC>_TOP__ALARM.SENSOR_IN.Flow_Rate</IVC>
   <IVC>_TOP__ALARM.__ALARM__ASSERT__2</IVC>
   <IVC>_TOP__ALARM.__ALARM__ASSERT__3</IVC>
   <IVC>_TOP__ALARM.__ALARM__ASSERT__30</IVC>
   <IVC>_TOP__ALARM.__ALARM__PROP__16</IVC>
   <IVC>_TOP__ALARM.__ASSERT</IVC>
   <IVC>_TOP__ALARM.__ASSUME__CONJ</IVC>
   <IVC>_TOP__ALARM.__ASSUME__HIST</IVC>
   <IVC>_TOP__ASSERT__3</IVC>
   <IVC>_TOP__ASSERT__4</IVC>
   <IVC>_TOP__ASSERT__51</IVC>
   <IVC>_TOP__OUTPUT.ALARM_IN.Notification_Message</IVC>
   <IVC>_TOP__OUTPUT.GPCA_SW_OUT.Commanded_Flow_Rate</IVC>
   <IVC>_TOP__OUTPUT.GPCA_SW_OUT.Notification_Message</IVC>
   <IVC>_TOP__OUTPUT.IM_IN.Commanded_Flow_Rate</IVC>
   <IVC>_TOP__OUTPUT.__ASSERT</IVC>
   <IVC>_TOP__OUTPUT.__ASSUME__CONJ</IVC>
   <IVC>_TOP__OUTPUT.__ASSUME__HIST</IVC>
   <IVC>_TOP__OUTPUT.__OUTPUT__PROP__4</IVC>
   <IVC>_TOP__OUTPUT.__OUTPUT__PROP__29</IVC>
   <IVC>__GUARANTEE41</IVC>
</Results>
