<?xml version="1.0"?>
<Results xmlns:xsi="http://www.w3.org/2001/XMLSchema-instance">
   <Runtime unit="sec">0.5</Runtime>
   <Timeout unit="sec">85.263</Timeout>
   <IVC>DEFS__is_therapy._outvar</IVC>
   <IVC>DEFS__is_therapy.mode</IVC>
   <IVC>_TOP__ALARM.ALARM_OUT.Notification_Message</IVC>
   <IVC>_TOP__ALARM.CONST_IN.Low_Reservoir</IVC>
   <IVC>_TOP__ALARM.SYS_STAT_IN.In_Therapy</IVC>
   <IVC>_TOP__ALARM.SYS_STAT_IN.Reservoir_Volume</IVC>
   <IVC>_TOP__ALARM.TLM_MODE_IN.System_On</IVC>
   <IVC>_TOP__ALARM.__ALARM__ASSERT__5</IVC>
   <IVC>_TOP__ALARM.__ALARM__ASSERT__36</IVC>
   <IVC>_TOP__ALARM.__ALARM__PROP__22</IVC>
   <IVC>_TOP__ALARM.__ASSERT</IVC>
   <IVC>_TOP__ALARM.__ASSUME__CONJ</IVC>
   <IVC>_TOP__ALARM.__ASSUME__HIST</IVC>
   <IVC>_TOP__ASSERT__9</IVC>
   <IVC>_TOP__ASSERT__57</IVC>
   <IVC>_TOP__OUTPUT.ALARM_IN.Notification_Message</IVC>
   <IVC>_TOP__OUTPUT.GPCA_SW_OUT.Current_System_Mode</IVC>
   <IVC>_TOP__OUTPUT.GPCA_SW_OUT.Notification_Message</IVC>
   <IVC>_TOP__OUTPUT.GPCA_SW_OUT.Reservoir_Volume</IVC>
   <IVC>_TOP__OUTPUT.IM_IN.Current_System_Mode</IVC>
   <IVC>_TOP__OUTPUT.SYS_STAT_IN.Reservoir_Volume</IVC>
   <IVC>_TOP__OUTPUT.__ASSERT</IVC>
   <IVC>_TOP__OUTPUT.__ASSUME__CONJ</IVC>
   <IVC>_TOP__OUTPUT.__ASSUME__HIST</IVC>
   <IVC>_TOP__OUTPUT.__OUTPUT__PROP__2</IVC>
   <IVC>_TOP__OUTPUT.__OUTPUT__PROP__4</IVC>
   <IVC>_TOP__OUTPUT.__OUTPUT__PROP__27</IVC>
   <IVC>_TOP__SYS_STAT.IM_IN.Current_System_Mode</IVC>
   <IVC>_TOP__SYS_STAT.SYS_STAT_OUT.In_Therapy</IVC>
   <IVC>_TOP__SYS_STAT.TLM_MODE_IN.System_On</IVC>
   <IVC>_TOP__SYS_STAT.__ASSERT</IVC>
   <IVC>_TOP__SYS_STAT.__ASSUME__CONJ</IVC>
   <IVC>_TOP__SYS_STAT.__ASSUME__HIST</IVC>
   <IVC>_TOP__SYS_STAT.__SYS_STAT__ASSERT__3</IVC>
   <IVC>_TOP__SYS_STAT.__SYS_STAT__PROP__3</IVC>
   <IVC>_TOP__TLM.OP_CMD_IN.System_Start</IVC>
   <IVC>_TOP__TLM.TLM_MODE_OUT.System_On</IVC>
   <IVC>_TOP__TLM.__ASSERT</IVC>
   <IVC>_TOP__TLM.__ASSUME__CONJ</IVC>
   <IVC>_TOP__TLM.__ASSUME__HIST</IVC>
   <IVC>_TOP__TLM.__TLM__ASSERT__1</IVC>
   <IVC>_TOP__TLM.__TLM__PROP__1</IVC>
   <IVC>__GUARANTEE47</IVC>
</Results>
