<?xml version="1.0"?>
<Results xmlns:xsi="http://www.w3.org/2001/XMLSchema-instance">
   <Runtime unit="sec">0.469</Runtime>
   <Timeout unit="sec">78.816</Timeout>
   <IVC>_TOP__ASSERT__67</IVC>
   <IVC>_TOP__CONFIG.CONFIG_OUT.Request_Config_Type</IVC>
   <IVC>_TOP__CONFIG.OP_CMD_IN.Data_Config</IVC>
   <IVC>_TOP__CONFIG.__ASSERT</IVC>
   <IVC>_TOP__CONFIG.__ASSUME__CONJ</IVC>
   <IVC>_TOP__CONFIG.__ASSUME__HIST</IVC>
   <IVC>_TOP__CONFIG.__CONFIG__ASSERT__4</IVC>
   <IVC>_TOP__CONFIG.__CONFIG__PROP__4</IVC>
   <IVC>_TOP__OUTPUT.CONFIG_IN.Request_Config_Type</IVC>
   <IVC>_TOP__OUTPUT.GPCA_SW_OUT.Request_Config_Type</IVC>
   <IVC>_TOP__OUTPUT.__ASSERT</IVC>
   <IVC>_TOP__OUTPUT.__ASSUME__CONJ</IVC>
   <IVC>_TOP__OUTPUT.__ASSUME__HIST</IVC>
   <IVC>_TOP__OUTPUT.__OUTPUT__PROP__23</IVC>
   <IVC>__GUARANTEE57</IVC>
</Results>
