<?xml version="1.0"?>
<Results xmlns:xsi="http://www.w3.org/2001/XMLSchema-instance">
   <Runtime unit="sec">0.359</Runtime>
   <Timeout unit="sec">85.375</Timeout>
   <IVC>DEFS__is_active._outvar</IVC>
   <IVC>DEFS__is_active.mode</IVC>
   <IVC>_TOP__ASSERT__10</IVC>
   <IVC>_TOP__ASSERT__43</IVC>
   <IVC>_TOP__IM.CONFIG_IN.Configured</IVC>
   <IVC>_TOP__IM.DEFS__is_active._outvar</IVC>
   <IVC>_TOP__IM.DEFS__is_active.mode</IVC>
   <IVC>_TOP__IM.IM_OUT.Current_System_Mode</IVC>
   <IVC>_TOP__IM.OP_CMD_IN.Infusion_Inhibit</IVC>
   <IVC>_TOP__IM.TLM_MODE_IN.System_On</IVC>
   <IVC>_TOP__IM.__ASSERT</IVC>
   <IVC>_TOP__IM.__ASSUME__CONJ</IVC>
   <IVC>_TOP__IM.__ASSUME__HIST</IVC>
   <IVC>_TOP__IM.__IM__ASSERT__18</IVC>
   <IVC>_TOP__IM.__IM__PROP__16</IVC>
   <IVC>_TOP__OUTPUT.CONFIG_IN.Configured</IVC>
   <IVC>_TOP__OUTPUT.GPCA_SW_OUT.Configured</IVC>
   <IVC>_TOP__OUTPUT.GPCA_SW_OUT.Current_System_Mode</IVC>
   <IVC>_TOP__OUTPUT.IM_IN.Current_System_Mode</IVC>
   <IVC>_TOP__OUTPUT.__ASSERT</IVC>
   <IVC>_TOP__OUTPUT.__ASSUME__CONJ</IVC>
   <IVC>_TOP__OUTPUT.__ASSUME__HIST</IVC>
   <IVC>_TOP__OUTPUT.__OUTPUT__PROP__21</IVC>
   <IVC>_TOP__OUTPUT.__OUTPUT__PROP__27</IVC>
   <IVC>_TOP__TLM.OP_CMD_IN.System_Start</IVC>
   <IVC>_TOP__TLM.TLM_MODE_OUT.System_On</IVC>
   <IVC>_TOP__TLM.__ASSERT</IVC>
   <IVC>_TOP__TLM.__ASSUME__CONJ</IVC>
   <IVC>_TOP__TLM.__ASSUME__HIST</IVC>
   <IVC>_TOP__TLM.__TLM__ASSERT__0</IVC>
   <IVC>_TOP__TLM.__TLM__PROP__0</IVC>
   <IVC>__GUARANTEE33</IVC>
</Results>
