<?xml version="1.0"?>
<Results xmlns:xsi="http://www.w3.org/2001/XMLSchema-instance">
   <Runtime unit="sec">0.031</Runtime>
   <Timeout unit="sec">65.138</Timeout>
   <IVC>_TOP__DC.__ASSERT</IVC>
   <IVC>_TOP__DC.__ASSUME__CONJ</IVC>
   <IVC>_TOP__DC.__ASSUME__HIST</IVC>
   <IVC>_TOP__DC.seconds_to_cook</IVC>
   <IVC>_TOP__MC.__ASSERT</IVC>
   <IVC>_TOP__MC.__ASSUME__CONJ</IVC>
   <IVC>_TOP__MC.__ASSUME__HIST</IVC>
   <IVC>_TOP__MC.cooking_mode</IVC>
   <IVC>_TOP__MC.defs__is_cooking._outvar</IVC>
   <IVC>_TOP__MC.defs__is_cooking.m</IVC>
   <IVC>_TOP__MC.door_closed</IVC>
   <IVC>_TOP__MC.seconds_to_cook</IVC>
   <IVC>_TOP__OP.__ASSERT</IVC>
   <IVC>_TOP__OP.__ASSUME__CONJ</IVC>
   <IVC>_TOP__OP.__ASSUME__HIST</IVC>
   <IVC>_TOP__OP.cooking_mode</IVC>
   <IVC>_TOP__OP.defs__is_cooking._outvar</IVC>
   <IVC>_TOP__OP.defs__is_cooking.m</IVC>
   <IVC>_TOP__OP.heating_element_on</IVC>
   <IVC>__GUARANTEE0</IVC>
</Results>
