<?xml version="1.0"?>
<Results xmlns:xsi="http://www.w3.org/2001/XMLSchema-instance">
   <Runtime unit="sec">0.0</Runtime>
   <Timeout unit="sec">66.559</Timeout>
   <IVC>__GUARANTEE8</IVC>
   <IVC>defs__is_cooking._outvar</IVC>
   <IVC>defs__is_cooking.m</IVC>
   <IVC>defs__is_running._outvar</IVC>
   <IVC>defs__is_running.m</IVC>
   <IVC>defs__is_setup._outvar</IVC>
   <IVC>defs__is_setup.m</IVC>
   <IVC>defs__is_suspended._outvar</IVC>
   <IVC>defs__is_suspended.m</IVC>
</Results>
