<?xml version="1.0"?>
<Results xmlns:xsi="http://www.w3.org/2001/XMLSchema-instance">
   <Runtime unit="sec">0.263</Runtime>
   <Timeout unit="sec">167.38</Timeout>
   <IVC>OK</IVC>
   <IVC>V67_X1</IVC>
   <IVC>V68_X2</IVC>
   <IVC>V69_X3</IVC>
   <IVC>V70_X4</IVC>
   <IVC>V71_X5</IVC>
   <IVC>V72_X6</IVC>
   <IVC>V73_X7</IVC>
   <IVC>V74_X8</IVC>
   <IVC>V75_X9</IVC>
   <IVC>V76_R1</IVC>
   <IVC>V77_R2</IVC>
   <IVC>V78_R3</IVC>
   <IVC>V79_R4</IVC>
   <IVC>V81_env</IVC>
   <IVC>V144_g01</IVC>
   <IVC>V145_g02</IVC>
   <IVC>V146_g03</IVC>
   <IVC>V147_g04</IVC>
   <IVC>V148_g05</IVC>
   <IVC>V149_g06</IVC>
   <IVC>V150_g07</IVC>
   <IVC>V151_g08</IVC>
   <IVC>V152_g09</IVC>
   <IVC>V153_g10</IVC>
   <IVC>V154_g11</IVC>
   <IVC>V155_g12</IVC>
   <IVC>V175_X</IVC>
</Results>
