<?xml version="1.0"?>
<Results xmlns:xsi="http://www.w3.org/2001/XMLSchema-instance">
   <Runtime unit="sec">0.016</Runtime>
   <Timeout unit="sec">63.724000000000004</Timeout>
   <IVC>OK</IVC>
   <IVC>V58_env_always_ok</IVC>
   <IVC>V59_prop_ok</IVC>
   <IVC>V60_open_door</IVC>
   <IVC>V62_door_ok</IVC>
   <IVC>V250_door_doesnt_open_out_of_station</IVC>
   <IVC>V251_door_opens_before_leaving_station</IVC>
   <IVC>V252_X</IVC>
   <IVC>V253_between_A_and_X</IVC>
   <IVC>V264_env_ok</IVC>
   <IVC>V265_door_doesnt_close_if_not_asked</IVC>
   <IVC>V267_tramway_doesnt_start_if_not_door_ok</IVC>
   <IVC>V268_door_initially_closed</IVC>
   <IVC>V271_warning_start_only_in_station</IVC>
   <IVC>V272_warning_start_cant_become_true_when_door_is_opening</IVC>
   <IVC>V274_X</IVC>
   <IVC>V287_req_pending</IVC>
   <IVC>~flatten0</IVC>
</Results>
