<?xml version="1.0"?>
<Results xmlns:xsi="http://www.w3.org/2001/XMLSchema-instance">
   <Runtime unit="sec">0.015</Runtime>
   <Timeout unit="sec">60.658</Timeout>
   <IVC>OK</IVC>
   <IVC>V46_grant_access</IVC>
   <IVC>V47_grant_exit</IVC>
   <IVC>V48_do_AB</IVC>
   <IVC>V49_do_BC</IVC>
   <IVC>V50_no_collision</IVC>
   <IVC>V51_exclusive_req</IVC>
   <IVC>V52_no_derail_AB</IVC>
   <IVC>V53_no_derail_BC</IVC>
   <IVC>V54_empty_section</IVC>
   <IVC>V55_only_on_B</IVC>
   <IVC>V56_env</IVC>
   <IVC>V180_empty_section</IVC>
   <IVC>V181_only_on_B</IVC>
   <IVC>V189_afterA</IVC>
   <IVC>V190_afterA</IVC>
   <IVC>V191_alwaysBsinceA</IVC>
   <IVC>V192_afterA</IVC>
   <IVC>V193_onceCsinceA</IVC>
   <IVC>V202_afterA</IVC>
   <IVC>V203_afterA</IVC>
   <IVC>V204_alwaysBsinceA</IVC>
   <IVC>V205_afterA</IVC>
   <IVC>V206_onceCsinceA</IVC>
   <IVC>V284_X</IVC>
   <IVC>V309_afterA</IVC>
   <IVC>V310_afterA</IVC>
   <IVC>V311_alwaysBsinceA</IVC>
   <IVC>V313_onceCsinceA</IVC>
   <IVC>V321_afterA</IVC>
   <IVC>V322_afterA</IVC>
   <IVC>V323_alwaysBsinceA</IVC>
   <IVC>V325_onceCsinceA</IVC>
</Results>
