<?xml version="1.0"?>
<Results xmlns:xsi="http://www.w3.org/2001/XMLSchema-instance">
  <Run id="1">
    <Runtime unit="sec">0.205</Runtime>
    <Status>INVALID</Status>
  </Run>
  <Run id="2">
    <Runtime unit="sec">0.211</Runtime>
    <Status>INVALID</Status>
  </Run>
  <Run id="3">
    <Runtime unit="sec">0.325</Runtime>
    <Status>INVALID</Status>
  </Run>
  <Run id="4">
    <Runtime unit="sec">3.752</Runtime>
    <Status>VALID</Status>
  </Run>
  <Run id="5">
    <Runtime unit="sec">3.739</Runtime>
    <Status>VALID</Status>
  </Run>
  <Run id="6">
    <Runtime unit="sec">2.225</Runtime>
    <Status>VALID</Status>
  </Run>
  <Run id="7">
    <Runtime unit="sec">0.002</Runtime>
    <Status>INVALID</Status>
  </Run>
  <Run id="8">
    <Runtime unit="sec">0.004</Runtime>
    <Status>INVALID</Status>
  </Run>
  <Run id="9">
    <Runtime unit="sec">0.102</Runtime>
    <Status>INVALID</Status>
  </Run>
  <Run id="10">
    <Runtime unit="sec">0.105</Runtime>
    <Status>INVALID</Status>
  </Run>
  <Run id="11">
    <Runtime unit="sec">0.003</Runtime>
    <Status>INVALID</Status>
  </Run>
  <Run id="12">
    <Runtime unit="sec">0.125</Runtime>
    <Status>INVALID</Status>
  </Run>
  <Run id="13">
    <Runtime unit="sec">0.015</Runtime>
    <Status>INVALID</Status>
  </Run>
  <Run id="14">
    <Runtime unit="sec">0.018</Runtime>
    <Status>INVALID</Status>
  </Run>
  <Run id="15">
    <Runtime unit="sec">0.11</Runtime>
    <Status>INVALID</Status>
  </Run>
  <Run id="16">
    <Runtime unit="sec">0.0</Runtime>
    <Status>INVALID</Status>
  </Run>
  <Run id="17">
    <Runtime unit="sec">0.007</Runtime>
    <Status>INVALID</Status>
  </Run>
</Results>
