<?xml version="1.0"?>
<Results xmlns:xsi="http://www.w3.org/2001/XMLSchema-instance">
  <MinimalIvc property="[__GUARANTEE19]">
    <Runtime unit="sec">3.034</Runtime>
    <IVC>_TOP__ASSERT__29</IVC>
    <IVC>_TOP__IM.IM_OUT.Current_System_Mode</IVC>
    <IVC>_TOP__IM.OP_CMD_IN.Infusion_Cancel</IVC>
    <IVC>_TOP__IM.TLM_MODE_IN.System_On</IVC>
    <IVC>_TOP__IM.__ASSERT</IVC>
    <IVC>_TOP__IM.__ASSUME__CONJ</IVC>
    <IVC>_TOP__IM.__ASSUME__HIST</IVC>
    <IVC>_TOP__IM.__IM__ASSERT__10</IVC>
    <IVC>_TOP__IM.__IM__PROP__8</IVC>
    <IVC>_TOP__OUTPUT.GPCA_SW_OUT.Current_System_Mode</IVC>
    <IVC>_TOP__OUTPUT.IM_IN.Current_System_Mode</IVC>
    <IVC>_TOP__OUTPUT.__ASSERT</IVC>
    <IVC>_TOP__OUTPUT.__ASSUME__CONJ</IVC>
    <IVC>_TOP__OUTPUT.__ASSUME__HIST</IVC>
    <IVC>_TOP__OUTPUT.__OUTPUT__PROP__27</IVC>
    <IVC>_TOP__TLM.OP_CMD_IN.System_Start</IVC>
    <IVC>_TOP__TLM.TLM_MODE_OUT.System_On</IVC>
    <IVC>_TOP__TLM.__ASSERT</IVC>
    <IVC>_TOP__TLM.__ASSUME__CONJ</IVC>
    <IVC>_TOP__TLM.__ASSUME__HIST</IVC>
    <IVC>_TOP__TLM.__TLM__ASSERT__0</IVC>
    <IVC>_TOP__TLM.__TLM__PROP__0</IVC>
    <IVC>__GUARANTEE19</IVC>
  </MinimalIvc>
</Results>
