<?xml version="1.0"?>
<Results xmlns:xsi="http://www.w3.org/2001/XMLSchema-instance">
  <Property name="OK">
    <Runtime unit="sec">3.743</Runtime>
    <SupportRuntime unit="sec">0.101</SupportRuntime>
    <Answer source="pdr">valid</Answer>
    <K>1</K>
    <Invariant>(((0 &lt;= (V22_speed + (-4))) or (V109_cpt &lt;= 3)) or (not V98_Sofar))</Invariant>
    <Invariant>(((V109_cpt &lt;= 6) or (0 &lt;= (V22_speed + (-7)))) or (not V98_Sofar))</Invariant>
    <Invariant>OK</Invariant>
    <Invariant>((V109_cpt &lt;= 7) or (not V98_Sofar))</Invariant>
    <Invariant>(((not (0 &lt;= (V22_speed + (-8)))) or (V109_cpt &lt;= 6)) or (not V98_Sofar))</Invariant>
    <Invariant>(((V109_cpt &lt;= 2) or (0 &lt;= (V22_speed + (-3)))) or (not V98_Sofar))</Invariant>
    <Invariant>(((V109_cpt &lt;= 4) or (not (V22_speed &lt;= 4))) or (not V98_Sofar))</Invariant>
    <Invariant>((not V98_Sofar) or (V22_speed &lt;= 14))</Invariant>
    <Invariant>(((not (V22_speed &lt;= 0)) or (V109_cpt = 0)) or (not V98_Sofar))</Invariant>
    <Invariant>(((not (0 &lt;= (V109_cpt + (-2)))) or (0 &lt;= (V22_speed + (-2)))) or (not V98_Sofar))</Invariant>
    <Invariant>(((V109_cpt &lt;= 5) or (V22_speed &lt;= 13)) or (not V98_Sofar))</Invariant>
    <Invariant>(((V109_cpt &lt;= 5) or (0 &lt;= (V22_speed + (-6)))) or (not V98_Sofar))</Invariant>
    <Support>V24_minus</Support>
    <Support>V23_plus</Support>
    <Support>V109_cpt</Support>
    <Support>V25_realistic</Support>
    <Support>V110_acceptable</Support>
    <Support>V22_speed</Support>
    <Support>OK</Support>
    <Support>V98_Sofar</Support>
    <Support>V93_X</Support>
  </Property>
</Results>
