<?xml version="1.0"?>
<Results xmlns:xsi="http://www.w3.org/2001/XMLSchema-instance">
  <Progress source="bmc" trueFor="1">
    <PropertyProgress name="OK"/>
  </Progress>
  <Progress source="bmc" trueFor="2">
    <PropertyProgress name="OK"/>
  </Progress>
  <Progress source="bmc" trueFor="3">
    <PropertyProgress name="OK"/>
  </Progress>
  <Progress source="bmc" trueFor="4">
    <PropertyProgress name="OK"/>
  </Progress>
  <Progress source="bmc" trueFor="5">
    <PropertyProgress name="OK"/>
  </Progress>
  <Progress source="bmc" trueFor="6">
    <PropertyProgress name="OK"/>
  </Progress>
  <Progress source="bmc" trueFor="7">
    <PropertyProgress name="OK"/>
  </Progress>
  <Progress source="bmc" trueFor="8">
    <PropertyProgress name="OK"/>
  </Progress>
  <Progress source="bmc" trueFor="9">
    <PropertyProgress name="OK"/>
  </Progress>
  <Progress source="bmc" trueFor="10">
    <PropertyProgress name="OK"/>
  </Progress>
  <Progress source="bmc" trueFor="11">
    <PropertyProgress name="OK"/>
  </Progress>
  <Progress source="bmc" trueFor="12">
    <PropertyProgress name="OK"/>
  </Progress>
  <Progress source="bmc" trueFor="13">
    <PropertyProgress name="OK"/>
  </Progress>
  <Progress source="bmc" trueFor="14">
    <PropertyProgress name="OK"/>
  </Progress>
  <Progress source="bmc" trueFor="15">
    <PropertyProgress name="OK"/>
  </Progress>
  <Progress source="bmc" trueFor="16">
    <PropertyProgress name="OK"/>
  </Progress>
  <Progress source="bmc" trueFor="17">
    <PropertyProgress name="OK"/>
  </Progress>
  <Progress source="bmc" trueFor="18">
    <PropertyProgress name="OK"/>
  </Progress>
  <Progress source="bmc" trueFor="19">
    <PropertyProgress name="OK"/>
  </Progress>
  <Progress source="bmc" trueFor="20">
    <PropertyProgress name="OK"/>
  </Progress>
  <Progress source="bmc" trueFor="21">
    <PropertyProgress name="OK"/>
  </Progress>
  <Progress source="bmc" trueFor="22">
    <PropertyProgress name="OK"/>
  </Progress>
  <Progress source="bmc" trueFor="23">
    <PropertyProgress name="OK"/>
  </Progress>
  <Progress source="bmc" trueFor="24">
    <PropertyProgress name="OK"/>
  </Progress>
  <Progress source="bmc" trueFor="25">
    <PropertyProgress name="OK"/>
  </Progress>
  <Progress source="bmc" trueFor="26">
    <PropertyProgress name="OK"/>
  </Progress>
  <Progress source="bmc" trueFor="27">
    <PropertyProgress name="OK"/>
  </Progress>
  <Progress source="bmc" trueFor="28">
    <PropertyProgress name="OK"/>
  </Progress>
  <Progress source="bmc" trueFor="29">
    <PropertyProgress name="OK"/>
  </Progress>
  <Progress source="bmc" trueFor="30">
    <PropertyProgress name="OK"/>
  </Progress>
  <Progress source="bmc" trueFor="31">
    <PropertyProgress name="OK"/>
  </Progress>
  <Progress source="bmc" trueFor="32">
    <PropertyProgress name="OK"/>
  </Progress>
  <Progress source="bmc" trueFor="33">
    <PropertyProgress name="OK"/>
  </Progress>
  <Progress source="bmc" trueFor="34">
    <PropertyProgress name="OK"/>
  </Progress>
  <Progress source="bmc" trueFor="35">
    <PropertyProgress name="OK"/>
  </Progress>
  <Progress source="bmc" trueFor="36">
    <PropertyProgress name="OK"/>
  </Progress>
  <Progress source="bmc" trueFor="37">
    <PropertyProgress name="OK"/>
  </Progress>
  <Progress source="bmc" trueFor="38">
    <PropertyProgress name="OK"/>
  </Progress>
  <Progress source="bmc" trueFor="39">
    <PropertyProgress name="OK"/>
  </Progress>
  <Property name="OK">
    <Runtime unit="sec">0.414</Runtime>
    <SupportRuntime unit="sec">0.089</SupportRuntime>
    <Answer source="k-induction">valid</Answer>
    <K>9</K>
    <Invariant>OK</Invariant>
    <Support>V24_minus</Support>
    <Support>V23_plus</Support>
    <Support>V109_cpt</Support>
    <Support>V25_realistic</Support>
    <Support>V110_acceptable</Support>
    <Support>V22_speed</Support>
    <Support>OK</Support>
    <Support>V98_Sofar</Support>
    <Support>V93_X</Support>
  </Property>
</Results>
