<?xml version="1.0"?>
<Results xmlns:xsi="http://www.w3.org/2001/XMLSchema-instance">
  <MinimalSupport property="[OK]">
    <Runtime unit="sec">23.725</Runtime>
    <Support>OK</Support>
    <Support>V24_toofast</Support>
    <Support>V25_stop</Support>
    <Support>V26_bump</Support>
    <Support>V27_dist</Support>
    <Support>V28_speed</Support>
    <Support>V29_time</Support>
    <Support>V30_move</Support>
    <Support>V31_second</Support>
    <Support>V32_meter</Support>
  </MinimalSupport>
</Results>
