<?xml version="1.0"?>
<Results xmlns:xsi="http://www.w3.org/2001/XMLSchema-instance">
  <MinimalSupport property="[MC____ASSUME0]">
    <Runtime unit="sec">147.774</Runtime>
    <Support>_TOP__DC~0.__ASSERT</Support>
    <Support>_TOP__DC~0.__ASSUME__CONJ</Support>
    <Support>_TOP__DC~0.__ASSUME__HIST</Support>
    <Support>_TOP__DC~0.seconds_to_cook</Support>
    <Support>_TOP__MC~0.__ASSERT</Support>
    <Support>_TOP__MC~0.__ASSUME0</Support>
    <Support>_TOP__MC~0.seconds_to_cook</Support>
  </MinimalSupport>
</Results>
