<?xml version="1.0"?>
<Results xmlns:xsi="http://www.w3.org/2001/XMLSchema-instance">
  <MinimalSupport property="[__GUARANTEE5]">
    <Runtime unit="sec">43.904</Runtime>
    <Support>Microwave_SEng5861__Display_Control__Impl__update_digit~0.clear_pressed</Support>
    <Support>Microwave_SEng5861__Display_Control__Impl__update_digit~0.defs__is_cooking~0._outvar</Support>
    <Support>Microwave_SEng5861__Display_Control__Impl__update_digit~0.defs__is_cooking~0.m</Support>
    <Support>Microwave_SEng5861__Display_Control__Impl__update_digit~0.digit</Support>
    <Support>Microwave_SEng5861__Display_Control__Impl__update_digit~0.digit_pressed</Support>
    <Support>Microwave_SEng5861__Display_Control__Impl__update_digit~0.mode</Support>
    <Support>Microwave_SEng5861__Display_Control__Impl__update_digit~1.clear_pressed</Support>
    <Support>Microwave_SEng5861__Display_Control__Impl__update_digit~1.defs__is_cooking~0._outvar</Support>
    <Support>Microwave_SEng5861__Display_Control__Impl__update_digit~1.defs__is_cooking~0.m</Support>
    <Support>Microwave_SEng5861__Display_Control__Impl__update_digit~1.digit</Support>
    <Support>Microwave_SEng5861__Display_Control__Impl__update_digit~1.digit_pressed</Support>
    <Support>Microwave_SEng5861__Display_Control__Impl__update_digit~1.mode</Support>
    <Support>Microwave_SEng5861__Display_Control__Impl__update_digit~2.clear_pressed</Support>
    <Support>Microwave_SEng5861__Display_Control__Impl__update_digit~2.defs__is_cooking~0._outvar</Support>
    <Support>Microwave_SEng5861__Display_Control__Impl__update_digit~2.defs__is_cooking~0.m</Support>
    <Support>Microwave_SEng5861__Display_Control__Impl__update_digit~2.digit</Support>
    <Support>Microwave_SEng5861__Display_Control__Impl__update_digit~2.digit_pressed</Support>
    <Support>Microwave_SEng5861__Display_Control__Impl__update_digit~2.mode</Support>
    <Support>__GUARANTEE5</Support>
    <Support>defs__is_setup~0._outvar</Support>
    <Support>defs__is_setup~0.m</Support>
  </MinimalSupport>
</Results>
