<?xml version="1.0"?>
<Results xmlns:xsi="http://www.w3.org/2001/XMLSchema-instance">
  <MinimalSupport property="[__GUARANTEE6]">
    <Runtime unit="sec">42.29</Runtime>
    <Support>Microwave_SEng5861__Display_Control__Impl__update_digit~0.digit</Support>
    <Support>Microwave_SEng5861__Display_Control__Impl__update_digit~1.digit</Support>
    <Support>Microwave_SEng5861__Display_Control__Impl__update_digit~2.digit</Support>
    <Support>__GUARANTEE6</Support>
    <Support>defs__initially_true~0.b</Support>
    <Support>defs__initially_true~0.result</Support>
  </MinimalSupport>
</Results>
