<?xml version="1.0"?>
<Results xmlns:xsi="http://www.w3.org/2001/XMLSchema-instance">
  <MinimalSupport property="[__GUARANTEE7]">
    <Runtime unit="sec">43.752</Runtime>
    <Support>Microwave_SEng5861__Display_Control__Impl__update_digit~0.carry_in</Support>
    <Support>Microwave_SEng5861__Display_Control__Impl__update_digit~0.carry_out</Support>
    <Support>Microwave_SEng5861__Display_Control__Impl__update_digit~0.carry_value</Support>
    <Support>Microwave_SEng5861__Display_Control__Impl__update_digit~0.defs__is_cooking~0._outvar</Support>
    <Support>Microwave_SEng5861__Display_Control__Impl__update_digit~0.defs__is_cooking~0.m</Support>
    <Support>Microwave_SEng5861__Display_Control__Impl__update_digit~0.digit</Support>
    <Support>Microwave_SEng5861__Display_Control__Impl__update_digit~0.mode</Support>
    <Support>Microwave_SEng5861__Display_Control__Impl__update_digit~0.prev_at_zero</Support>
    <Support>Microwave_SEng5861__Display_Control__Impl__update_digit~1.carry_in</Support>
    <Support>Microwave_SEng5861__Display_Control__Impl__update_digit~1.carry_out</Support>
    <Support>Microwave_SEng5861__Display_Control__Impl__update_digit~1.carry_value</Support>
    <Support>Microwave_SEng5861__Display_Control__Impl__update_digit~1.defs__is_cooking~0._outvar</Support>
    <Support>Microwave_SEng5861__Display_Control__Impl__update_digit~1.defs__is_cooking~0.m</Support>
    <Support>Microwave_SEng5861__Display_Control__Impl__update_digit~1.digit</Support>
    <Support>Microwave_SEng5861__Display_Control__Impl__update_digit~1.mode</Support>
    <Support>Microwave_SEng5861__Display_Control__Impl__update_digit~1.prev_at_zero</Support>
    <Support>Microwave_SEng5861__Display_Control__Impl__update_digit~2.carry_in</Support>
    <Support>Microwave_SEng5861__Display_Control__Impl__update_digit~2.defs__is_cooking~0._outvar</Support>
    <Support>Microwave_SEng5861__Display_Control__Impl__update_digit~2.defs__is_cooking~0.m</Support>
    <Support>Microwave_SEng5861__Display_Control__Impl__update_digit~2.digit</Support>
    <Support>Microwave_SEng5861__Display_Control__Impl__update_digit~2.mode</Support>
    <Support>Microwave_SEng5861__Display_Control__Impl__update_digit~2.prev_at_zero</Support>
    <Support>__GUARANTEE7</Support>
    <Support>defs__is_cooking~0._outvar</Support>
    <Support>defs__is_cooking~0.m</Support>
  </MinimalSupport>
</Results>
