<?xml version="1.0"?>
<Results xmlns:xsi="http://www.w3.org/2001/XMLSchema-instance">
  <MinimalSupport property="[OK]">
    <Runtime unit="sec">29.011</Runtime>
    <Support>OK</Support>
    <Support>V69_exclusive</Support>
    <Support>V70_shared</Support>
    <Support>V71_shared_dirty</Support>
    <Support>V72_dirty</Support>
    <Support>V73_invalid</Support>
    <Support>V74_R1</Support>
    <Support>V75_R2</Support>
    <Support>V76_R3</Support>
    <Support>V77_R4</Support>
    <Support>V78_R5</Support>
    <Support>V79_R6</Support>
    <Support>V80_R7</Support>
    <Support>V81_R8</Support>
    <Support>V82_R9</Support>
    <Support>V83_R10</Support>
    <Support>V84_R11</Support>
    <Support>V85_R12</Support>
    <Support>V86_R13</Support>
    <Support>V87_R14</Support>
    <Support>V88_erreur</Support>
    <Support>V89_env</Support>
    <Support>V158_g01</Support>
    <Support>V159_g02</Support>
    <Support>V160_g03</Support>
    <Support>V161_g04</Support>
    <Support>V162_g05</Support>
    <Support>V163_g06</Support>
    <Support>V164_g07</Support>
    <Support>V165_g08</Support>
    <Support>V166_g09</Support>
    <Support>V167_g10</Support>
    <Support>V168_g11</Support>
    <Support>V169_g12</Support>
    <Support>V170_mem_init</Support>
    <Support>V191_X</Support>
    <Support>V203_First</Support>
    <Support>V210_First</Support>
    <Support>V217_First</Support>
    <Support>V224_First</Support>
    <Support>V231_First</Support>
  </MinimalSupport>
</Results>
