<?xml version="1.0"?>
<Results xmlns:xsi="http://www.w3.org/2001/XMLSchema-instance">
  <MinimalSupport property="[OK]">
    <Runtime unit="sec">15.778</Runtime>
    <Support>OK</Support>
    <Support>V69_exclusive</Support>
    <Support>V70_shared</Support>
    <Support>V71_shared_dirty</Support>
    <Support>V72_dirty</Support>
    <Support>V73_invalid</Support>
    <Support>V74_erreur</Support>
    <Support>V75_env</Support>
    <Support>V140_g01</Support>
    <Support>V142_g03</Support>
    <Support>V143_g04</Support>
    <Support>V144_g05</Support>
    <Support>V151_g12</Support>
    <Support>V152_mem_init</Support>
    <Support>V173_X</Support>
    <Support>V185_First</Support>
  </MinimalSupport>
</Results>
