<?xml version="1.0"?>
<Results xmlns:xsi="http://www.w3.org/2001/XMLSchema-instance">
  <MinimalSupport property="[OK]">
    <Runtime unit="sec">112.379</Runtime>
    <Support>OK</Support>
    <Support>V66_exclusive</Support>
    <Support>V67_shared</Support>
    <Support>V68_shared_dirty</Support>
    <Support>V69_dirty</Support>
    <Support>V72_env</Support>
    <Support>V132_g01</Support>
    <Support>V134_g03</Support>
    <Support>V135_g04</Support>
    <Support>V136_g05</Support>
    <Support>V138_g07</Support>
    <Support>V165_X</Support>
  </MinimalSupport>
</Results>
