<?xml version="1.0"?>
<Results xmlns:xsi="http://www.w3.org/2001/XMLSchema-instance">
  <MinimalSupport property="[OK]">
    <Runtime unit="sec">8.175</Runtime>
    <Support>OK</Support>
    <Support>V82_p1</Support>
    <Support>V83_p2</Support>
    <Support>V84_p3</Support>
    <Support>V85_p4</Support>
    <Support>V86_ccont</Support>
    <Support>V87_cca</Support>
    <Support>V389_ccall</Support>
    <Support>V390_ob</Support>
    <Support>V391_pnb</Support>
    <Support>~flatten0</Support>
    <Support>~flatten1</Support>
  </MinimalSupport>
</Results>
