<?xml version="1.0"?>
<Results xmlns:xsi="http://www.w3.org/2001/XMLSchema-instance">
  <MinimalSupport property="[OK]">
    <Runtime unit="sec">10.273</Runtime>
    <Support>OK</Support>
    <Support>V51_invalid</Support>
    <Support>V52_dirty</Support>
    <Support>V53_exclusive</Support>
    <Support>V54_shared</Support>
    <Support>V55_env</Support>
    <Support>V114_garde5</Support>
    <Support>V115_garde6</Support>
    <Support>V118_mem_invalid</Support>
    <Support>V137_X</Support>
    <Support>V151_First</Support>
  </MinimalSupport>
</Results>
