<?xml version="1.0"?>
<Results xmlns:xsi="http://www.w3.org/2001/XMLSchema-instance">
  <MinimalSupport property="[OK]">
    <Runtime unit="sec">9.164</Runtime>
    <Support>OK</Support>
    <Support>V48_invalid</Support>
    <Support>V52_env</Support>
    <Support>V103_garde1</Support>
    <Support>V104_garde2</Support>
    <Support>V105_garde3</Support>
    <Support>V108_garde6</Support>
    <Support>V109_garde7</Support>
    <Support>V110_garde8</Support>
    <Support>V111_mem_invalid</Support>
    <Support>V130_X</Support>
  </MinimalSupport>
</Results>
