<?xml version="1.0"?>
<Results xmlns:xsi="http://www.w3.org/2001/XMLSchema-instance">
  <MinimalSupport property="[OK]">
    <Runtime unit="sec">13.784</Runtime>
    <Support>OK</Support>
    <Support>V51_invalid</Support>
    <Support>V52_dirty</Support>
    <Support>V53_exclusive</Support>
    <Support>V54_shared</Support>
    <Support>V55_R5</Support>
    <Support>V56_RT</Support>
    <Support>V57_procs</Support>
    <Support>V58_env</Support>
    <Support>V114_garde2</Support>
    <Support>V115_garde3</Support>
    <Support>V116_garde4</Support>
    <Support>V117_garde5</Support>
    <Support>V119_garde7</Support>
    <Support>V120_garde8</Support>
    <Support>V121_mem_invalid</Support>
    <Support>V140_X</Support>
  </MinimalSupport>
</Results>
