<?xml version="1.0"?>
<Results xmlns:xsi="http://www.w3.org/2001/XMLSchema-instance">
  <MinimalSupport property="[OK]">
    <Runtime unit="sec">42.681</Runtime>
    <Support>OK</Support>
    <Support>V51_invalid</Support>
    <Support>V52_dirty</Support>
    <Support>V53_exclusive</Support>
    <Support>V54_shared</Support>
    <Support>V55_env</Support>
    <Support>V56_procs</Support>
    <Support>V113_garde2</Support>
    <Support>V114_garde3</Support>
    <Support>V115_garde4</Support>
    <Support>V116_garde5</Support>
    <Support>V118_garde7</Support>
    <Support>V119_garde8</Support>
    <Support>V120_mem_invalid</Support>
    <Support>V139_X</Support>
  </MinimalSupport>
</Results>
