<?xml version="1.0"?>
<Results xmlns:xsi="http://www.w3.org/2001/XMLSchema-instance">
  <MinimalSupport property="[OK]">
    <Runtime unit="sec">13.104</Runtime>
    <Support>OK</Support>
    <Support>V51_invalid</Support>
    <Support>V52_dirty</Support>
    <Support>V53_exclusive</Support>
    <Support>V54_shared</Support>
    <Support>V55_R4</Support>
    <Support>V56_A1</Support>
    <Support>V57_A2</Support>
    <Support>V58_A3</Support>
    <Support>V59_procs</Support>
    <Support>V60_env</Support>
    <Support>V116_garde2</Support>
    <Support>V118_garde4</Support>
    <Support>V119_garde5</Support>
    <Support>V121_garde7</Support>
    <Support>V122_garde8</Support>
    <Support>V123_mem_invalid</Support>
    <Support>V142_X</Support>
  </MinimalSupport>
</Results>
