<?xml version="1.0"?>
<Results xmlns:xsi="http://www.w3.org/2001/XMLSchema-instance">
  <MinimalSupport property="[OK]">
    <Runtime unit="sec">20.41</Runtime>
    <Support>OK</Support>
    <Support>V49_dirty</Support>
    <Support>V50_exclusive</Support>
    <Support>V51_shared</Support>
    <Support>V52_RT</Support>
    <Support>V53_A1</Support>
    <Support>V54_A2</Support>
    <Support>V55_env</Support>
    <Support>V106_garde1</Support>
    <Support>V107_garde2</Support>
    <Support>V109_garde4</Support>
    <Support>V110_garde5</Support>
    <Support>V111_garde6</Support>
    <Support>V112_garde7</Support>
    <Support>V113_garde8</Support>
    <Support>V132_X</Support>
  </MinimalSupport>
</Results>
