<?xml version="1.0"?>
<Results xmlns:xsi="http://www.w3.org/2001/XMLSchema-instance">
  <MinimalSupport property="[OK]">
    <Runtime unit="sec">30.326</Runtime>
    <Support>OK</Support>
    <Support>V49_dirty</Support>
    <Support>V50_exclusive</Support>
    <Support>V51_shared</Support>
    <Support>V52_env</Support>
    <Support>V102_garde1</Support>
    <Support>V104_garde3</Support>
    <Support>V105_garde4</Support>
    <Support>V106_garde5</Support>
    <Support>V107_garde6</Support>
    <Support>V109_garde8</Support>
    <Support>V129_X</Support>
  </MinimalSupport>
</Results>
