<?xml version="1.0"?>
<Results xmlns:xsi="http://www.w3.org/2001/XMLSchema-instance">
  <MinimalSupport property="[__GUARANTEE32]">
    <Runtime unit="sec">2869.701</Runtime>
    <Support>DEFS__is_active~0._outvar</Support>
    <Support>DEFS__is_active~0.mode</Support>
    <Support>_TOP__ASSERT__10</Support>
    <Support>_TOP__ASSERT__42</Support>
    <Support>_TOP__IM~0.CONFIG_IN.Infusion_Total_Duration</Support>
    <Support>_TOP__IM~0.CONFIG_IN.VTBI_Total</Support>
    <Support>_TOP__IM~0.DEFS__is_active~0._outvar</Support>
    <Support>_TOP__IM~0.DEFS__is_active~0.mode</Support>
    <Support>_TOP__IM~0.IM_OUT.Actual_Infusion_Duration</Support>
    <Support>_TOP__IM~0.IM_OUT.Current_System_Mode</Support>
    <Support>_TOP__IM~0.OP_CMD_IN.Infusion_Inhibit</Support>
    <Support>_TOP__IM~0.SYS_STAT_IN.Volume_Infused</Support>
    <Support>_TOP__IM~0.TLM_MODE_IN.System_On</Support>
    <Support>_TOP__IM~0.__ASSERT</Support>
    <Support>_TOP__IM~0.__ASSUME__CONJ</Support>
    <Support>_TOP__IM~0.__ASSUME__HIST</Support>
    <Support>_TOP__IM~0.__IM__ASSERT__17</Support>
    <Support>_TOP__IM~0.__IM__PROP__15</Support>
    <Support>_TOP__OUTPUT~0.CONFIG_IN.Infusion_Total_Duration</Support>
    <Support>_TOP__OUTPUT~0.CONFIG_IN.VTBI_Total</Support>
    <Support>_TOP__OUTPUT~0.GPCA_SW_OUT.Actual_Infusion_Duration</Support>
    <Support>_TOP__OUTPUT~0.GPCA_SW_OUT.Current_System_Mode</Support>
    <Support>_TOP__OUTPUT~0.GPCA_SW_OUT.Infusion_Total_Duration</Support>
    <Support>_TOP__OUTPUT~0.GPCA_SW_OUT.VTBI_Total</Support>
    <Support>_TOP__OUTPUT~0.GPCA_SW_OUT.Volume_Infused</Support>
    <Support>_TOP__OUTPUT~0.IM_IN.Actual_Infusion_Duration</Support>
    <Support>_TOP__OUTPUT~0.IM_IN.Current_System_Mode</Support>
    <Support>_TOP__OUTPUT~0.SYS_STAT_IN.Volume_Infused</Support>
    <Support>_TOP__OUTPUT~0.__ASSERT</Support>
    <Support>_TOP__OUTPUT~0.__ASSUME__CONJ</Support>
    <Support>_TOP__OUTPUT~0.__ASSUME__HIST</Support>
    <Support>_TOP__OUTPUT~0.__OUTPUT__PROP__1</Support>
    <Support>_TOP__OUTPUT~0.__OUTPUT__PROP__9</Support>
    <Support>_TOP__OUTPUT~0.__OUTPUT__PROP__10</Support>
    <Support>_TOP__OUTPUT~0.__OUTPUT__PROP__27</Support>
    <Support>_TOP__OUTPUT~0.__OUTPUT__PROP__28</Support>
    <Support>_TOP__TLM~0.OP_CMD_IN.System_Start</Support>
    <Support>_TOP__TLM~0.TLM_MODE_OUT.System_On</Support>
    <Support>_TOP__TLM~0.__ASSERT</Support>
    <Support>_TOP__TLM~0.__ASSUME__CONJ</Support>
    <Support>_TOP__TLM~0.__ASSUME__HIST</Support>
    <Support>_TOP__TLM~0.__TLM__ASSERT__0</Support>
    <Support>_TOP__TLM~0.__TLM__PROP__0</Support>
    <Support>__GUARANTEE32</Support>
  </MinimalSupport>
</Results>
