<?xml version="1.0"?>
<Results xmlns:xsi="http://www.w3.org/2001/XMLSchema-instance">
  <MinimalSupport property="[__GUARANTEE52]">
    <Runtime unit="sec">3377.393</Runtime>
    <Support>_TOP__ALARM~0.ALARM_OUT.Notification_Message</Support>
    <Support>_TOP__ALARM~0.CONST_IN.Max_Paused_Duration</Support>
    <Support>_TOP__ALARM~0.IM_IN.Current_System_Mode</Support>
    <Support>_TOP__ALARM~0.__ALARM__ASSERT__10</Support>
    <Support>_TOP__ALARM~0.__ALARM__ASSERT__41</Support>
    <Support>_TOP__ALARM~0.__ALARM__PROP__27</Support>
    <Support>_TOP__ALARM~0.__ASSERT</Support>
    <Support>_TOP__ALARM~0.__ASSUME__CONJ</Support>
    <Support>_TOP__ALARM~0.__ASSUME__HIST</Support>
    <Support>_TOP__ASSERT__5</Support>
    <Support>_TOP__ASSERT__62</Support>
    <Support>_TOP__OUTPUT~0.ALARM_IN.Notification_Message</Support>
    <Support>_TOP__OUTPUT~0.GPCA_SW_OUT.Current_System_Mode</Support>
    <Support>_TOP__OUTPUT~0.GPCA_SW_OUT.Notification_Message</Support>
    <Support>_TOP__OUTPUT~0.IM_IN.Current_System_Mode</Support>
    <Support>_TOP__OUTPUT~0.__ASSERT</Support>
    <Support>_TOP__OUTPUT~0.__ASSUME__CONJ</Support>
    <Support>_TOP__OUTPUT~0.__ASSUME__HIST</Support>
    <Support>_TOP__OUTPUT~0.__OUTPUT__PROP__4</Support>
    <Support>_TOP__OUTPUT~0.__OUTPUT__PROP__27</Support>
    <Support>__GUARANTEE52</Support>
  </MinimalSupport>
</Results>
