<?xml version="1.0"?>
<Results xmlns:xsi="http://www.w3.org/2001/XMLSchema-instance">
  <MinimalSupport property="[__GUARANTEE53]">
    <Runtime unit="sec">2614.828</Runtime>
    <Support>_TOP__ALARM~0.ALARM_OUT.Notification_Message</Support>
    <Support>_TOP__ALARM~0.CONFIG_IN.Configured</Support>
    <Support>_TOP__ALARM~0.CONST_IN.Config_Warning_Duration</Support>
    <Support>_TOP__ALARM~0.__ALARM__ASSERT__12</Support>
    <Support>_TOP__ALARM~0.__ALARM__ASSERT__42</Support>
    <Support>_TOP__ALARM~0.__ALARM__PROP__28</Support>
    <Support>_TOP__ALARM~0.__ASSERT</Support>
    <Support>_TOP__ALARM~0.__ASSUME__CONJ</Support>
    <Support>_TOP__ALARM~0.__ASSUME__HIST</Support>
    <Support>_TOP__ASSERT__7</Support>
    <Support>_TOP__ASSERT__63</Support>
    <Support>_TOP__OUTPUT~0.ALARM_IN.Notification_Message</Support>
    <Support>_TOP__OUTPUT~0.CONFIG_IN.Configured</Support>
    <Support>_TOP__OUTPUT~0.GPCA_SW_OUT.Configured</Support>
    <Support>_TOP__OUTPUT~0.GPCA_SW_OUT.Notification_Message</Support>
    <Support>_TOP__OUTPUT~0.__ASSERT</Support>
    <Support>_TOP__OUTPUT~0.__ASSUME__CONJ</Support>
    <Support>_TOP__OUTPUT~0.__ASSUME__HIST</Support>
    <Support>_TOP__OUTPUT~0.__OUTPUT__PROP__4</Support>
    <Support>_TOP__OUTPUT~0.__OUTPUT__PROP__21</Support>
    <Support>__GUARANTEE53</Support>
  </MinimalSupport>
</Results>
