<?xml version="1.0"?>
<Results xmlns:xsi="http://www.w3.org/2001/XMLSchema-instance">
  <MinimalSupport property="[__GUARANTEE1]">
    <Runtime unit="sec">3924.398</Runtime>
    <Support>_TOP__ALARM~0.CONFIG_IN.Configured</Support>
    <Support>_TOP__ALARM~0.Config_Timer</Support>
    <Support>_TOP__ALARM~0.__ALARM__ASSERT__12</Support>
    <Support>_TOP__ALARM~0.__ASSERT</Support>
    <Support>_TOP__ASSERT__7</Support>
    <Support>_TOP__OUTPUT~0.CONFIG_IN.Configured</Support>
    <Support>_TOP__OUTPUT~0.GPCA_SW_OUT.Configured</Support>
    <Support>_TOP__OUTPUT~0.__ASSERT</Support>
    <Support>_TOP__OUTPUT~0.__ASSUME__CONJ</Support>
    <Support>_TOP__OUTPUT~0.__ASSUME__HIST</Support>
    <Support>_TOP__OUTPUT~0.__OUTPUT__PROP__21</Support>
    <Support>__GUARANTEE1</Support>
  </MinimalSupport>
</Results>
