<?xml version="1.0"?>
<Results xmlns:xsi="http://www.w3.org/2001/XMLSchema-instance">
  <MinimalSupport property="[__GUARANTEE38]">
    <Runtime unit="sec">2018.865</Runtime>
    <Support>_TOP__ALARM~0.ALARM_OUT.Notification_Message</Support>
    <Support>_TOP__ALARM~0.SENSOR_IN.Air_Pressure</Support>
    <Support>_TOP__ALARM~0.SENSOR_IN.Humidity</Support>
    <Support>_TOP__ALARM~0.SENSOR_IN.Temp</Support>
    <Support>_TOP__ALARM~0.__ALARM__ASSERT__27</Support>
    <Support>_TOP__ALARM~0.__ALARM__PROP__13</Support>
    <Support>_TOP__ALARM~0.__ASSERT</Support>
    <Support>_TOP__ALARM~0.__ASSUME__CONJ</Support>
    <Support>_TOP__ALARM~0.__ASSUME__HIST</Support>
    <Support>_TOP__ASSERT__48</Support>
    <Support>_TOP__OUTPUT~0.ALARM_IN.Notification_Message</Support>
    <Support>_TOP__OUTPUT~0.GPCA_SW_OUT.Notification_Message</Support>
    <Support>_TOP__OUTPUT~0.__ASSERT</Support>
    <Support>_TOP__OUTPUT~0.__ASSUME__CONJ</Support>
    <Support>_TOP__OUTPUT~0.__ASSUME__HIST</Support>
    <Support>_TOP__OUTPUT~0.__OUTPUT__PROP__4</Support>
    <Support>__GUARANTEE38</Support>
  </MinimalSupport>
</Results>
