<?xml version="1.0"?>
<Results xmlns:xsi="http://www.w3.org/2001/XMLSchema-instance">
  <MinimalSupport property="[__GUARANTEE46]">
    <Runtime unit="sec">3720.706</Runtime>
    <Support>DEFS__Is_Infusion_above_tolerance~0.actual_flow_rate</Support>
    <Support>DEFS__Is_Infusion_above_tolerance~0.desired_flow_rate</Support>
    <Support>DEFS__Is_Infusion_above_tolerance~0.over</Support>
    <Support>DEFS__Is_Infusion_above_tolerance~0.tol</Support>
    <Support>DEFS__Is_Infusion_above_tolerance~1.actual_flow_rate</Support>
    <Support>DEFS__Is_Infusion_above_tolerance~1.desired_flow_rate</Support>
    <Support>DEFS__Is_Infusion_above_tolerance~1.over</Support>
    <Support>DEFS__Is_Infusion_above_tolerance~1.tol</Support>
    <Support>DEFS__is_therapy~0._outvar</Support>
    <Support>DEFS__is_therapy~0.mode</Support>
    <Support>_TOP__ALARM~0.ALARM_OUT.Notification_Message</Support>
    <Support>_TOP__ALARM~0.CONST_IN.Low_Reservoir</Support>
    <Support>_TOP__ALARM~0.CONST_IN.Max_Duration_Over_Infusion</Support>
    <Support>_TOP__ALARM~0.CONST_IN.Tolerance_Max</Support>
    <Support>_TOP__ALARM~0.CONST_IN.Tolerance_Min</Support>
    <Support>_TOP__ALARM~0.DB_IN.Flow_Rate_High</Support>
    <Support>_TOP__ALARM~0.DB_IN.VTBI_High</Support>
    <Support>_TOP__ALARM~0.DEFS__Is_Infusion_above_tolerance~0.actual_flow_rate</Support>
    <Support>_TOP__ALARM~0.DEFS__Is_Infusion_above_tolerance~0.desired_flow_rate</Support>
    <Support>_TOP__ALARM~0.DEFS__Is_Infusion_above_tolerance~0.over</Support>
    <Support>_TOP__ALARM~0.DEFS__Is_Infusion_above_tolerance~0.tol</Support>
    <Support>_TOP__ALARM~0.DEFS__Is_Infusion_above_tolerance~1.actual_flow_rate</Support>
    <Support>_TOP__ALARM~0.DEFS__Is_Infusion_above_tolerance~1.desired_flow_rate</Support>
    <Support>_TOP__ALARM~0.DEFS__Is_Infusion_above_tolerance~1.over</Support>
    <Support>_TOP__ALARM~0.DEFS__Is_Infusion_above_tolerance~1.tol</Support>
    <Support>_TOP__ALARM~0.IM_IN.Commanded_Flow_Rate</Support>
    <Support>_TOP__ALARM~0.SENSOR_IN.Air_In_Line</Support>
    <Support>_TOP__ALARM~0.SENSOR_IN.Air_Pressure</Support>
    <Support>_TOP__ALARM~0.SENSOR_IN.Battery_Depleted</Support>
    <Support>_TOP__ALARM~0.SENSOR_IN.CPU_Error</Support>
    <Support>_TOP__ALARM~0.SENSOR_IN.Door_Open</Support>
    <Support>_TOP__ALARM~0.SENSOR_IN.Flow_Rate</Support>
    <Support>_TOP__ALARM~0.SENSOR_IN.Humidity</Support>
    <Support>_TOP__ALARM~0.SENSOR_IN.Memory_Corrupted</Support>
    <Support>_TOP__ALARM~0.SENSOR_IN.Occlusion</Support>
    <Support>_TOP__ALARM~0.SENSOR_IN.Pump_Too_Hot</Support>
    <Support>_TOP__ALARM~0.SENSOR_IN.RTC_Error</Support>
    <Support>_TOP__ALARM~0.SENSOR_IN.Temp</Support>
    <Support>_TOP__ALARM~0.SENSOR_IN.Watchdog_Interrupted</Support>
    <Support>_TOP__ALARM~0.SYS_STAT_IN.In_Therapy</Support>
    <Support>_TOP__ALARM~0.SYS_STAT_IN.Reservoir_Empty</Support>
    <Support>_TOP__ALARM~0.SYS_STAT_IN.Reservoir_Volume</Support>
    <Support>_TOP__ALARM~0.SYS_STAT_IN.Volume_Infused</Support>
    <Support>_TOP__ALARM~0.TLM_MODE_IN.System_On</Support>
    <Support>_TOP__ALARM~0.__ALARM__ASSERT__1</Support>
    <Support>_TOP__ALARM~0.__ALARM__ASSERT__2</Support>
    <Support>_TOP__ALARM~0.__ALARM__ASSERT__3</Support>
    <Support>_TOP__ALARM~0.__ALARM__ASSERT__4</Support>
    <Support>_TOP__ALARM~0.__ALARM__ASSERT__5</Support>
    <Support>_TOP__ALARM~0.__ALARM__ASSERT__6</Support>
    <Support>_TOP__ALARM~0.__ALARM__ASSERT__17</Support>
    <Support>_TOP__ALARM~0.__ALARM__ASSERT__35</Support>
    <Support>_TOP__ALARM~0.__ALARM__PROP__3</Support>
    <Support>_TOP__ALARM~0.__ALARM__PROP__21</Support>
    <Support>_TOP__ALARM~0.__ASSERT</Support>
    <Support>_TOP__ALARM~0.__ASSUME__CONJ</Support>
    <Support>_TOP__ALARM~0.__ASSUME__HIST</Support>
    <Support>_TOP__ASSERT__3</Support>
    <Support>_TOP__ASSERT__4</Support>
    <Support>_TOP__ASSERT__9</Support>
    <Support>_TOP__ASSERT__11</Support>
    <Support>_TOP__ASSERT__12</Support>
    <Support>_TOP__ASSERT__13</Support>
    <Support>_TOP__ASSERT__56</Support>
    <Support>_TOP__OUTPUT~0.ALARM_IN.Notification_Message</Support>
    <Support>_TOP__OUTPUT~0.GPCA_SW_OUT.Commanded_Flow_Rate</Support>
    <Support>_TOP__OUTPUT~0.GPCA_SW_OUT.Current_System_Mode</Support>
    <Support>_TOP__OUTPUT~0.GPCA_SW_OUT.Notification_Message</Support>
    <Support>_TOP__OUTPUT~0.GPCA_SW_OUT.Reservoir_Volume</Support>
    <Support>_TOP__OUTPUT~0.GPCA_SW_OUT.Volume_Infused</Support>
    <Support>_TOP__OUTPUT~0.IM_IN.Commanded_Flow_Rate</Support>
    <Support>_TOP__OUTPUT~0.IM_IN.Current_System_Mode</Support>
    <Support>_TOP__OUTPUT~0.SYS_STAT_IN.Reservoir_Volume</Support>
    <Support>_TOP__OUTPUT~0.SYS_STAT_IN.Volume_Infused</Support>
    <Support>_TOP__OUTPUT~0.__ASSERT</Support>
    <Support>_TOP__OUTPUT~0.__ASSUME__CONJ</Support>
    <Support>_TOP__OUTPUT~0.__ASSUME__HIST</Support>
    <Support>_TOP__OUTPUT~0.__OUTPUT__PROP__1</Support>
    <Support>_TOP__OUTPUT~0.__OUTPUT__PROP__2</Support>
    <Support>_TOP__OUTPUT~0.__OUTPUT__PROP__4</Support>
    <Support>_TOP__OUTPUT~0.__OUTPUT__PROP__27</Support>
    <Support>_TOP__OUTPUT~0.__OUTPUT__PROP__29</Support>
    <Support>_TOP__SYS_STAT~0.CONST_IN.Empty_Reservoir</Support>
    <Support>_TOP__SYS_STAT~0.IM_IN.Current_System_Mode</Support>
    <Support>_TOP__SYS_STAT~0.SYS_STAT_OUT.In_Therapy</Support>
    <Support>_TOP__SYS_STAT~0.SYS_STAT_OUT.Reservoir_Empty</Support>
    <Support>_TOP__SYS_STAT~0.SYS_STAT_OUT.Reservoir_Volume</Support>
    <Support>_TOP__SYS_STAT~0.TLM_MODE_IN.System_On</Support>
    <Support>_TOP__SYS_STAT~0.__ASSERT</Support>
    <Support>_TOP__SYS_STAT~0.__ASSUME__CONJ</Support>
    <Support>_TOP__SYS_STAT~0.__ASSUME__HIST</Support>
    <Support>_TOP__SYS_STAT~0.__SYS_STAT__ASSERT__1</Support>
    <Support>_TOP__SYS_STAT~0.__SYS_STAT__ASSERT__2</Support>
    <Support>_TOP__SYS_STAT~0.__SYS_STAT__PROP__1</Support>
    <Support>_TOP__SYS_STAT~0.__SYS_STAT__PROP__2</Support>
    <Support>_TOP__TLM~0.OP_CMD_IN.System_Start</Support>
    <Support>_TOP__TLM~0.TLM_MODE_OUT.System_On</Support>
    <Support>_TOP__TLM~0.__ASSERT</Support>
    <Support>_TOP__TLM~0.__ASSUME__CONJ</Support>
    <Support>_TOP__TLM~0.__ASSUME__HIST</Support>
    <Support>_TOP__TLM~0.__TLM__ASSERT__0</Support>
    <Support>_TOP__TLM~0.__TLM__PROP__0</Support>
    <Support>__GUARANTEE46</Support>
  </MinimalSupport>
</Results>
