<?xml version="1.0"?>
<Results xmlns:xsi="http://www.w3.org/2001/XMLSchema-instance">
  <MinimalSupport property="[__GUARANTEE41]">
    <Runtime unit="sec">2833.151</Runtime>
    <Support>DEFS__Is_Infusion_above_tolerance~0.actual_flow_rate</Support>
    <Support>DEFS__Is_Infusion_above_tolerance~0.desired_flow_rate</Support>
    <Support>DEFS__Is_Infusion_above_tolerance~0.over</Support>
    <Support>DEFS__Is_Infusion_above_tolerance~0.tol</Support>
    <Support>DEFS__Is_Infusion_above_tolerance~1.actual_flow_rate</Support>
    <Support>DEFS__Is_Infusion_above_tolerance~1.desired_flow_rate</Support>
    <Support>DEFS__Is_Infusion_above_tolerance~1.over</Support>
    <Support>DEFS__Is_Infusion_above_tolerance~1.tol</Support>
    <Support>_TOP__ALARM~0.ALARM_OUT.Notification_Message</Support>
    <Support>_TOP__ALARM~0.CONST_IN.Max_Duration_Over_Infusion</Support>
    <Support>_TOP__ALARM~0.CONST_IN.Tolerance_Max</Support>
    <Support>_TOP__ALARM~0.CONST_IN.Tolerance_Min</Support>
    <Support>_TOP__ALARM~0.DB_IN.Flow_Rate_High</Support>
    <Support>_TOP__ALARM~0.DEFS__Is_Infusion_above_tolerance~0.actual_flow_rate</Support>
    <Support>_TOP__ALARM~0.DEFS__Is_Infusion_above_tolerance~0.desired_flow_rate</Support>
    <Support>_TOP__ALARM~0.DEFS__Is_Infusion_above_tolerance~0.over</Support>
    <Support>_TOP__ALARM~0.DEFS__Is_Infusion_above_tolerance~0.tol</Support>
    <Support>_TOP__ALARM~0.DEFS__Is_Infusion_above_tolerance~1.actual_flow_rate</Support>
    <Support>_TOP__ALARM~0.DEFS__Is_Infusion_above_tolerance~1.desired_flow_rate</Support>
    <Support>_TOP__ALARM~0.DEFS__Is_Infusion_above_tolerance~1.over</Support>
    <Support>_TOP__ALARM~0.DEFS__Is_Infusion_above_tolerance~1.tol</Support>
    <Support>_TOP__ALARM~0.IM_IN.Commanded_Flow_Rate</Support>
    <Support>_TOP__ALARM~0.SENSOR_IN.Flow_Rate</Support>
    <Support>_TOP__ALARM~0.__ALARM__ASSERT__2</Support>
    <Support>_TOP__ALARM~0.__ALARM__ASSERT__3</Support>
    <Support>_TOP__ALARM~0.__ALARM__ASSERT__30</Support>
    <Support>_TOP__ALARM~0.__ALARM__PROP__16</Support>
    <Support>_TOP__ALARM~0.__ASSERT</Support>
    <Support>_TOP__ALARM~0.__ASSUME__CONJ</Support>
    <Support>_TOP__ALARM~0.__ASSUME__HIST</Support>
    <Support>_TOP__ASSERT__3</Support>
    <Support>_TOP__ASSERT__4</Support>
    <Support>_TOP__ASSERT__51</Support>
    <Support>_TOP__OUTPUT~0.ALARM_IN.Notification_Message</Support>
    <Support>_TOP__OUTPUT~0.GPCA_SW_OUT.Commanded_Flow_Rate</Support>
    <Support>_TOP__OUTPUT~0.GPCA_SW_OUT.Notification_Message</Support>
    <Support>_TOP__OUTPUT~0.IM_IN.Commanded_Flow_Rate</Support>
    <Support>_TOP__OUTPUT~0.__ASSERT</Support>
    <Support>_TOP__OUTPUT~0.__ASSUME__CONJ</Support>
    <Support>_TOP__OUTPUT~0.__ASSUME__HIST</Support>
    <Support>_TOP__OUTPUT~0.__OUTPUT__PROP__4</Support>
    <Support>_TOP__OUTPUT~0.__OUTPUT__PROP__29</Support>
    <Support>__GUARANTEE41</Support>
  </MinimalSupport>
</Results>
