<?xml version="1.0"?>
<Results xmlns:xsi="http://www.w3.org/2001/XMLSchema-instance">
  <MinimalSupport property="[__GUARANTEE59]">
    <Runtime unit="sec">2365.746</Runtime>
    <Support>_TOP__ASSERT__69</Support>
    <Support>_TOP__CONFIG~0.CONFIG_OUT.Configured</Support>
    <Support>_TOP__CONFIG~0.CONFIG_OUT.Request_Patient_Drug_Info</Support>
    <Support>_TOP__CONFIG~0.DB_IN.Flow_Rate_High</Support>
    <Support>_TOP__CONFIG~0.DB_IN.Flow_Rate_Low</Support>
    <Support>_TOP__CONFIG~0.DB_IN.Number_Max_Patient_Bolus</Support>
    <Support>_TOP__CONFIG~0.DB_IN.VTBI_High</Support>
    <Support>_TOP__CONFIG~0.DB_IN.VTBI_Low</Support>
    <Support>_TOP__CONFIG~0.PRES_IN.Duration_Intermittent_Bolus</Support>
    <Support>_TOP__CONFIG~0.PRES_IN.Flow_Rate_Basal</Support>
    <Support>_TOP__CONFIG~0.PRES_IN.Flow_Rate_Intermittent_Bolus</Support>
    <Support>_TOP__CONFIG~0.PRES_IN.Flow_Rate_Patient_Bolus</Support>
    <Support>_TOP__CONFIG~0.PRES_IN.Interval_Intermittent_Bolus</Support>
    <Support>_TOP__CONFIG~0.PRES_IN.Max_Number_of_Patient_Bolus</Support>
    <Support>_TOP__CONFIG~0.PRES_IN.VTBI_Total</Support>
    <Support>_TOP__CONFIG~0.__ASSERT</Support>
    <Support>_TOP__CONFIG~0.__ASSUME__CONJ</Support>
    <Support>_TOP__CONFIG~0.__ASSUME__HIST</Support>
    <Support>_TOP__CONFIG~0.__CONFIG__ASSERT__6</Support>
    <Support>_TOP__CONFIG~0.__CONFIG__PROP__6</Support>
    <Support>_TOP__OUTPUT~0.CONFIG_IN.Configured</Support>
    <Support>_TOP__OUTPUT~0.CONFIG_IN.Request_Patient_Drug_Info</Support>
    <Support>_TOP__OUTPUT~0.GPCA_SW_OUT.Configured</Support>
    <Support>_TOP__OUTPUT~0.GPCA_SW_OUT.Request_Patient_Drug_Info</Support>
    <Support>_TOP__OUTPUT~0.__ASSERT</Support>
    <Support>_TOP__OUTPUT~0.__ASSUME__CONJ</Support>
    <Support>_TOP__OUTPUT~0.__ASSUME__HIST</Support>
    <Support>_TOP__OUTPUT~0.__OUTPUT__PROP__21</Support>
    <Support>_TOP__OUTPUT~0.__OUTPUT__PROP__25</Support>
    <Support>__GUARANTEE59</Support>
  </MinimalSupport>
</Results>
