<?xml version="1.0"?>
<Results xmlns:xsi="http://www.w3.org/2001/XMLSchema-instance">
  <MinimalSupport property="[__GUARANTEE33]">
    <Runtime unit="sec">2641.156</Runtime>
    <Support>DEFS__is_active~0._outvar</Support>
    <Support>DEFS__is_active~0.mode</Support>
    <Support>_TOP__ASSERT__10</Support>
    <Support>_TOP__ASSERT__43</Support>
    <Support>_TOP__IM~0.CONFIG_IN.Configured</Support>
    <Support>_TOP__IM~0.DEFS__is_active~0._outvar</Support>
    <Support>_TOP__IM~0.DEFS__is_active~0.mode</Support>
    <Support>_TOP__IM~0.IM_OUT.Current_System_Mode</Support>
    <Support>_TOP__IM~0.OP_CMD_IN.Infusion_Inhibit</Support>
    <Support>_TOP__IM~0.TLM_MODE_IN.System_On</Support>
    <Support>_TOP__IM~0.__ASSERT</Support>
    <Support>_TOP__IM~0.__ASSUME__CONJ</Support>
    <Support>_TOP__IM~0.__ASSUME__HIST</Support>
    <Support>_TOP__IM~0.__IM__ASSERT__18</Support>
    <Support>_TOP__IM~0.__IM__PROP__16</Support>
    <Support>_TOP__OUTPUT~0.CONFIG_IN.Configured</Support>
    <Support>_TOP__OUTPUT~0.GPCA_SW_OUT.Configured</Support>
    <Support>_TOP__OUTPUT~0.GPCA_SW_OUT.Current_System_Mode</Support>
    <Support>_TOP__OUTPUT~0.IM_IN.Current_System_Mode</Support>
    <Support>_TOP__OUTPUT~0.__ASSERT</Support>
    <Support>_TOP__OUTPUT~0.__ASSUME__CONJ</Support>
    <Support>_TOP__OUTPUT~0.__ASSUME__HIST</Support>
    <Support>_TOP__OUTPUT~0.__OUTPUT__PROP__21</Support>
    <Support>_TOP__OUTPUT~0.__OUTPUT__PROP__27</Support>
    <Support>_TOP__TLM~0.OP_CMD_IN.System_Start</Support>
    <Support>_TOP__TLM~0.TLM_MODE_OUT.System_On</Support>
    <Support>_TOP__TLM~0.__ASSERT</Support>
    <Support>_TOP__TLM~0.__ASSUME__CONJ</Support>
    <Support>_TOP__TLM~0.__ASSUME__HIST</Support>
    <Support>_TOP__TLM~0.__TLM__ASSERT__0</Support>
    <Support>_TOP__TLM~0.__TLM__PROP__0</Support>
    <Support>__GUARANTEE33</Support>
  </MinimalSupport>
</Results>
