<?xml version="1.0"?>
<Results xmlns:xsi="http://www.w3.org/2001/XMLSchema-instance">
  <MinimalSupport property="[__GUARANTEE39]">
    <Runtime unit="sec">2061.489</Runtime>
    <Support>_TOP__ALARM~0.ALARM_OUT.Notification_Message</Support>
    <Support>_TOP__ALARM~0.SENSOR_IN.Battery_Depleted</Support>
    <Support>_TOP__ALARM~0.SENSOR_IN.CPU_Error</Support>
    <Support>_TOP__ALARM~0.SENSOR_IN.Memory_Corrupted</Support>
    <Support>_TOP__ALARM~0.SENSOR_IN.Pump_Too_Hot</Support>
    <Support>_TOP__ALARM~0.SENSOR_IN.RTC_Error</Support>
    <Support>_TOP__ALARM~0.SENSOR_IN.Watchdog_Interrupted</Support>
    <Support>_TOP__ALARM~0.__ALARM__ASSERT__28</Support>
    <Support>_TOP__ALARM~0.__ALARM__PROP__14</Support>
    <Support>_TOP__ALARM~0.__ASSERT</Support>
    <Support>_TOP__ALARM~0.__ASSUME__CONJ</Support>
    <Support>_TOP__ALARM~0.__ASSUME__HIST</Support>
    <Support>_TOP__ASSERT__49</Support>
    <Support>_TOP__OUTPUT~0.ALARM_IN.Notification_Message</Support>
    <Support>_TOP__OUTPUT~0.GPCA_SW_OUT.Notification_Message</Support>
    <Support>_TOP__OUTPUT~0.__ASSERT</Support>
    <Support>_TOP__OUTPUT~0.__ASSUME__CONJ</Support>
    <Support>_TOP__OUTPUT~0.__ASSUME__HIST</Support>
    <Support>_TOP__OUTPUT~0.__OUTPUT__PROP__4</Support>
    <Support>__GUARANTEE39</Support>
  </MinimalSupport>
</Results>
