<?xml version="1.0"?>
<Results xmlns:xsi="http://www.w3.org/2001/XMLSchema-instance">
  <MinimalSupport property="[__GUARANTEE58]">
    <Runtime unit="sec">2266.785</Runtime>
    <Support>_TOP__ASSERT__68</Support>
    <Support>_TOP__CONFIG~0.CONFIG_OUT.Configured</Support>
    <Support>_TOP__CONFIG~0.CONFIG_OUT.Error_Message_ID</Support>
    <Support>_TOP__CONFIG~0.CONFIG_OUT.Request_Patient_Drug_Info</Support>
    <Support>_TOP__CONFIG~0.CONST_IN.Empty_Reservoir</Support>
    <Support>_TOP__CONFIG~0.DB_IN.Drug_Concentration_High</Support>
    <Support>_TOP__CONFIG~0.DB_IN.Drug_Concentration_Low</Support>
    <Support>_TOP__CONFIG~0.PRES_IN.Drug_Concentration</Support>
    <Support>_TOP__CONFIG~0.PRES_IN.Drug_Name</Support>
    <Support>_TOP__CONFIG~0.PRES_IN.Entered_Reservoir_Volume</Support>
    <Support>_TOP__CONFIG~0.__ASSERT</Support>
    <Support>_TOP__CONFIG~0.__ASSUME__CONJ</Support>
    <Support>_TOP__CONFIG~0.__ASSUME__HIST</Support>
    <Support>_TOP__CONFIG~0.__CONFIG__ASSERT__5</Support>
    <Support>_TOP__CONFIG~0.__CONFIG__PROP__5</Support>
    <Support>_TOP__OUTPUT~0.CONFIG_IN.Configured</Support>
    <Support>_TOP__OUTPUT~0.CONFIG_IN.Error_Message_ID</Support>
    <Support>_TOP__OUTPUT~0.CONFIG_IN.Request_Patient_Drug_Info</Support>
    <Support>_TOP__OUTPUT~0.GPCA_SW_OUT.Configured</Support>
    <Support>_TOP__OUTPUT~0.GPCA_SW_OUT.Error_Message_ID</Support>
    <Support>_TOP__OUTPUT~0.GPCA_SW_OUT.Request_Patient_Drug_Info</Support>
    <Support>_TOP__OUTPUT~0.__ASSERT</Support>
    <Support>_TOP__OUTPUT~0.__ASSUME__CONJ</Support>
    <Support>_TOP__OUTPUT~0.__ASSUME__HIST</Support>
    <Support>_TOP__OUTPUT~0.__OUTPUT__PROP__21</Support>
    <Support>_TOP__OUTPUT~0.__OUTPUT__PROP__22</Support>
    <Support>_TOP__OUTPUT~0.__OUTPUT__PROP__25</Support>
    <Support>__GUARANTEE58</Support>
  </MinimalSupport>
</Results>
