<?xml version="1.0"?>
<Results xmlns:xsi="http://www.w3.org/2001/XMLSchema-instance">
  <MinimalSupport property="[__GUARANTEE13]">
    <Runtime unit="sec">3125.526</Runtime>
    <Support>DEFS__is_therapy~0._outvar</Support>
    <Support>DEFS__is_therapy~0.mode</Support>
    <Support>_TOP__ALARM~0.ALARM_OUT.Highest_Level_Alarm</Support>
    <Support>_TOP__ALARM~0.DB_IN.VTBI_High</Support>
    <Support>_TOP__ALARM~0.SYS_STAT_IN.In_Therapy</Support>
    <Support>_TOP__ALARM~0.SYS_STAT_IN.Volume_Infused</Support>
    <Support>_TOP__ALARM~0.TLM_MODE_IN.System_On</Support>
    <Support>_TOP__ALARM~0.__ALARM__ASSERT__4</Support>
    <Support>_TOP__ALARM~0.__ALARM__ASSERT__15</Support>
    <Support>_TOP__ALARM~0.__ALARM__ASSERT__16</Support>
    <Support>_TOP__ALARM~0.__ALARM__PROP__1</Support>
    <Support>_TOP__ALARM~0.__ALARM__PROP__2</Support>
    <Support>_TOP__ALARM~0.__ASSERT</Support>
    <Support>_TOP__ALARM~0.__ASSUME__CONJ</Support>
    <Support>_TOP__ALARM~0.__ASSUME__HIST</Support>
    <Support>_TOP__ASSERT__9</Support>
    <Support>_TOP__ASSERT__23</Support>
    <Support>_TOP__CONFIG~0.CONFIG_OUT.Flow_Rate_KVO</Support>
    <Support>_TOP__CONFIG~0.TLM_MODE_IN.System_On</Support>
    <Support>_TOP__CONFIG~0.__ASSERT</Support>
    <Support>_TOP__CONFIG~0.__ASSUME__CONJ</Support>
    <Support>_TOP__CONFIG~0.__ASSUME__HIST</Support>
    <Support>_TOP__CONFIG~0.__CONFIG__ASSERT__0</Support>
    <Support>_TOP__CONFIG~0.__CONFIG__PROP__0</Support>
    <Support>_TOP__IM~0.ALARM_IN.Highest_Level_Alarm</Support>
    <Support>_TOP__IM~0.CONFIG_IN.Flow_Rate_KVO</Support>
    <Support>_TOP__IM~0.DEFS__is_therapy~0._outvar</Support>
    <Support>_TOP__IM~0.DEFS__is_therapy~0.mode</Support>
    <Support>_TOP__IM~0.IM_OUT.Commanded_Flow_Rate</Support>
    <Support>_TOP__IM~0.__ASSERT</Support>
    <Support>_TOP__IM~0.__ASSUME__CONJ</Support>
    <Support>_TOP__IM~0.__ASSUME__HIST</Support>
    <Support>_TOP__IM~0.__IM__ASSERT__2</Support>
    <Support>_TOP__IM~0.__IM__ASSERT__5</Support>
    <Support>_TOP__IM~0.__IM__ASSERT__7</Support>
    <Support>_TOP__IM~0.__IM__ASSERT__8</Support>
    <Support>_TOP__IM~0.__IM__PROP__0</Support>
    <Support>_TOP__IM~0.__IM__PROP__3</Support>
    <Support>_TOP__IM~0.__IM__PROP__5</Support>
    <Support>_TOP__IM~0.__IM__PROP__6</Support>
    <Support>_TOP__OUTPUT~0.CONFIG_IN.Flow_Rate_KVO</Support>
    <Support>_TOP__OUTPUT~0.GPCA_SW_OUT.Commanded_Flow_Rate</Support>
    <Support>_TOP__OUTPUT~0.GPCA_SW_OUT.Current_System_Mode</Support>
    <Support>_TOP__OUTPUT~0.GPCA_SW_OUT.Flow_Rate_KVO</Support>
    <Support>_TOP__OUTPUT~0.GPCA_SW_OUT.Volume_Infused</Support>
    <Support>_TOP__OUTPUT~0.IM_IN.Commanded_Flow_Rate</Support>
    <Support>_TOP__OUTPUT~0.IM_IN.Current_System_Mode</Support>
    <Support>_TOP__OUTPUT~0.SYS_STAT_IN.Volume_Infused</Support>
    <Support>_TOP__OUTPUT~0.__ASSERT</Support>
    <Support>_TOP__OUTPUT~0.__ASSUME__CONJ</Support>
    <Support>_TOP__OUTPUT~0.__ASSUME__HIST</Support>
    <Support>_TOP__OUTPUT~0.__OUTPUT__PROP__1</Support>
    <Support>_TOP__OUTPUT~0.__OUTPUT__PROP__19</Support>
    <Support>_TOP__OUTPUT~0.__OUTPUT__PROP__27</Support>
    <Support>_TOP__OUTPUT~0.__OUTPUT__PROP__29</Support>
    <Support>_TOP__SYS_STAT~0.IM_IN.Current_System_Mode</Support>
    <Support>_TOP__SYS_STAT~0.SYS_STAT_OUT.In_Therapy</Support>
    <Support>_TOP__SYS_STAT~0.TLM_MODE_IN.System_On</Support>
    <Support>_TOP__SYS_STAT~0.__ASSERT</Support>
    <Support>_TOP__SYS_STAT~0.__ASSUME__CONJ</Support>
    <Support>_TOP__SYS_STAT~0.__ASSUME__HIST</Support>
    <Support>_TOP__SYS_STAT~0.__SYS_STAT__ASSERT__2</Support>
    <Support>_TOP__SYS_STAT~0.__SYS_STAT__PROP__2</Support>
    <Support>_TOP__TLM~0.OP_CMD_IN.System_Start</Support>
    <Support>_TOP__TLM~0.TLM_MODE_OUT.System_On</Support>
    <Support>_TOP__TLM~0.__ASSERT</Support>
    <Support>_TOP__TLM~0.__ASSUME__CONJ</Support>
    <Support>_TOP__TLM~0.__ASSUME__HIST</Support>
    <Support>_TOP__TLM~0.__TLM__ASSERT__0</Support>
    <Support>_TOP__TLM~0.__TLM__PROP__0</Support>
    <Support>__GUARANTEE13</Support>
  </MinimalSupport>
</Results>
