<?xml version="1.0"?>
<Results xmlns:xsi="http://www.w3.org/2001/XMLSchema-instance">
  <MinimalSupport property="[__GUARANTEE11]">
    <Runtime unit="sec">2503.692</Runtime>
    <Support>_TOP__ALARM~0.ALARM_OUT.Highest_Level_Alarm</Support>
    <Support>_TOP__ALARM~0.SENSOR_IN.Air_Pressure</Support>
    <Support>_TOP__ALARM~0.SENSOR_IN.CPU_Error</Support>
    <Support>_TOP__ALARM~0.SENSOR_IN.Humidity</Support>
    <Support>_TOP__ALARM~0.SENSOR_IN.Temp</Support>
    <Support>_TOP__ALARM~0.TLM_MODE_IN.System_On</Support>
    <Support>_TOP__ALARM~0.__ALARM__ASSERT__1</Support>
    <Support>_TOP__ALARM~0.__ALARM__ASSERT__15</Support>
    <Support>_TOP__ALARM~0.__ALARM__PROP__1</Support>
    <Support>_TOP__ALARM~0.__ASSERT</Support>
    <Support>_TOP__ALARM~0.__ASSUME__CONJ</Support>
    <Support>_TOP__ALARM~0.__ASSUME__HIST</Support>
    <Support>_TOP__ASSERT__21</Support>
    <Support>_TOP__IM~0.ALARM_IN.Highest_Level_Alarm</Support>
    <Support>_TOP__IM~0.IM_OUT.Commanded_Flow_Rate</Support>
    <Support>_TOP__IM~0.TLM_MODE_IN.System_On</Support>
    <Support>_TOP__IM~0.__ASSERT</Support>
    <Support>_TOP__IM~0.__ASSUME__CONJ</Support>
    <Support>_TOP__IM~0.__ASSUME__HIST</Support>
    <Support>_TOP__IM~0.__IM__ASSERT__5</Support>
    <Support>_TOP__IM~0.__IM__ASSERT__6</Support>
    <Support>_TOP__IM~0.__IM__ASSERT__7</Support>
    <Support>_TOP__IM~0.__IM__PROP__3</Support>
    <Support>_TOP__IM~0.__IM__PROP__4</Support>
    <Support>_TOP__IM~0.__IM__PROP__5</Support>
    <Support>_TOP__OUTPUT~0.GPCA_SW_OUT.Commanded_Flow_Rate</Support>
    <Support>_TOP__OUTPUT~0.IM_IN.Commanded_Flow_Rate</Support>
    <Support>_TOP__OUTPUT~0.__ASSERT</Support>
    <Support>_TOP__OUTPUT~0.__ASSUME__CONJ</Support>
    <Support>_TOP__OUTPUT~0.__ASSUME__HIST</Support>
    <Support>_TOP__OUTPUT~0.__OUTPUT__PROP__29</Support>
    <Support>__GUARANTEE11</Support>
  </MinimalSupport>
</Results>
