<?xml version="1.0"?>
<Results xmlns:xsi="http://www.w3.org/2001/XMLSchema-instance">
  <MinimalSupport property="[__GUARANTEE21]">
    <Runtime unit="sec">2268.028</Runtime>
    <Support>_TOP__ALARM~0.ALARM_OUT.Audio_Notification_Command</Support>
    <Support>_TOP__ALARM~0.ALARM_OUT.Is_Audio_Disabled</Support>
    <Support>_TOP__ALARM~0.OP_CMD_IN.Disable_Audio</Support>
    <Support>_TOP__ALARM~0.TLM_MODE_IN.System_On</Support>
    <Support>_TOP__ALARM~0.__ALARM__ASSERT__21</Support>
    <Support>_TOP__ALARM~0.__ALARM__PROP__7</Support>
    <Support>_TOP__ALARM~0.__ASSERT</Support>
    <Support>_TOP__ALARM~0.__ASSUME__CONJ</Support>
    <Support>_TOP__ALARM~0.__ASSUME__HIST</Support>
    <Support>_TOP__ASSERT__31</Support>
    <Support>_TOP__OUTPUT~0.ALARM_IN.Audio_Notification_Command</Support>
    <Support>_TOP__OUTPUT~0.ALARM_IN.Is_Audio_Disabled</Support>
    <Support>_TOP__OUTPUT~0.GPCA_SW_OUT.Audio_Notification_Command</Support>
    <Support>_TOP__OUTPUT~0.GPCA_SW_OUT.Is_Audio_Disabled</Support>
    <Support>_TOP__OUTPUT~0.__ASSERT</Support>
    <Support>_TOP__OUTPUT~0.__ASSUME__CONJ</Support>
    <Support>_TOP__OUTPUT~0.__ASSUME__HIST</Support>
    <Support>_TOP__OUTPUT~0.__OUTPUT__PROP__3</Support>
    <Support>_TOP__OUTPUT~0.__OUTPUT__PROP__5</Support>
    <Support>_TOP__TLM~0.OP_CMD_IN.System_Start</Support>
    <Support>_TOP__TLM~0.TLM_MODE_OUT.System_On</Support>
    <Support>_TOP__TLM~0.__ASSERT</Support>
    <Support>_TOP__TLM~0.__ASSUME__CONJ</Support>
    <Support>_TOP__TLM~0.__ASSUME__HIST</Support>
    <Support>_TOP__TLM~0.__TLM__ASSERT__0</Support>
    <Support>_TOP__TLM~0.__TLM__PROP__0</Support>
    <Support>__GUARANTEE21</Support>
  </MinimalSupport>
</Results>
