<?xml version="1.0"?>
<Results xmlns:xsi="http://www.w3.org/2001/XMLSchema-instance">
  <MinimalSupport property="[__GUARANTEE23]">
    <Runtime unit="sec">2958.491</Runtime>
    <Support>DEFS__is_therapy~0._outvar</Support>
    <Support>DEFS__is_therapy~0.mode</Support>
    <Support>_TOP__ALARM~0.ALARM_OUT.Audio_Notification_Command</Support>
    <Support>_TOP__ALARM~0.ALARM_OUT.Is_Audio_Disabled</Support>
    <Support>_TOP__ALARM~0.CONST_IN.Audio_Level</Support>
    <Support>_TOP__ALARM~0.OP_CMD_IN.Disable_Audio</Support>
    <Support>_TOP__ALARM~0.SYS_STAT_IN.In_Therapy</Support>
    <Support>_TOP__ALARM~0.SYS_STAT_IN.Reservoir_Empty</Support>
    <Support>_TOP__ALARM~0.TLM_MODE_IN.System_On</Support>
    <Support>_TOP__ALARM~0.__ALARM__ASSERT__1</Support>
    <Support>_TOP__ALARM~0.__ALARM__ASSERT__15</Support>
    <Support>_TOP__ALARM~0.__ALARM__ASSERT__22</Support>
    <Support>_TOP__ALARM~0.__ALARM__PROP__1</Support>
    <Support>_TOP__ALARM~0.__ALARM__PROP__8</Support>
    <Support>_TOP__ALARM~0.__ASSERT</Support>
    <Support>_TOP__ALARM~0.__ASSUME__CONJ</Support>
    <Support>_TOP__ALARM~0.__ASSUME__HIST</Support>
    <Support>_TOP__ASSERT__9</Support>
    <Support>_TOP__ASSERT__33</Support>
    <Support>_TOP__OUTPUT~0.ALARM_IN.Audio_Notification_Command</Support>
    <Support>_TOP__OUTPUT~0.ALARM_IN.Is_Audio_Disabled</Support>
    <Support>_TOP__OUTPUT~0.GPCA_SW_OUT.Audio_Notification_Command</Support>
    <Support>_TOP__OUTPUT~0.GPCA_SW_OUT.Current_System_Mode</Support>
    <Support>_TOP__OUTPUT~0.GPCA_SW_OUT.Is_Audio_Disabled</Support>
    <Support>_TOP__OUTPUT~0.GPCA_SW_OUT.Reservoir_Volume</Support>
    <Support>_TOP__OUTPUT~0.IM_IN.Current_System_Mode</Support>
    <Support>_TOP__OUTPUT~0.SYS_STAT_IN.Reservoir_Volume</Support>
    <Support>_TOP__OUTPUT~0.__ASSERT</Support>
    <Support>_TOP__OUTPUT~0.__ASSUME__CONJ</Support>
    <Support>_TOP__OUTPUT~0.__ASSUME__HIST</Support>
    <Support>_TOP__OUTPUT~0.__OUTPUT__PROP__2</Support>
    <Support>_TOP__OUTPUT~0.__OUTPUT__PROP__3</Support>
    <Support>_TOP__OUTPUT~0.__OUTPUT__PROP__5</Support>
    <Support>_TOP__OUTPUT~0.__OUTPUT__PROP__27</Support>
    <Support>_TOP__SYS_STAT~0.CONST_IN.Empty_Reservoir</Support>
    <Support>_TOP__SYS_STAT~0.IM_IN.Current_System_Mode</Support>
    <Support>_TOP__SYS_STAT~0.SYS_STAT_OUT.In_Therapy</Support>
    <Support>_TOP__SYS_STAT~0.SYS_STAT_OUT.Reservoir_Empty</Support>
    <Support>_TOP__SYS_STAT~0.SYS_STAT_OUT.Reservoir_Volume</Support>
    <Support>_TOP__SYS_STAT~0.TLM_MODE_IN.System_On</Support>
    <Support>_TOP__SYS_STAT~0.__ASSERT</Support>
    <Support>_TOP__SYS_STAT~0.__ASSUME__CONJ</Support>
    <Support>_TOP__SYS_STAT~0.__ASSUME__HIST</Support>
    <Support>_TOP__SYS_STAT~0.__SYS_STAT__ASSERT__0</Support>
    <Support>_TOP__SYS_STAT~0.__SYS_STAT__ASSERT__2</Support>
    <Support>_TOP__SYS_STAT~0.__SYS_STAT__PROP__0</Support>
    <Support>_TOP__SYS_STAT~0.__SYS_STAT__PROP__2</Support>
    <Support>_TOP__TLM~0.OP_CMD_IN.System_Start</Support>
    <Support>_TOP__TLM~0.TLM_MODE_OUT.System_On</Support>
    <Support>_TOP__TLM~0.__ASSERT</Support>
    <Support>_TOP__TLM~0.__ASSUME__CONJ</Support>
    <Support>_TOP__TLM~0.__ASSUME__HIST</Support>
    <Support>_TOP__TLM~0.__TLM__ASSERT__0</Support>
    <Support>_TOP__TLM~0.__TLM__PROP__0</Support>
    <Support>__GUARANTEE23</Support>
  </MinimalSupport>
</Results>
