<?xml version="1.0"?>
<Results xmlns:xsi="http://www.w3.org/2001/XMLSchema-instance">
  <MinimalSupport property="[__GUARANTEE51]">
    <Runtime unit="sec">2670.174</Runtime>
    <Support>DEFS__is_idle~0._outvar</Support>
    <Support>DEFS__is_idle~0.mode</Support>
    <Support>_TOP__ALARM~0.ALARM_OUT.Notification_Message</Support>
    <Support>_TOP__ALARM~0.CONST_IN.Max_Idle_Duration</Support>
    <Support>_TOP__ALARM~0.IM_IN.Current_System_Mode</Support>
    <Support>_TOP__ALARM~0.__ALARM__ASSERT__11</Support>
    <Support>_TOP__ALARM~0.__ALARM__ASSERT__40</Support>
    <Support>_TOP__ALARM~0.__ALARM__PROP__26</Support>
    <Support>_TOP__ALARM~0.__ASSERT</Support>
    <Support>_TOP__ALARM~0.__ASSUME__CONJ</Support>
    <Support>_TOP__ALARM~0.__ASSUME__HIST</Support>
    <Support>_TOP__ASSERT__6</Support>
    <Support>_TOP__ASSERT__61</Support>
    <Support>_TOP__OUTPUT~0.ALARM_IN.Notification_Message</Support>
    <Support>_TOP__OUTPUT~0.GPCA_SW_OUT.Current_System_Mode</Support>
    <Support>_TOP__OUTPUT~0.GPCA_SW_OUT.Notification_Message</Support>
    <Support>_TOP__OUTPUT~0.IM_IN.Current_System_Mode</Support>
    <Support>_TOP__OUTPUT~0.__ASSERT</Support>
    <Support>_TOP__OUTPUT~0.__ASSUME__CONJ</Support>
    <Support>_TOP__OUTPUT~0.__ASSUME__HIST</Support>
    <Support>_TOP__OUTPUT~0.__OUTPUT__PROP__4</Support>
    <Support>_TOP__OUTPUT~0.__OUTPUT__PROP__27</Support>
    <Support>__GUARANTEE51</Support>
  </MinimalSupport>
</Results>
