<?xml version="1.0"?>
<Results xmlns:xsi="http://www.w3.org/2001/XMLSchema-instance">
  <MinimalSupport property="[__GUARANTEE57]">
    <Runtime unit="sec">2017.829</Runtime>
    <Support>_TOP__ASSERT__67</Support>
    <Support>_TOP__CONFIG~0.CONFIG_OUT.Request_Config_Type</Support>
    <Support>_TOP__CONFIG~0.OP_CMD_IN.Data_Config</Support>
    <Support>_TOP__CONFIG~0.__ASSERT</Support>
    <Support>_TOP__CONFIG~0.__ASSUME__CONJ</Support>
    <Support>_TOP__CONFIG~0.__ASSUME__HIST</Support>
    <Support>_TOP__CONFIG~0.__CONFIG__ASSERT__4</Support>
    <Support>_TOP__CONFIG~0.__CONFIG__PROP__4</Support>
    <Support>_TOP__OUTPUT~0.CONFIG_IN.Request_Config_Type</Support>
    <Support>_TOP__OUTPUT~0.GPCA_SW_OUT.Request_Config_Type</Support>
    <Support>_TOP__OUTPUT~0.__ASSERT</Support>
    <Support>_TOP__OUTPUT~0.__ASSUME__CONJ</Support>
    <Support>_TOP__OUTPUT~0.__ASSUME__HIST</Support>
    <Support>_TOP__OUTPUT~0.__OUTPUT__PROP__23</Support>
    <Support>__GUARANTEE57</Support>
  </MinimalSupport>
</Results>
