<?xml version="1.0"?>
<Results xmlns:xsi="http://www.w3.org/2001/XMLSchema-instance">
  <MinimalSupport property="[__GUARANTEE9]">
    <Runtime unit="sec">2269.792</Runtime>
    <Support>_TOP__ASSERT__19</Support>
    <Support>_TOP__IM~0.IM_OUT.Current_System_Mode</Support>
    <Support>_TOP__IM~0.TLM_MODE_IN.System_On</Support>
    <Support>_TOP__IM~0.__ASSERT</Support>
    <Support>_TOP__IM~0.__ASSUME__CONJ</Support>
    <Support>_TOP__IM~0.__ASSUME__HIST</Support>
    <Support>_TOP__IM~0.__IM__ASSERT__0</Support>
    <Support>_TOP__IM~0.__IM__ASSERT__3</Support>
    <Support>_TOP__IM~0.__IM__ASSERT__4</Support>
    <Support>_TOP__IM~0.__IM__PROP__1</Support>
    <Support>_TOP__IM~0.__IM__PROP__2</Support>
    <Support>_TOP__OUTPUT~0.GPCA_SW_OUT.Current_System_Mode</Support>
    <Support>_TOP__OUTPUT~0.IM_IN.Current_System_Mode</Support>
    <Support>_TOP__OUTPUT~0.__ASSERT</Support>
    <Support>_TOP__OUTPUT~0.__ASSUME__CONJ</Support>
    <Support>_TOP__OUTPUT~0.__ASSUME__HIST</Support>
    <Support>_TOP__OUTPUT~0.__OUTPUT__PROP__27</Support>
    <Support>_TOP__TLM~0.OP_CMD_IN.System_Start</Support>
    <Support>_TOP__TLM~0.TLM_MODE_OUT.System_On</Support>
    <Support>_TOP__TLM~0.__ASSERT</Support>
    <Support>_TOP__TLM~0.__ASSUME__CONJ</Support>
    <Support>_TOP__TLM~0.__ASSUME__HIST</Support>
    <Support>_TOP__TLM~0.__TLM__ASSERT__0</Support>
    <Support>_TOP__TLM~0.__TLM__PROP__0</Support>
    <Support>__GUARANTEE9</Support>
  </MinimalSupport>
</Results>
