<?xml version="1.0"?>
<Results xmlns:xsi="http://www.w3.org/2001/XMLSchema-instance">
  <MinimalSupport property="[__GUARANTEE49]">
    <Runtime unit="sec">2908.701</Runtime>
    <Support>DEFS__Is_Infusion_below_tolerance~0.actual_flow_rate</Support>
    <Support>DEFS__Is_Infusion_below_tolerance~0.desired_flow_rate</Support>
    <Support>DEFS__Is_Infusion_below_tolerance~0.tol</Support>
    <Support>DEFS__Is_Infusion_below_tolerance~0.under</Support>
    <Support>DEFS__Is_Infusion_below_tolerance~1.actual_flow_rate</Support>
    <Support>DEFS__Is_Infusion_below_tolerance~1.desired_flow_rate</Support>
    <Support>DEFS__Is_Infusion_below_tolerance~1.tol</Support>
    <Support>DEFS__Is_Infusion_below_tolerance~1.under</Support>
    <Support>_TOP__ALARM~0.ALARM_OUT.Notification_Message</Support>
    <Support>_TOP__ALARM~0.CONST_IN.Max_Duration_Under_Infusion</Support>
    <Support>_TOP__ALARM~0.CONST_IN.Tolerance_Max</Support>
    <Support>_TOP__ALARM~0.CONST_IN.Tolerance_Min</Support>
    <Support>_TOP__ALARM~0.DB_IN.Flow_Rate_Low</Support>
    <Support>_TOP__ALARM~0.DEFS__Is_Infusion_below_tolerance~0.actual_flow_rate</Support>
    <Support>_TOP__ALARM~0.DEFS__Is_Infusion_below_tolerance~0.desired_flow_rate</Support>
    <Support>_TOP__ALARM~0.DEFS__Is_Infusion_below_tolerance~0.tol</Support>
    <Support>_TOP__ALARM~0.DEFS__Is_Infusion_below_tolerance~0.under</Support>
    <Support>_TOP__ALARM~0.DEFS__Is_Infusion_below_tolerance~1.actual_flow_rate</Support>
    <Support>_TOP__ALARM~0.DEFS__Is_Infusion_below_tolerance~1.desired_flow_rate</Support>
    <Support>_TOP__ALARM~0.DEFS__Is_Infusion_below_tolerance~1.tol</Support>
    <Support>_TOP__ALARM~0.DEFS__Is_Infusion_below_tolerance~1.under</Support>
    <Support>_TOP__ALARM~0.IM_IN.Commanded_Flow_Rate</Support>
    <Support>_TOP__ALARM~0.SENSOR_IN.Flow_Rate</Support>
    <Support>_TOP__ALARM~0.__ALARM__ASSERT__7</Support>
    <Support>_TOP__ALARM~0.__ALARM__ASSERT__8</Support>
    <Support>_TOP__ALARM~0.__ALARM__ASSERT__38</Support>
    <Support>_TOP__ALARM~0.__ALARM__PROP__24</Support>
    <Support>_TOP__ALARM~0.__ASSERT</Support>
    <Support>_TOP__ALARM~0.__ASSUME__CONJ</Support>
    <Support>_TOP__ALARM~0.__ASSUME__HIST</Support>
    <Support>_TOP__ASSERT__1</Support>
    <Support>_TOP__ASSERT__2</Support>
    <Support>_TOP__ASSERT__59</Support>
    <Support>_TOP__OUTPUT~0.ALARM_IN.Notification_Message</Support>
    <Support>_TOP__OUTPUT~0.GPCA_SW_OUT.Commanded_Flow_Rate</Support>
    <Support>_TOP__OUTPUT~0.GPCA_SW_OUT.Notification_Message</Support>
    <Support>_TOP__OUTPUT~0.IM_IN.Commanded_Flow_Rate</Support>
    <Support>_TOP__OUTPUT~0.__ASSERT</Support>
    <Support>_TOP__OUTPUT~0.__ASSUME__CONJ</Support>
    <Support>_TOP__OUTPUT~0.__ASSUME__HIST</Support>
    <Support>_TOP__OUTPUT~0.__OUTPUT__PROP__4</Support>
    <Support>_TOP__OUTPUT~0.__OUTPUT__PROP__29</Support>
    <Support>__GUARANTEE49</Support>
  </MinimalSupport>
</Results>
