<?xml version="1.0"?>
<Results xmlns:xsi="http://www.w3.org/2001/XMLSchema-instance">
  <MinimalSupport property="[__GUARANTEE2]">
    <Runtime unit="sec">3352.94</Runtime>
    <Support>_TOP__ALARM~0.IM_IN.Current_System_Mode</Support>
    <Support>_TOP__ALARM~0.Paused_Time_Counter</Support>
    <Support>_TOP__ALARM~0.__ALARM__ASSERT__10</Support>
    <Support>_TOP__ALARM~0.__ASSERT</Support>
    <Support>_TOP__ASSERT__5</Support>
    <Support>_TOP__OUTPUT~0.GPCA_SW_OUT.Current_System_Mode</Support>
    <Support>_TOP__OUTPUT~0.IM_IN.Current_System_Mode</Support>
    <Support>_TOP__OUTPUT~0.__ASSERT</Support>
    <Support>_TOP__OUTPUT~0.__ASSUME__CONJ</Support>
    <Support>_TOP__OUTPUT~0.__ASSUME__HIST</Support>
    <Support>_TOP__OUTPUT~0.__OUTPUT__PROP__27</Support>
    <Support>__GUARANTEE2</Support>
  </MinimalSupport>
</Results>
