<?xml version="1.0"?>
<Results xmlns:xsi="http://www.w3.org/2001/XMLSchema-instance">
  <MinimalSupport property="[__GUARANTEE3]">
    <Runtime unit="sec">3667.018</Runtime>
    <Support>DEFS__Is_Infusion_above_tolerance~0.actual_flow_rate</Support>
    <Support>DEFS__Is_Infusion_above_tolerance~0.desired_flow_rate</Support>
    <Support>DEFS__Is_Infusion_above_tolerance~0.over</Support>
    <Support>DEFS__Is_Infusion_above_tolerance~0.tol</Support>
    <Support>_TOP__ALARM~0.CONST_IN.Tolerance_Min</Support>
    <Support>_TOP__ALARM~0.DEFS__Is_Infusion_above_tolerance~0.actual_flow_rate</Support>
    <Support>_TOP__ALARM~0.DEFS__Is_Infusion_above_tolerance~0.desired_flow_rate</Support>
    <Support>_TOP__ALARM~0.DEFS__Is_Infusion_above_tolerance~0.over</Support>
    <Support>_TOP__ALARM~0.DEFS__Is_Infusion_above_tolerance~0.tol</Support>
    <Support>_TOP__ALARM~0.IM_IN.Commanded_Flow_Rate</Support>
    <Support>_TOP__ALARM~0.SENSOR_IN.Flow_Rate</Support>
    <Support>_TOP__ALARM~0.Time_FR_Over_Min_Tol</Support>
    <Support>_TOP__ALARM~0.__ALARM__ASSERT__2</Support>
    <Support>_TOP__ALARM~0.__ASSERT</Support>
    <Support>_TOP__ASSERT__3</Support>
    <Support>_TOP__OUTPUT~0.GPCA_SW_OUT.Commanded_Flow_Rate</Support>
    <Support>_TOP__OUTPUT~0.IM_IN.Commanded_Flow_Rate</Support>
    <Support>_TOP__OUTPUT~0.__ASSERT</Support>
    <Support>_TOP__OUTPUT~0.__ASSUME__CONJ</Support>
    <Support>_TOP__OUTPUT~0.__ASSUME__HIST</Support>
    <Support>_TOP__OUTPUT~0.__OUTPUT__PROP__29</Support>
    <Support>__GUARANTEE3</Support>
  </MinimalSupport>
</Results>
