<?xml version="1.0"?>
<Results xmlns:xsi="http://www.w3.org/2001/XMLSchema-instance">
  <MinimalSupport property="[OK]">
    <Runtime unit="sec">41.988</Runtime>
    <Support>OK</Support>
    <Support>V52_dirty</Support>
    <Support>V53_exclusive</Support>
    <Support>V54_shared</Support>
    <Support>V55_env</Support>
    <Support>V107_g1</Support>
    <Support>V109_g3</Support>
    <Support>V110_g4</Support>
    <Support>V111_g5</Support>
    <Support>V135_X</Support>
  </MinimalSupport>
</Results>
