<?xml version="1.0"?>
<Results xmlns:xsi="http://www.w3.org/2001/XMLSchema-instance">
  <MinimalSupport property="[OK]">
    <Runtime unit="sec">28.176</Runtime>
    <Support>OK</Support>
    <Support>V52_dirty</Support>
    <Support>V53_exclusive</Support>
    <Support>V54_shared</Support>
    <Support>V55_R3</Support>
    <Support>V58_A3</Support>
    <Support>V59_env</Support>
    <Support>V112_g1</Support>
    <Support>V114_g3</Support>
    <Support>V115_g4</Support>
    <Support>V116_g5</Support>
    <Support>V120_g9</Support>
    <Support>V138_X</Support>
  </MinimalSupport>
</Results>
