<?xml version="1.0"?>
<Results xmlns:xsi="http://www.w3.org/2001/XMLSchema-instance">
  <MinimalSupport property="[OK]">
    <Runtime unit="sec">10.895</Runtime>
    <Support>OK</Support>
    <Support>V54_invalid</Support>
    <Support>V55_dirty</Support>
    <Support>V56_exclusive</Support>
    <Support>V57_shared</Support>
    <Support>V58_env</Support>
    <Support>V116_g1</Support>
    <Support>V119_g4</Support>
    <Support>V124_g9</Support>
    <Support>V142_X</Support>
    <Support>V155_First</Support>
  </MinimalSupport>
</Results>
