<?xml version="1.0"?>
<Results xmlns:xsi="http://www.w3.org/2001/XMLSchema-instance">
  <MinimalSupport property="[OK]">
    <Runtime unit="sec">28.166</Runtime>
    <Support>OK</Support>
    <Support>V32_modified_me</Support>
    <Support>V33_exclusive_me</Support>
    <Support>V34_shared_me</Support>
    <Support>V35_invalid_me</Support>
    <Support>V85_garde_me1</Support>
    <Support>V86_garde_me2</Support>
    <Support>V87_garde_me3</Support>
    <Support>V88_garde_me4</Support>
  </MinimalSupport>
</Results>
