<?xml version="1.0"?>
<Results xmlns:xsi="http://www.w3.org/2001/XMLSchema-instance">
  <MinimalSupport property="[OK]">
    <Runtime unit="sec">26.642</Runtime>
    <Support>OK</Support>
    <Support>V29_modified_me</Support>
    <Support>V30_exclusive_me</Support>
    <Support>V31_shared_me</Support>
    <Support>V32_invalid_me</Support>
    <Support>V73_garde_me1</Support>
    <Support>V74_garde_me2</Support>
    <Support>V75_garde_me3</Support>
    <Support>V76_garde_me4</Support>
  </MinimalSupport>
</Results>
