<?xml version="1.0"?>
<Results xmlns:xsi="http://www.w3.org/2001/XMLSchema-instance">
  <MinimalSupport property="[OK]">
    <Runtime unit="sec">63.724</Runtime>
    <Support>OK</Support>
    <Support>V38_nB0</Support>
    <Support>V40_nS</Support>
    <Support>V41_diff0</Support>
    <Support>V43_avance0</Support>
    <Support>V45_retard0</Support>
    <Support>V47_ast</Support>
    <Support>V158_H0</Support>
    <Support>V160_c</Support>
    <Support>V170_Sofar</Support>
  </MinimalSupport>
</Results>
