<?xml version="1.0"?>
<Results xmlns:xsi="http://www.w3.org/2001/XMLSchema-instance">
  <MinimalSupport property="[__GUARANTEE2]">
    <Runtime unit="sec">161.888</Runtime>
    <Support>_TOP__DC~0.__ASSERT</Support>
    <Support>_TOP__DC~0.__ASSUME__CONJ</Support>
    <Support>_TOP__DC~0.__ASSUME__HIST</Support>
    <Support>_TOP__DC~0.left_digit</Support>
    <Support>_TOP__DC~0.middle_digit</Support>
    <Support>_TOP__DC~0.right_digit</Support>
    <Support>_TOP__DC~0.seconds_to_cook</Support>
    <Support>_TOP__MC~0.__ASSERT</Support>
    <Support>_TOP__MC~0.__ASSUME__CONJ</Support>
    <Support>_TOP__MC~0.__ASSUME__HIST</Support>
    <Support>_TOP__MC~0.cooking_mode</Support>
    <Support>_TOP__MC~0.defs__is_setup~0._outvar</Support>
    <Support>_TOP__MC~0.defs__is_setup~0.m</Support>
    <Support>_TOP__MC~0.seconds_to_cook</Support>
    <Support>_TOP__OP~0.__ASSERT</Support>
    <Support>_TOP__OP~0.__ASSUME__CONJ</Support>
    <Support>_TOP__OP~0.__ASSUME__HIST</Support>
    <Support>_TOP__OP~0.cooking_mode</Support>
    <Support>_TOP__OP~0.defs__is_cooking~0._outvar</Support>
    <Support>_TOP__OP~0.defs__is_cooking~0.m</Support>
    <Support>_TOP__OP~0.heating_element_on</Support>
    <Support>__GUARANTEE2</Support>
  </MinimalSupport>
</Results>
