<?xml version="1.0"?>
<Results xmlns:xsi="http://www.w3.org/2001/XMLSchema-instance">
  <MinimalSupport property="[__GUARANTEE1]">
    <Runtime unit="sec">132.405</Runtime>
    <Support>_TOP__DC~0.__ASSERT</Support>
    <Support>_TOP__DC~0.__ASSUME__CONJ</Support>
    <Support>_TOP__DC~0.__ASSUME__HIST</Support>
    <Support>_TOP__DC~0.cooking_mode</Support>
    <Support>_TOP__DC~0.defs__is_cooking~0._outvar</Support>
    <Support>_TOP__DC~0.defs__is_cooking~0.m</Support>
    <Support>_TOP__DC~0.left_digit</Support>
    <Support>_TOP__DC~0.middle_digit</Support>
    <Support>_TOP__DC~0.right_digit</Support>
    <Support>_TOP__OP~0.__ASSERT</Support>
    <Support>_TOP__OP~0.__ASSUME__CONJ</Support>
    <Support>_TOP__OP~0.__ASSUME__HIST</Support>
    <Support>_TOP__OP~0.cooking_mode</Support>
    <Support>_TOP__OP~0.defs__is_cooking~0._outvar</Support>
    <Support>_TOP__OP~0.defs__is_cooking~0.m</Support>
    <Support>_TOP__OP~0.heating_element_on</Support>
    <Support>__GUARANTEE1</Support>
  </MinimalSupport>
</Results>
