<?xml version="1.0"?>
<Results xmlns:xsi="http://www.w3.org/2001/XMLSchema-instance">
  <MinimalSupport property="[__GUARANTEE6]">
    <Runtime unit="sec">12.155</Runtime>
    <Support>__GUARANTEE6</Support>
    <Support>defs__is_cooking~0._outvar</Support>
    <Support>defs__is_cooking~0.m</Support>
    <Support>defs__is_setup~0._outvar</Support>
    <Support>defs__is_setup~0.m</Support>
    <Support>defs__is_setup~1._outvar</Support>
    <Support>defs__is_setup~1.m</Support>
    <Support>defs__is_suspended~0._outvar</Support>
    <Support>defs__is_suspended~0.m</Support>
    <Support>defs__is_suspended~1._outvar</Support>
    <Support>defs__is_suspended~1.m</Support>
  </MinimalSupport>
</Results>
