<?xml version="1.0"?>
<Results xmlns:xsi="http://www.w3.org/2001/XMLSchema-instance">
  <MinimalSupport property="[__GUARANTEE3]">
    <Runtime unit="sec">15.177</Runtime>
    <Support>__GUARANTEE3</Support>
    <Support>defs__is_cooking~0._outvar</Support>
    <Support>defs__is_cooking~0.m</Support>
    <Support>defs__is_cooking~1._outvar</Support>
    <Support>defs__is_cooking~1.m</Support>
    <Support>defs__is_running~1._outvar</Support>
    <Support>defs__is_running~1.m</Support>
    <Support>defs__rising_edge~2.re</Support>
    <Support>defs__rising_edge~2.signal</Support>
  </MinimalSupport>
</Results>
