<?xml version="1.0"?>
<Results xmlns:xsi="http://www.w3.org/2001/XMLSchema-instance">
  <MinimalSupport property="[__GUARANTEE5]">
    <Runtime unit="sec">11.498</Runtime>
    <Support>__GUARANTEE5</Support>
    <Support>defs__is_cooking~0._outvar</Support>
    <Support>defs__is_cooking~0.m</Support>
    <Support>defs__is_cooking~1._outvar</Support>
    <Support>defs__is_cooking~1.m</Support>
    <Support>defs__is_setup~0._outvar</Support>
    <Support>defs__is_setup~0.m</Support>
  </MinimalSupport>
</Results>
