<?xml version="1.0"?>
<Results xmlns:xsi="http://www.w3.org/2001/XMLSchema-instance">
  <MinimalSupport property="[__GUARANTEE4]">
    <Runtime unit="sec">12.242</Runtime>
    <Support>__GUARANTEE4</Support>
    <Support>defs__is_running~1._outvar</Support>
    <Support>defs__is_running~1.m</Support>
    <Support>defs__is_suspended~1._outvar</Support>
    <Support>defs__is_suspended~1.m</Support>
    <Support>defs__rising_edge~2.re</Support>
    <Support>defs__rising_edge~2.signal</Support>
  </MinimalSupport>
</Results>
