<?xml version="1.0"?>
<Results xmlns:xsi="http://www.w3.org/2001/XMLSchema-instance">
  <MinimalSupport property="[__GUARANTEE7]">
    <Runtime unit="sec">11.675</Runtime>
    <Support>__GUARANTEE7</Support>
    <Support>defs__is_cooking~1._outvar</Support>
    <Support>defs__is_cooking~1.m</Support>
    <Support>defs__is_suspended~0._outvar</Support>
    <Support>defs__is_suspended~0.m</Support>
    <Support>defs__is_suspended~1._outvar</Support>
    <Support>defs__is_suspended~1.m</Support>
    <Support>defs__rising_edge~1.re</Support>
    <Support>defs__rising_edge~1.signal</Support>
  </MinimalSupport>
</Results>
