<?xml version="1.0"?>
<Results xmlns:xsi="http://www.w3.org/2001/XMLSchema-instance">
  <MinimalSupport property="[OK]">
    <Runtime unit="sec">9.294</Runtime>
    <Support>OK</Support>
    <Support>V33_modified_mo</Support>
    <Support>V34_exclusive_mo</Support>
    <Support>V35_shared_mo</Support>
    <Support>V36_invalid_mo</Support>
    <Support>V37_owned_mo</Support>
    <Support>V38_erreur_mo</Support>
    <Support>V39_env</Support>
    <Support>V99_X</Support>
  </MinimalSupport>
</Results>
