<?xml version="1.0"?>
<Results xmlns:xsi="http://www.w3.org/2001/XMLSchema-instance">
  <MinimalSupport property="[OK]">
    <Runtime unit="sec">52.508</Runtime>
    <Support>OK</Support>
    <Support>V71_x0</Support>
    <Support>V72_x1</Support>
    <Support>V73_x2</Support>
    <Support>V74_x3</Support>
    <Support>V150_g01</Support>
    <Support>V151_g02</Support>
    <Support>V152_g03</Support>
    <Support>V153_g04</Support>
    <Support>V154_g05</Support>
    <Support>V155_g06</Support>
  </MinimalSupport>
</Results>
