<?xml version="1.0"?>
<Results xmlns:xsi="http://www.w3.org/2001/XMLSchema-instance">
  <MinimalSupport property="[OK]">
    <Runtime unit="sec">7.001</Runtime>
    <Support>OK</Support>
    <Support>V16_MayMove1</Support>
    <Support>V17_MayMove2</Support>
    <Support>V18_start1</Support>
    <Support>V19_start2</Support>
    <Support>V20_stop</Support>
    <Support>V21_moving</Support>
    <Support>V58_on</Support>
    <Support>V66_signal</Support>
    <Support>V75_signal</Support>
    <Support>V86_signal</Support>
    <Support>V90_signal</Support>
  </MinimalSupport>
</Results>
