<?xml version="1.0"?>
<Results xmlns:xsi="http://www.w3.org/2001/XMLSchema-instance">
  <MinimalSupport property="[OK]">
    <Runtime unit="sec">7.901</Runtime>
    <Support>OK</Support>
    <Support>V31_i</Support>
    <Support>V32_b</Support>
    <Support>V33_a</Support>
    <Support>V34_o1</Support>
    <Support>V35_o2</Support>
    <Support>V36_env</Support>
    <Support>V80_garde1</Support>
    <Support>V81_garde2</Support>
    <Support>V82_garde3</Support>
    <Support>V95_X</Support>
    <Support>V100_Sofar</Support>
    <Support>V109_First</Support>
  </MinimalSupport>
</Results>
