<?xml version="1.0"?>
<Results xmlns:xsi="http://www.w3.org/2001/XMLSchema-instance">
  <MinimalSupport property="[OK]">
    <Runtime unit="sec">20.165</Runtime>
    <Support>OK</Support>
    <Support>V67_X1</Support>
    <Support>V68_X2</Support>
    <Support>V69_X3</Support>
    <Support>V70_X4</Support>
    <Support>V71_X5</Support>
    <Support>V72_X6</Support>
    <Support>V73_X7</Support>
    <Support>V74_X8</Support>
    <Support>V75_X9</Support>
    <Support>V76_R1</Support>
    <Support>V77_R2</Support>
    <Support>V78_R3</Support>
    <Support>V79_R4</Support>
    <Support>V81_env</Support>
    <Support>V144_g01</Support>
    <Support>V145_g02</Support>
    <Support>V146_g03</Support>
    <Support>V147_g04</Support>
    <Support>V148_g05</Support>
    <Support>V149_g06</Support>
    <Support>V150_g07</Support>
    <Support>V151_g08</Support>
    <Support>V152_g09</Support>
    <Support>V153_g10</Support>
    <Support>V154_g11</Support>
    <Support>V155_g12</Support>
    <Support>V175_X</Support>
  </MinimalSupport>
</Results>
