<?xml version="1.0"?>
<Results xmlns:xsi="http://www.w3.org/2001/XMLSchema-instance">
  <MinimalSupport property="[OK]">
    <Runtime unit="sec">36.93</Runtime>
    <Support>OK</Support>
    <Support>V67_X1</Support>
    <Support>V68_X2</Support>
    <Support>V69_X3</Support>
    <Support>V70_X4</Support>
    <Support>V71_X5</Support>
    <Support>V72_X6</Support>
    <Support>V73_X7</Support>
    <Support>V74_X8</Support>
    <Support>V75_X9</Support>
    <Support>V76_erreur</Support>
    <Support>V140_g01</Support>
    <Support>V141_g02</Support>
    <Support>V142_g03</Support>
    <Support>V143_g04</Support>
    <Support>V144_g05</Support>
    <Support>V145_g06</Support>
    <Support>V146_g07</Support>
    <Support>V147_g08</Support>
    <Support>V148_g09</Support>
    <Support>V149_g10</Support>
    <Support>V150_g11</Support>
    <Support>V151_g12</Support>
  </MinimalSupport>
</Results>
