<?xml version="1.0"?>
<Results xmlns:xsi="http://www.w3.org/2001/XMLSchema-instance">
  <MinimalSupport property="[OK]">
    <Runtime unit="sec">23.165</Runtime>
    <Support>OK</Support>
    <Support>V58_env_always_ok</Support>
    <Support>V59_prop_ok</Support>
    <Support>V60_open_door</Support>
    <Support>V62_door_ok</Support>
    <Support>V250_door_doesnt_open_out_of_station</Support>
    <Support>V251_door_opens_before_leaving_station</Support>
    <Support>V252_X</Support>
    <Support>V253_between_A_and_X</Support>
    <Support>V264_env_ok</Support>
    <Support>V265_door_doesnt_close_if_not_asked</Support>
    <Support>V267_tramway_doesnt_start_if_not_door_ok</Support>
    <Support>V268_door_initially_closed</Support>
    <Support>V271_warning_start_only_in_station</Support>
    <Support>V272_warning_start_cant_become_true_when_door_is_opening</Support>
    <Support>V274_X</Support>
    <Support>V287_req_pending</Support>
    <Support>~flatten0</Support>
  </MinimalSupport>
</Results>
