<?xml version="1.0"?>
<Results xmlns:xsi="http://www.w3.org/2001/XMLSchema-instance">
  <Progress source="bmc" trueFor="1">
    <PropertyProgress name="OK"/>
  </Progress>
  <Property name="OK">
    <Runtime unit="sec">0.672</Runtime>
    <Answer source="invariant-generation">valid</Answer>
    <K>1</K>
    <NumberOfIVCs>1</NumberOfIVCs>
    <MustElem>V52_c</MustElem>
    <MustElem>V14_a</MustElem>
    <MustElem>OK</MustElem>
    <MustElem>V41_time</MustElem>
    <MustElem>V15_b</MustElem>
    <IvcSet number="1">
    <Invariant>OK</Invariant>
    <Invariant>(V41_time <= 0)</Invariant>
    <Ivc>V52_c</Ivc>
    <Ivc>V14_a</Ivc>
    <Ivc>OK</Ivc>
    <Ivc>V41_time</Ivc>
    <Ivc>V15_b</Ivc>
    </IvcSet>
  </Property>
</Results>
