<?xml version="1.0"?>
<Results xmlns:xsi="http://www.w3.org/2001/XMLSchema-instance">
  <Progress source="bmc" trueFor="1">
    <PropertyProgress name="OK"/>
  </Progress>
  <Progress source="bmc" trueFor="2">
    <PropertyProgress name="OK"/>
  </Progress>
  <Progress source="bmc" trueFor="3">
    <PropertyProgress name="OK"/>
  </Progress>
  <Progress source="bmc" trueFor="4">
    <PropertyProgress name="OK"/>
  </Progress>
  <Progress source="bmc" trueFor="5">
    <PropertyProgress name="OK"/>
  </Progress>
  <Progress source="bmc" trueFor="6">
    <PropertyProgress name="OK"/>
  </Progress>
  <Progress source="bmc" trueFor="7">
    <PropertyProgress name="OK"/>
  </Progress>
  <Progress source="bmc" trueFor="8">
    <PropertyProgress name="OK"/>
  </Progress>
  <Progress source="bmc" trueFor="9">
    <PropertyProgress name="OK"/>
  </Progress>
  <Progress source="bmc" trueFor="10">
    <PropertyProgress name="OK"/>
  </Progress>
  <Progress source="bmc" trueFor="11">
    <PropertyProgress name="OK"/>
  </Progress>
  <Progress source="bmc" trueFor="12">
    <PropertyProgress name="OK"/>
  </Progress>
  <Progress source="bmc" trueFor="13">
    <PropertyProgress name="OK"/>
  </Progress>
  <Progress source="bmc" trueFor="14">
    <PropertyProgress name="OK"/>
  </Progress>
  <Progress source="bmc" trueFor="15">
    <PropertyProgress name="OK"/>
  </Progress>
  <Progress source="bmc" trueFor="16">
    <PropertyProgress name="OK"/>
  </Progress>
  <Progress source="bmc" trueFor="17">
    <PropertyProgress name="OK"/>
  </Progress>
  <Progress source="bmc" trueFor="18">
    <PropertyProgress name="OK"/>
  </Progress>
  <Progress source="bmc" trueFor="19">
    <PropertyProgress name="OK"/>
  </Progress>
  <Progress source="bmc" trueFor="20">
    <PropertyProgress name="OK"/>
  </Progress>
  <Progress source="bmc" trueFor="21">
    <PropertyProgress name="OK"/>
  </Progress>
  <Progress source="bmc" trueFor="22">
    <PropertyProgress name="OK"/>
  </Progress>
  <Progress source="bmc" trueFor="23">
    <PropertyProgress name="OK"/>
  </Progress>
  <Progress source="bmc" trueFor="24">
    <PropertyProgress name="OK"/>
  </Progress>
  <Progress source="bmc" trueFor="25">
    <PropertyProgress name="OK"/>
  </Progress>
  <Progress source="bmc" trueFor="26">
    <PropertyProgress name="OK"/>
  </Progress>
  <Progress source="bmc" trueFor="27">
    <PropertyProgress name="OK"/>
  </Progress>
  <Progress source="bmc" trueFor="28">
    <PropertyProgress name="OK"/>
  </Progress>
  <Progress source="bmc" trueFor="29">
    <PropertyProgress name="OK"/>
  </Progress>
  <Progress source="bmc" trueFor="30">
    <PropertyProgress name="OK"/>
  </Progress>
  <Progress source="bmc" trueFor="31">
    <PropertyProgress name="OK"/>
  </Progress>
  <Progress source="bmc" trueFor="32">
    <PropertyProgress name="OK"/>
  </Progress>
  <Progress source="bmc" trueFor="33">
    <PropertyProgress name="OK"/>
  </Progress>
  <Progress source="bmc" trueFor="34">
    <PropertyProgress name="OK"/>
  </Progress>
  <Progress source="bmc" trueFor="35">
    <PropertyProgress name="OK"/>
  </Progress>
  <Progress source="bmc" trueFor="36">
    <PropertyProgress name="OK"/>
  </Progress>
  <Progress source="bmc" trueFor="37">
    <PropertyProgress name="OK"/>
  </Progress>
  <Progress source="bmc" trueFor="38">
    <PropertyProgress name="OK"/>
  </Progress>
  <Progress source="bmc" trueFor="39">
    <PropertyProgress name="OK"/>
  </Progress>
  <Progress source="bmc" trueFor="40">
    <PropertyProgress name="OK"/>
  </Progress>
  <Progress source="bmc" trueFor="41">
    <PropertyProgress name="OK"/>
  </Progress>
  <Property name="OK">
    <Runtime unit="sec">8.422</Runtime>
    <Answer source="invariant-generation">valid</Answer>
    <K>1</K>
    <NumberOfIVCs>2</NumberOfIVCs>
    <MustElem>V30_move</MustElem>
    <MustElem>V27_dist</MustElem>
    <MustElem>OK</MustElem>
    <IvcSet number="1">
    <Invariant>(((V25_stop or (0 &lt;= (V28_speed + (-2)))) or (not V30_move)) or (V27_dist &lt;= 8))</Invariant>
    <Invariant>((not OK) or (V27_dist &lt;= 10))</Invariant>
    <Invariant>(((0 &lt;= (V29_time + (-3))) or (not V30_move)) or (V27_dist &lt;= 8))</Invariant>
    <Invariant>((((0 &lt;= (V29_time + (-2))) or (0 &lt;= (V28_speed + (-2)))) or (not V30_move)) or (V27_dist &lt;= 4))</Invariant>
    <Invariant>(((V24_toofast or (0 &lt;= (V29_time + (-2)))) or (not V30_move)) or (V27_dist &lt;= 5))</Invariant>
    <Invariant>(0 &lt;= V28_speed)</Invariant>
    <Invariant>((((not (V29_time = 0)) or V24_toofast) or (not V30_move)) or (V27_dist &lt;= 3))</Invariant>
    <Invariant>OK</Invariant>
    <Invariant>(((V24_toofast or (not ((V29_time + (-V28_speed)) = 0))) or (V27_dist &lt;= 7)) or (not V30_move))</Invariant>
    <Invariant>((((not (V29_time = 0)) or (V27_dist &lt;= 2)) or (not ((V29_time + (-V28_speed)) = 0))) or (not V30_move))</Invariant>
    <Invariant>(((V24_toofast or V25_stop) or (V27_dist &lt;= 9)) or (not V30_move))</Invariant>
    <Invariant>((V29_time = 0) or (0 &lt;= (V29_time + (-1))))</Invariant>
    <Invariant>((((V27_dist &lt;= 6) or (0 &lt;= (V29_time + (-3)))) or (0 &lt;= (V28_speed + (-2)))) or (not V30_move))</Invariant>
    <Ivc>V24_toofast</Ivc>
    <Ivc>V30_move</Ivc>
    <Ivc>V25_stop</Ivc>
    <Ivc>V27_dist</Ivc>
    <Ivc>OK</Ivc>
    <Ivc>V28_speed</Ivc>
    <Ivc>V29_time</Ivc>
    </IvcSet>
    <IvcSet number="2">
    <Invariant>((V27_dist &lt;= 9) or ((V27_dist + (-10)) = 0))</Invariant>
    <Invariant>OK</Invariant>
    <Ivc>V26_bump</Ivc>
    <Ivc>V30_move</Ivc>
    <Ivc>V27_dist</Ivc>
    <Ivc>OK</Ivc>
    </IvcSet>
  </Property>
</Results>
