<?xml version="1.0"?>
<Results xmlns:xsi="http://www.w3.org/2001/XMLSchema-instance">
   <UcRuntime unit="sec">0.016</UcRuntime>
   <Timeout unit="sec">79.53</Timeout>
   <ProofTime unit="sec">1.937</ProofTime>
   <Runtime unit="sec">1.953</Runtime>
   <IVC>OK</IVC>
   <IVC>V24_toofast</IVC>
   <IVC>V25_stop</IVC>
   <IVC>V26_bump</IVC>
   <IVC>V27_dist</IVC>
   <IVC>V28_speed</IVC>
   <IVC>V29_time</IVC>
   <IVC>V30_move</IVC>
   <IVC>V31_second</IVC>
   <IVC>V32_meter</IVC>
   <TRIVC>V26_bump</TRIVC>
   <TRIVC>V24_toofast</TRIVC>
   <TRIVC>V32_meter</TRIVC>
   <TRIVC>V30_move</TRIVC>
   <TRIVC>V25_stop</TRIVC>
   <TRIVC>V27_dist</TRIVC>
   <TRIVC>OK</TRIVC>
   <TRIVC>V31_second</TRIVC>
   <TRIVC>V28_speed</TRIVC>
   <TRIVC>V29_time</TRIVC>
</Results>
