<?xml version="1.0"?>
<Results xmlns:xsi="http://www.w3.org/2001/XMLSchema-instance">
  <Progress source="bmc" trueFor="1">
    <PropertyProgress name="OK"/>
  </Progress>
  <Property name="OK">
    <Runtime unit="sec">10.727</Runtime>
    <Answer source="invariant-generation">valid</Answer>
    <K>1</K>
    <NumberOfIVCs>2</NumberOfIVCs>
    <MustElem>V30_move</MustElem>
    <MustElem>V27_dist</MustElem>
    <MustElem>OK</MustElem>
    <IvcSet number="1">
    <Invariant>((V29_time = 0) or (0 &lt;= (V29_time + (-1))))</Invariant>
    <Invariant>((((0 &lt;= (V29_time + (-2))) or (not (V28_speed = 0))) or (not V30_move)) or (V27_dist &lt;= 3))</Invariant>
    <Invariant>((V24_toofast or ((V27_dist + (-1)) &lt;= 8)) or (V28_speed &lt;= 1))</Invariant>
    <Invariant>((((0 &lt;= (V29_time + (-3))) or (not (0 &lt;= (V27_dist + (-6))))) or (not (V28_speed = 0))) or (not V30_move))</Invariant>
    <Invariant>((((not (V29_time = 0)) or ((V27_dist + (-1)) &lt;= 1)) or (not V30_move)) or (not (V28_speed &lt;= 1)))</Invariant>
    <Invariant>(((V28_speed = 0) or (not (V28_speed &lt;= 1))) or (not (0 &lt;= (V27_dist + (-9)))))</Invariant>
    <Invariant>((((V27_dist &lt;= 6) or (0 &lt;= (V29_time + (-3)))) or (not V30_move)) or (not (V28_speed &lt;= 1)))</Invariant>
    <Invariant>OK</Invariant>
    <Invariant>((((0 &lt;= (V29_time + (-2))) or (V27_dist &lt;= 4)) or (not V30_move)) or (not (V28_speed &lt;= 1)))</Invariant>
    <Invariant>(V27_dist &lt;= 10)</Invariant>
    <Invariant>(0 &lt;= V28_speed)</Invariant>
    <Invariant>((((not (V28_speed = 0)) or (not V30_move)) or V25_stop) or (V27_dist &lt;= 7))</Invariant>
    <Invariant>((((not (V29_time = 0)) or ((V27_dist + (-1)) &lt;= 0)) or (not (V28_speed = 0))) or (not V30_move))</Invariant>
    <Invariant>(((V24_toofast or (not (0 &lt;= (V27_dist + (-6))))) or (0 &lt;= (V29_time + (-2)))) or (not V30_move))</Invariant>
    <Invariant>((((not (V29_time = 0)) or V24_toofast) or (V27_dist &lt;= 4)) or (not V30_move))</Invariant>
    <Invariant>(((V24_toofast or (0 &lt;= (V29_time + (-3)))) or (not V30_move)) or (V27_dist &lt;= 7))</Invariant>
    <Invariant>((((not (V29_time = 0)) or V24_toofast) or (not V30_move)) or (V27_dist &lt;= 3))</Invariant>
    <Ivc>V24_toofast</Ivc>
    <Ivc>V32_meter</Ivc>
    <Ivc>V30_move</Ivc>
    <Ivc>V25_stop</Ivc>
    <Ivc>V27_dist</Ivc>
    <Ivc>OK</Ivc>
    <Ivc>V31_second</Ivc>
    <Ivc>V28_speed</Ivc>
    <Ivc>V29_time</Ivc>
    </IvcSet>
    <IvcSet number="2">
    <Invariant>((V27_dist + (-1)) &lt;= 9)</Invariant>
    <Invariant>OK</Invariant>
    <Ivc>V26_bump</Ivc>
    <Ivc>V30_move</Ivc>
    <Ivc>V27_dist</Ivc>
    <Ivc>OK</Ivc>
    </IvcSet>
  </Property>
</Results>
