<?xml version="1.0"?>
<Results xmlns:xsi="http://www.w3.org/2001/XMLSchema-instance">
  <Progress source="bmc" trueFor="1">
    <PropertyProgress name="OK"/>
  </Progress>
  <Property name="OK">
    <Runtime unit="sec">1.203</Runtime>
    <Answer source="pdr">valid</Answer>
    <K>1</K>
    <NumberOfIVCs>1</NumberOfIVCs>
    <MustElem>V27_dist</MustElem>
    <MustElem>OK</MustElem>
    <IvcSet number="1">
    <Invariant>(0 &lt;= V27_dist)</Invariant>
    <Invariant>OK</Invariant>
    <Ivc>V27_dist</Ivc>
    <Ivc>OK</Ivc>
    </IvcSet>
  </Property>
</Results>
