<?xml version="1.0"?>
<Results xmlns:xsi="http://www.w3.org/2001/XMLSchema-instance">
  <Progress source="bmc" trueFor="1">
    <PropertyProgress name="OK"/>
  </Progress>
  <Progress source="bmc" trueFor="2">
    <PropertyProgress name="OK"/>
  </Progress>
  <Progress source="bmc" trueFor="3">
    <PropertyProgress name="OK"/>
  </Progress>
  <Progress source="bmc" trueFor="4">
    <PropertyProgress name="OK"/>
  </Progress>
  <Property name="OK">
    <Runtime unit="sec">1.219</Runtime>
    <Answer source="k-induction">valid</Answer>
    <K>1</K>
    <NumberOfIVCs>1</NumberOfIVCs>
    <MustElem>V26_bump</MustElem>
    <MustElem>V30_move</MustElem>
    <MustElem>V27_dist</MustElem>
    <MustElem>OK</MustElem>
    <MustElem>V33_env</MustElem>
    <IvcSet number="1">
    <Invariant>OK</Invariant>
    <Ivc>V26_bump</Ivc>
    <Ivc>V30_move</Ivc>
    <Ivc>V27_dist</Ivc>
    <Ivc>OK</Ivc>
    <Ivc>V33_env</Ivc>
    </IvcSet>
  </Property>
</Results>
