<?xml version="1.0"?>
<Results xmlns:xsi="http://www.w3.org/2001/XMLSchema-instance">
   <UcRuntime unit="sec">0.01</UcRuntime>
   <Timeout unit="sec">61.51</Timeout>
   <ProofTime unit="sec">0.141</ProofTime>
   <Runtime unit="sec">0.151</Runtime>
   <IVC>OK</IVC>
   <IVC>V24_toofast</IVC>
   <IVC>V27_dist</IVC>
   <IVC>V28_speed</IVC>
   <IVC>V30_move</IVC>
   <IVC>V32_meter</IVC>
   <IVC>V33_env</IVC>
   <IVC>V90_X</IVC>
   <TRIVC>V90_X</TRIVC>
   <TRIVC>V24_toofast</TRIVC>
   <TRIVC>V32_meter</TRIVC>
   <TRIVC>V30_move</TRIVC>
   <TRIVC>V27_dist</TRIVC>
   <TRIVC>OK</TRIVC>
   <TRIVC>V28_speed</TRIVC>
   <TRIVC>V33_env</TRIVC>
</Results>
