<?xml version="1.0"?>
<Results xmlns:xsi="http://www.w3.org/2001/XMLSchema-instance">
  <Progress source="bmc" trueFor="1">
    <PropertyProgress name="OK"/>
  </Progress>
  <Progress source="bmc" trueFor="2">
    <PropertyProgress name="OK"/>
  </Progress>
  <Progress source="bmc" trueFor="3">
    <PropertyProgress name="OK"/>
  </Progress>
  <Progress source="bmc" trueFor="4">
    <PropertyProgress name="OK"/>
  </Progress>
  <Progress source="bmc" trueFor="5">
    <PropertyProgress name="OK"/>
  </Progress>
  <Progress source="bmc" trueFor="6">
    <PropertyProgress name="OK"/>
  </Progress>
  <Progress source="bmc" trueFor="7">
    <PropertyProgress name="OK"/>
  </Progress>
  <Progress source="bmc" trueFor="8">
    <PropertyProgress name="OK"/>
  </Progress>
  <Progress source="bmc" trueFor="9">
    <PropertyProgress name="OK"/>
  </Progress>
  <Progress source="bmc" trueFor="10">
    <PropertyProgress name="OK"/>
  </Progress>
  <Progress source="bmc" trueFor="11">
    <PropertyProgress name="OK"/>
  </Progress>
  <Progress source="bmc" trueFor="12">
    <PropertyProgress name="OK"/>
  </Progress>
  <Progress source="bmc" trueFor="13">
    <PropertyProgress name="OK"/>
  </Progress>
  <Progress source="bmc" trueFor="14">
    <PropertyProgress name="OK"/>
  </Progress>
  <Progress source="bmc" trueFor="15">
    <PropertyProgress name="OK"/>
  </Progress>
  <Progress source="bmc" trueFor="16">
    <PropertyProgress name="OK"/>
  </Progress>
  <Progress source="bmc" trueFor="17">
    <PropertyProgress name="OK"/>
  </Progress>
  <Progress source="bmc" trueFor="18">
    <PropertyProgress name="OK"/>
  </Progress>
  <Progress source="bmc" trueFor="19">
    <PropertyProgress name="OK"/>
  </Progress>
  <Progress source="bmc" trueFor="20">
    <PropertyProgress name="OK"/>
  </Progress>
  <Progress source="bmc" trueFor="21">
    <PropertyProgress name="OK"/>
  </Progress>
  <Progress source="bmc" trueFor="22">
    <PropertyProgress name="OK"/>
  </Progress>
  <Progress source="bmc" trueFor="23">
    <PropertyProgress name="OK"/>
  </Progress>
  <Progress source="bmc" trueFor="24">
    <PropertyProgress name="OK"/>
  </Progress>
  <Progress source="bmc" trueFor="25">
    <PropertyProgress name="OK"/>
  </Progress>
  <Progress source="bmc" trueFor="26">
    <PropertyProgress name="OK"/>
  </Progress>
  <Progress source="bmc" trueFor="27">
    <PropertyProgress name="OK"/>
  </Progress>
  <Progress source="bmc" trueFor="28">
    <PropertyProgress name="OK"/>
  </Progress>
  <Progress source="bmc" trueFor="29">
    <PropertyProgress name="OK"/>
  </Progress>
  <Progress source="bmc" trueFor="30">
    <PropertyProgress name="OK"/>
  </Progress>
  <Progress source="bmc" trueFor="31">
    <PropertyProgress name="OK"/>
  </Progress>
  <Progress source="bmc" trueFor="32">
    <PropertyProgress name="OK"/>
  </Progress>
  <Progress source="bmc" trueFor="33">
    <PropertyProgress name="OK"/>
  </Progress>
  <Progress source="bmc" trueFor="34">
    <PropertyProgress name="OK"/>
  </Progress>
  <Progress source="bmc" trueFor="35">
    <PropertyProgress name="OK"/>
  </Progress>
  <Progress source="bmc" trueFor="36">
    <PropertyProgress name="OK"/>
  </Progress>
  <Progress source="bmc" trueFor="37">
    <PropertyProgress name="OK"/>
  </Progress>
  <Progress source="bmc" trueFor="38">
    <PropertyProgress name="OK"/>
  </Progress>
  <Progress source="bmc" trueFor="39">
    <PropertyProgress name="OK"/>
  </Progress>
  <Progress source="bmc" trueFor="40">
    <PropertyProgress name="OK"/>
  </Progress>
  <Progress source="bmc" trueFor="41">
    <PropertyProgress name="OK"/>
  </Progress>
  <Progress source="bmc" trueFor="42">
    <PropertyProgress name="OK"/>
  </Progress>
  <Progress source="bmc" trueFor="43">
    <PropertyProgress name="OK"/>
  </Progress>
  <Progress source="bmc" trueFor="44">
    <PropertyProgress name="OK"/>
  </Progress>
  <Progress source="bmc" trueFor="45">
    <PropertyProgress name="OK"/>
  </Progress>
  <Progress source="bmc" trueFor="46">
    <PropertyProgress name="OK"/>
  </Progress>
  <Progress source="bmc" trueFor="47">
    <PropertyProgress name="OK"/>
  </Progress>
  <Progress source="bmc" trueFor="48">
    <PropertyProgress name="OK"/>
  </Progress>
  <Progress source="bmc" trueFor="49">
    <PropertyProgress name="OK"/>
  </Progress>
  <Progress source="bmc" trueFor="50">
    <PropertyProgress name="OK"/>
  </Progress>
  <Progress source="bmc" trueFor="51">
    <PropertyProgress name="OK"/>
  </Progress>
  <Progress source="bmc" trueFor="52">
    <PropertyProgress name="OK"/>
  </Progress>
  <Progress source="bmc" trueFor="53">
    <PropertyProgress name="OK"/>
  </Progress>
  <Progress source="bmc" trueFor="54">
    <PropertyProgress name="OK"/>
  </Progress>
  <Progress source="bmc" trueFor="55">
    <PropertyProgress name="OK"/>
  </Progress>
  <Progress source="bmc" trueFor="56">
    <PropertyProgress name="OK"/>
  </Progress>
  <Progress source="bmc" trueFor="57">
    <PropertyProgress name="OK"/>
  </Progress>
  <Progress source="bmc" trueFor="58">
    <PropertyProgress name="OK"/>
  </Progress>
  <Progress source="bmc" trueFor="59">
    <PropertyProgress name="OK"/>
  </Progress>
  <Progress source="bmc" trueFor="60">
    <PropertyProgress name="OK"/>
  </Progress>
  <Progress source="bmc" trueFor="61">
    <PropertyProgress name="OK"/>
  </Progress>
  <Progress source="bmc" trueFor="62">
    <PropertyProgress name="OK"/>
  </Progress>
  <Progress source="bmc" trueFor="63">
    <PropertyProgress name="OK"/>
  </Progress>
  <Progress source="bmc" trueFor="64">
    <PropertyProgress name="OK"/>
  </Progress>
  <Progress source="bmc" trueFor="65">
    <PropertyProgress name="OK"/>
  </Progress>
  <Progress source="bmc" trueFor="66">
    <PropertyProgress name="OK"/>
  </Progress>
  <Progress source="bmc" trueFor="67">
    <PropertyProgress name="OK"/>
  </Progress>
  <Progress source="bmc" trueFor="68">
    <PropertyProgress name="OK"/>
  </Progress>
  <Progress source="bmc" trueFor="69">
    <PropertyProgress name="OK"/>
  </Progress>
  <Progress source="bmc" trueFor="70">
    <PropertyProgress name="OK"/>
  </Progress>
  <Progress source="bmc" trueFor="71">
    <PropertyProgress name="OK"/>
  </Progress>
  <Progress source="bmc" trueFor="72">
    <PropertyProgress name="OK"/>
  </Progress>
  <Progress source="bmc" trueFor="73">
    <PropertyProgress name="OK"/>
  </Progress>
  <Progress source="bmc" trueFor="74">
    <PropertyProgress name="OK"/>
  </Progress>
  <Progress source="bmc" trueFor="75">
    <PropertyProgress name="OK"/>
  </Progress>
  <Progress source="bmc" trueFor="76">
    <PropertyProgress name="OK"/>
  </Progress>
  <Progress source="bmc" trueFor="77">
    <PropertyProgress name="OK"/>
  </Progress>
  <Property name="OK">
    <Runtime unit="sec">1.609</Runtime>
    <Answer source="k-induction">valid</Answer>
    <K>9</K>
    <NumberOfIVCs>1</NumberOfIVCs>
    <MustElem>V24_minus</MustElem>
    <MustElem>V23_plus</MustElem>
    <MustElem>V109_cpt</MustElem>
    <MustElem>V25_realistic</MustElem>
    <MustElem>V110_acceptable</MustElem>
    <MustElem>V22_speed</MustElem>
    <MustElem>OK</MustElem>
    <MustElem>V98_Sofar</MustElem>
    <MustElem>V93_X</MustElem>
    <IvcSet number="1">
    <Invariant>OK</Invariant>
    <Ivc>V24_minus</Ivc>
    <Ivc>V23_plus</Ivc>
    <Ivc>V109_cpt</Ivc>
    <Ivc>V25_realistic</Ivc>
    <Ivc>V110_acceptable</Ivc>
    <Ivc>V22_speed</Ivc>
    <Ivc>OK</Ivc>
    <Ivc>V98_Sofar</Ivc>
    <Ivc>V93_X</Ivc>
    </IvcSet>
  </Property>
</Results>
