<?xml version="1.0"?>
<Results xmlns:xsi="http://www.w3.org/2001/XMLSchema-instance">
   <UcRuntime unit="sec">0.016</UcRuntime>
   <Timeout unit="sec">64.69</Timeout>
   <ProofTime unit="sec">0.453</ProofTime>
   <Runtime unit="sec">0.46900000000000003</Runtime>
   <IVC>OK</IVC>
   <IVC>V22_speed</IVC>
   <IVC>V23_plus</IVC>
   <IVC>V24_minus</IVC>
   <IVC>V25_realistic</IVC>
   <IVC>V93_X</IVC>
   <IVC>V98_Sofar</IVC>
   <IVC>V109_cpt</IVC>
   <IVC>V110_acceptable</IVC>
   <TRIVC>V24_minus</TRIVC>
   <TRIVC>V23_plus</TRIVC>
   <TRIVC>V109_cpt</TRIVC>
   <TRIVC>V25_realistic</TRIVC>
   <TRIVC>V110_acceptable</TRIVC>
   <TRIVC>V22_speed</TRIVC>
   <TRIVC>OK</TRIVC>
   <TRIVC>V98_Sofar</TRIVC>
   <TRIVC>V93_X</TRIVC>
</Results>
