<?xml version="1.0"?>
<Results xmlns:xsi="http://www.w3.org/2001/XMLSchema-instance">
   <UcRuntime unit="sec">0.016</UcRuntime>
   <Timeout unit="sec">61.41</Timeout>
   <ProofTime unit="sec">0.125</ProofTime>
   <Runtime unit="sec">0.14100000000000001</Runtime>
   <IVC>Microwave_SEng5861__Display_Control__Impl__update_digit~0.carry_value</IVC>
   <IVC>Microwave_SEng5861__Display_Control__Impl__update_digit~0.digit</IVC>
   <IVC>Microwave_SEng5861__Display_Control__Impl__update_digit~0.prev_right</IVC>
   <IVC>__GUARANTEE2</IVC>
   <TRIVC>Microwave_SEng5861__Display_Control__Impl__update_digit.prev_right</TRIVC>
   <TRIVC>__GUARANTEE2</TRIVC>
   <TRIVC>Microwave_SEng5861__Display_Control__Impl__update_digit.digit</TRIVC>
   <TRIVC>Microwave_SEng5861__Display_Control__Impl__update_digit.carry_value</TRIVC>
</Results>
