<?xml version="1.0"?>
<Results xmlns:xsi="http://www.w3.org/2001/XMLSchema-instance">
  <Progress source="bmc" trueFor="1">
    <PropertyProgress name="__GUARANTEE2"/>
  </Progress>
  <Progress source="bmc" trueFor="2">
    <PropertyProgress name="__GUARANTEE2"/>
  </Progress>
  <Progress source="bmc" trueFor="3">
    <PropertyProgress name="__GUARANTEE2"/>
  </Progress>
  <Progress source="bmc" trueFor="4">
    <PropertyProgress name="__GUARANTEE2"/>
  </Progress>
  <Progress source="bmc" trueFor="5">
    <PropertyProgress name="__GUARANTEE2"/>
  </Progress>
  <Progress source="bmc" trueFor="6">
    <PropertyProgress name="__GUARANTEE2"/>
  </Progress>
  <Progress source="bmc" trueFor="7">
    <PropertyProgress name="__GUARANTEE2"/>
  </Progress>
  <Progress source="bmc" trueFor="8">
    <PropertyProgress name="__GUARANTEE2"/>
  </Progress>
  <Progress source="bmc" trueFor="9">
    <PropertyProgress name="__GUARANTEE2"/>
  </Progress>
  <Progress source="bmc" trueFor="10">
    <PropertyProgress name="__GUARANTEE2"/>
  </Progress>
  <Progress source="bmc" trueFor="11">
    <PropertyProgress name="__GUARANTEE2"/>
  </Progress>
  <Property name="__GUARANTEE2">
    <Runtime unit="sec">1.032</Runtime>
    <Answer source="k-induction">valid</Answer>
    <K>1</K>
    <NumberOfIVCs>1</NumberOfIVCs>
    <MustElem>Microwave_SEng5861__Display_Control__Impl__update_digit.prev_right</MustElem>
    <MustElem>__GUARANTEE2</MustElem>
    <MustElem>Microwave_SEng5861__Display_Control__Impl__update_digit.digit</MustElem>
    <MustElem>Microwave_SEng5861__Display_Control__Impl__update_digit.carry_value</MustElem>
    <IvcSet number="1">
    <Invariant>__GUARANTEE2</Invariant>
    <Ivc>Microwave_SEng5861__Display_Control__Impl__update_digit.prev_right</Ivc>
    <Ivc>__GUARANTEE2</Ivc>
    <Ivc>Microwave_SEng5861__Display_Control__Impl__update_digit.digit</Ivc>
    <Ivc>Microwave_SEng5861__Display_Control__Impl__update_digit.carry_value</Ivc>
    </IvcSet>
  </Property>
</Results>
