<?xml version="1.0"?>
<Results xmlns:xsi="http://www.w3.org/2001/XMLSchema-instance">
  <Progress source="bmc" trueFor="1">
    <PropertyProgress name="__GUARANTEE1"/>
  </Progress>
  <Progress source="bmc" trueFor="2">
    <PropertyProgress name="__GUARANTEE1"/>
  </Progress>
  <Progress source="bmc" trueFor="3">
    <PropertyProgress name="__GUARANTEE1"/>
  </Progress>
  <Progress source="bmc" trueFor="4">
    <PropertyProgress name="__GUARANTEE1"/>
  </Progress>
  <Progress source="bmc" trueFor="5">
    <PropertyProgress name="__GUARANTEE1"/>
  </Progress>
  <Progress source="bmc" trueFor="6">
    <PropertyProgress name="__GUARANTEE1"/>
  </Progress>
  <Progress source="bmc" trueFor="7">
    <PropertyProgress name="__GUARANTEE1"/>
  </Progress>
  <Progress source="bmc" trueFor="8">
    <PropertyProgress name="__GUARANTEE1"/>
  </Progress>
  <Progress source="bmc" trueFor="9">
    <PropertyProgress name="__GUARANTEE1"/>
  </Progress>
  <Progress source="bmc" trueFor="10">
    <PropertyProgress name="__GUARANTEE1"/>
  </Progress>
  <Progress source="bmc" trueFor="11">
    <PropertyProgress name="__GUARANTEE1"/>
  </Progress>
  <Progress source="bmc" trueFor="12">
    <PropertyProgress name="__GUARANTEE1"/>
  </Progress>
  <Progress source="bmc" trueFor="13">
    <PropertyProgress name="__GUARANTEE1"/>
  </Progress>
  <Progress source="bmc" trueFor="14">
    <PropertyProgress name="__GUARANTEE1"/>
  </Progress>
  <Progress source="bmc" trueFor="15">
    <PropertyProgress name="__GUARANTEE1"/>
  </Progress>
  <Progress source="bmc" trueFor="16">
    <PropertyProgress name="__GUARANTEE1"/>
  </Progress>
  <Progress source="bmc" trueFor="17">
    <PropertyProgress name="__GUARANTEE1"/>
  </Progress>
  <Progress source="bmc" trueFor="18">
    <PropertyProgress name="__GUARANTEE1"/>
  </Progress>
  <Progress source="bmc" trueFor="19">
    <PropertyProgress name="__GUARANTEE1"/>
  </Progress>
  <Property name="__GUARANTEE1">
    <Runtime unit="sec">2.5</Runtime>
    <Answer source="pdr">valid</Answer>
    <K>1</K>
    <NumberOfIVCs>1</NumberOfIVCs>
    <MustElem>Microwave_SEng5861__Display_Control__Impl__update_digit.prev_right</MustElem>
    <MustElem>__GUARANTEE1</MustElem>
    <MustElem>Microwave_SEng5861__Display_Control__Impl__update_digit.digit</MustElem>
    <MustElem>Microwave_SEng5861__Display_Control__Impl__update_digit.carry_value</MustElem>
    <IvcSet number="1">
    <Invariant>((right_eq + (-9)) &lt;= 0)</Invariant>
    <Invariant>__GUARANTEE1</Invariant>
    <Invariant>(0 &lt;= right_eq)</Invariant>
    <Ivc>Microwave_SEng5861__Display_Control__Impl__update_digit.prev_right</Ivc>
    <Ivc>__GUARANTEE1</Ivc>
    <Ivc>Microwave_SEng5861__Display_Control__Impl__update_digit.digit</Ivc>
    <Ivc>Microwave_SEng5861__Display_Control__Impl__update_digit.carry_value</Ivc>
    </IvcSet>
  </Property>
</Results>
