<?xml version="1.0"?>
<Results xmlns:xsi="http://www.w3.org/2001/XMLSchema-instance">
  <Progress source="bmc" trueFor="1">
    <PropertyProgress name="__GUARANTEE6"/>
  </Progress>
  <Progress source="bmc" trueFor="2">
    <PropertyProgress name="__GUARANTEE6"/>
  </Progress>
  <Progress source="bmc" trueFor="3">
    <PropertyProgress name="__GUARANTEE6"/>
  </Progress>
  <Progress source="bmc" trueFor="4">
    <PropertyProgress name="__GUARANTEE6"/>
  </Progress>
  <Progress source="bmc" trueFor="5">
    <PropertyProgress name="__GUARANTEE6"/>
  </Progress>
  <Progress source="bmc" trueFor="6">
    <PropertyProgress name="__GUARANTEE6"/>
  </Progress>
  <Progress source="bmc" trueFor="7">
    <PropertyProgress name="__GUARANTEE6"/>
  </Progress>
  <Progress source="bmc" trueFor="8">
    <PropertyProgress name="__GUARANTEE6"/>
  </Progress>
  <Progress source="bmc" trueFor="9">
    <PropertyProgress name="__GUARANTEE6"/>
  </Progress>
  <Progress source="bmc" trueFor="10">
    <PropertyProgress name="__GUARANTEE6"/>
  </Progress>
  <Progress source="bmc" trueFor="11">
    <PropertyProgress name="__GUARANTEE6"/>
  </Progress>
  <Progress source="bmc" trueFor="12">
    <PropertyProgress name="__GUARANTEE6"/>
  </Progress>
  <Progress source="bmc" trueFor="13">
    <PropertyProgress name="__GUARANTEE6"/>
  </Progress>
  <Progress source="bmc" trueFor="14">
    <PropertyProgress name="__GUARANTEE6"/>
  </Progress>
  <Progress source="bmc" trueFor="15">
    <PropertyProgress name="__GUARANTEE6"/>
  </Progress>
  <Progress source="bmc" trueFor="16">
    <PropertyProgress name="__GUARANTEE6"/>
  </Progress>
  <Property name="__GUARANTEE6">
    <Runtime unit="sec">0.937</Runtime>
    <Answer source="k-induction">valid</Answer>
    <K>0</K>
    <NumberOfIVCs>1</NumberOfIVCs>
    <MustElem>defs__initially_true.result</MustElem>
    <MustElem>__GUARANTEE6</MustElem>
    <MustElem>defs__initially_true.b</MustElem>
    <MustElem>Microwave_SEng5861__Display_Control__Impl__update_digit.digit</MustElem>
    <IvcSet number="1">
    <Invariant>__GUARANTEE6</Invariant>
    <Ivc>defs__initially_true.result</Ivc>
    <Ivc>__GUARANTEE6</Ivc>
    <Ivc>defs__initially_true.b</Ivc>
    <Ivc>Microwave_SEng5861__Display_Control__Impl__update_digit.digit</Ivc>
    </IvcSet>
  </Property>
</Results>
