<?xml version="1.0"?>
<Results xmlns:xsi="http://www.w3.org/2001/XMLSchema-instance">
   <UcRuntime unit="sec">0.031</UcRuntime>
   <Timeout unit="sec">69.84</Timeout>
   <ProofTime unit="sec">0.953</ProofTime>
   <Runtime unit="sec">0.984</Runtime>
   <IVC>_TOP__DC~0.__ASSERT</IVC>
   <IVC>_TOP__DC~0.__ASSUME__CONJ</IVC>
   <IVC>_TOP__DC~0.__ASSUME__HIST</IVC>
   <IVC>_TOP__DC~0.seconds_to_cook</IVC>
   <IVC>_TOP__MC~0.__ASSERT</IVC>
   <IVC>_TOP__MC~0.__ASSUME0</IVC>
   <IVC>_TOP__MC~0.seconds_to_cook</IVC>
   <TRIVC>_TOP__MC.__ASSERT</TRIVC>
   <TRIVC>_TOP__MC.__ASSUME0</TRIVC>
   <TRIVC>_TOP__DC.__ASSUME__CONJ</TRIVC>
   <TRIVC>_TOP__DC.__ASSERT</TRIVC>
   <TRIVC>_TOP__MC.seconds_to_cook</TRIVC>
   <TRIVC>_TOP__DC.seconds_to_cook</TRIVC>
   <TRIVC>_TOP__DC.__ASSUME__HIST</TRIVC>
</Results>
