<?xml version="1.0"?>
<Results xmlns:xsi="http://www.w3.org/2001/XMLSchema-instance">
  <Progress source="bmc" trueFor="1">
    <PropertyProgress name="MC____ASSUME0"/>
  </Progress>
  <Progress source="bmc" trueFor="2">
    <PropertyProgress name="MC____ASSUME0"/>
  </Progress>
  <Progress source="bmc" trueFor="3">
    <PropertyProgress name="MC____ASSUME0"/>
  </Progress>
  <Progress source="bmc" trueFor="4">
    <PropertyProgress name="MC____ASSUME0"/>
  </Progress>
  <Progress source="bmc" trueFor="5">
    <PropertyProgress name="MC____ASSUME0"/>
  </Progress>
  <Progress source="bmc" trueFor="6">
    <PropertyProgress name="MC____ASSUME0"/>
  </Progress>
  <Progress source="bmc" trueFor="7">
    <PropertyProgress name="MC____ASSUME0"/>
  </Progress>
  <Progress source="bmc" trueFor="8">
    <PropertyProgress name="MC____ASSUME0"/>
  </Progress>
  <Progress source="bmc" trueFor="9">
    <PropertyProgress name="MC____ASSUME0"/>
  </Progress>
  <Progress source="bmc" trueFor="10">
    <PropertyProgress name="MC____ASSUME0"/>
  </Progress>
  <Progress source="bmc" trueFor="11">
    <PropertyProgress name="MC____ASSUME0"/>
  </Progress>
  <Progress source="bmc" trueFor="12">
    <PropertyProgress name="MC____ASSUME0"/>
  </Progress>
  <Progress source="bmc" trueFor="13">
    <PropertyProgress name="MC____ASSUME0"/>
  </Progress>
  <Progress source="bmc" trueFor="14">
    <PropertyProgress name="MC____ASSUME0"/>
  </Progress>
  <Progress source="bmc" trueFor="15">
    <PropertyProgress name="MC____ASSUME0"/>
  </Progress>
  <Progress source="bmc" trueFor="16">
    <PropertyProgress name="MC____ASSUME0"/>
  </Progress>
  <Progress source="bmc" trueFor="17">
    <PropertyProgress name="MC____ASSUME0"/>
  </Progress>
  <Progress source="bmc" trueFor="18">
    <PropertyProgress name="MC____ASSUME0"/>
  </Progress>
  <Progress source="bmc" trueFor="19">
    <PropertyProgress name="MC____ASSUME0"/>
  </Progress>
  <Progress source="bmc" trueFor="20">
    <PropertyProgress name="MC____ASSUME0"/>
  </Progress>
  <Progress source="bmc" trueFor="21">
    <PropertyProgress name="MC____ASSUME0"/>
  </Progress>
  <Progress source="bmc" trueFor="22">
    <PropertyProgress name="MC____ASSUME0"/>
  </Progress>
  <Progress source="bmc" trueFor="23">
    <PropertyProgress name="MC____ASSUME0"/>
  </Progress>
  <Progress source="bmc" trueFor="24">
    <PropertyProgress name="MC____ASSUME0"/>
  </Progress>
  <Progress source="bmc" trueFor="25">
    <PropertyProgress name="MC____ASSUME0"/>
  </Progress>
  <Progress source="bmc" trueFor="26">
    <PropertyProgress name="MC____ASSUME0"/>
  </Progress>
  <Progress source="bmc" trueFor="27">
    <PropertyProgress name="MC____ASSUME0"/>
  </Progress>
  <Progress source="bmc" trueFor="28">
    <PropertyProgress name="MC____ASSUME0"/>
  </Progress>
  <Progress source="bmc" trueFor="29">
    <PropertyProgress name="MC____ASSUME0"/>
  </Progress>
  <Progress source="bmc" trueFor="30">
    <PropertyProgress name="MC____ASSUME0"/>
  </Progress>
  <Progress source="bmc" trueFor="31">
    <PropertyProgress name="MC____ASSUME0"/>
  </Progress>
  <Progress source="bmc" trueFor="32">
    <PropertyProgress name="MC____ASSUME0"/>
  </Progress>
  <Progress source="bmc" trueFor="33">
    <PropertyProgress name="MC____ASSUME0"/>
  </Progress>
  <Progress source="bmc" trueFor="34">
    <PropertyProgress name="MC____ASSUME0"/>
  </Progress>
  <Progress source="bmc" trueFor="35">
    <PropertyProgress name="MC____ASSUME0"/>
  </Progress>
  <Progress source="bmc" trueFor="36">
    <PropertyProgress name="MC____ASSUME0"/>
  </Progress>
  <Progress source="bmc" trueFor="37">
    <PropertyProgress name="MC____ASSUME0"/>
  </Progress>
  <Progress source="bmc" trueFor="38">
    <PropertyProgress name="MC____ASSUME0"/>
  </Progress>
  <Progress source="bmc" trueFor="39">
    <PropertyProgress name="MC____ASSUME0"/>
  </Progress>
  <Progress source="bmc" trueFor="40">
    <PropertyProgress name="MC____ASSUME0"/>
  </Progress>
  <Progress source="bmc" trueFor="41">
    <PropertyProgress name="MC____ASSUME0"/>
  </Progress>
  <Progress source="bmc" trueFor="42">
    <PropertyProgress name="MC____ASSUME0"/>
  </Progress>
  <Progress source="bmc" trueFor="43">
    <PropertyProgress name="MC____ASSUME0"/>
  </Progress>
  <Progress source="bmc" trueFor="44">
    <PropertyProgress name="MC____ASSUME0"/>
  </Progress>
  <Progress source="bmc" trueFor="45">
    <PropertyProgress name="MC____ASSUME0"/>
  </Progress>
  <Progress source="bmc" trueFor="46">
    <PropertyProgress name="MC____ASSUME0"/>
  </Progress>
  <Progress source="bmc" trueFor="47">
    <PropertyProgress name="MC____ASSUME0"/>
  </Progress>
  <Progress source="bmc" trueFor="48">
    <PropertyProgress name="MC____ASSUME0"/>
  </Progress>
  <Progress source="bmc" trueFor="49">
    <PropertyProgress name="MC____ASSUME0"/>
  </Progress>
  <Progress source="bmc" trueFor="50">
    <PropertyProgress name="MC____ASSUME0"/>
  </Progress>
  <Progress source="bmc" trueFor="51">
    <PropertyProgress name="MC____ASSUME0"/>
  </Progress>
  <Progress source="bmc" trueFor="52">
    <PropertyProgress name="MC____ASSUME0"/>
  </Progress>
  <Progress source="bmc" trueFor="53">
    <PropertyProgress name="MC____ASSUME0"/>
  </Progress>
  <Progress source="bmc" trueFor="54">
    <PropertyProgress name="MC____ASSUME0"/>
  </Progress>
  <Progress source="bmc" trueFor="55">
    <PropertyProgress name="MC____ASSUME0"/>
  </Progress>
  <Progress source="bmc" trueFor="56">
    <PropertyProgress name="MC____ASSUME0"/>
  </Progress>
  <Progress source="bmc" trueFor="57">
    <PropertyProgress name="MC____ASSUME0"/>
  </Progress>
  <Progress source="bmc" trueFor="58">
    <PropertyProgress name="MC____ASSUME0"/>
  </Progress>
  <Progress source="bmc" trueFor="59">
    <PropertyProgress name="MC____ASSUME0"/>
  </Progress>
  <Progress source="bmc" trueFor="60">
    <PropertyProgress name="MC____ASSUME0"/>
  </Progress>
  <Property name="MC____ASSUME0">
    <Runtime unit="sec">1.422</Runtime>
    <Answer source="pdr">valid</Answer>
    <K>1</K>
    <NumberOfIVCs>1</NumberOfIVCs>
    <MustElem>_TOP__MC.__ASSERT</MustElem>
    <MustElem>_TOP__MC.__ASSUME0</MustElem>
    <MustElem>_TOP__DC.__ASSUME__CONJ</MustElem>
    <MustElem>_TOP__DC.__ASSERT</MustElem>
    <MustElem>_TOP__MC.seconds_to_cook</MustElem>
    <MustElem>_TOP__DC.seconds_to_cook</MustElem>
    <MustElem>_TOP__DC.__ASSUME__HIST</MustElem>
    <IvcSet number="1">
    <Invariant>MC____ASSUME0</Invariant>
    <Invariant>_TOP__DC~0.__ASSUME__HIST</Invariant>
    <Ivc>_TOP__MC.__ASSERT</Ivc>
    <Ivc>_TOP__MC.__ASSUME0</Ivc>
    <Ivc>_TOP__DC.__ASSUME__CONJ</Ivc>
    <Ivc>_TOP__DC.__ASSERT</Ivc>
    <Ivc>_TOP__MC.seconds_to_cook</Ivc>
    <Ivc>_TOP__DC.seconds_to_cook</Ivc>
    <Ivc>_TOP__DC.__ASSUME__HIST</Ivc>
    </IvcSet>
  </Property>
</Results>
