<?xml version="1.0"?>
<Results xmlns:xsi="http://www.w3.org/2001/XMLSchema-instance">
   <UcRuntime unit="sec">0.047</UcRuntime>
   <Timeout unit="sec">102.97</Timeout>
   <ProofTime unit="sec">4.25</ProofTime>
   <Runtime unit="sec">4.297</Runtime>
   <IVC>Microwave_SEng5861__Display_Control__Impl__update_digit~0.carry_value</IVC>
   <IVC>Microwave_SEng5861__Display_Control__Impl__update_digit~0.digit</IVC>
   <IVC>Microwave_SEng5861__Display_Control__Impl__update_digit~0.prev_right</IVC>
   <IVC>Microwave_SEng5861__Display_Control__Impl__update_digit~1.carry_value</IVC>
   <IVC>Microwave_SEng5861__Display_Control__Impl__update_digit~1.digit</IVC>
   <IVC>Microwave_SEng5861__Display_Control__Impl__update_digit~1.prev_right</IVC>
   <IVC>Microwave_SEng5861__Display_Control__Impl__update_digit~2.carry_value</IVC>
   <IVC>Microwave_SEng5861__Display_Control__Impl__update_digit~2.digit</IVC>
   <IVC>Microwave_SEng5861__Display_Control__Impl__update_digit~2.prev_right</IVC>
   <IVC>__GUARANTEE0</IVC>
   <TRIVC>Microwave_SEng5861__Display_Control__Impl__update_digit.prev_right</TRIVC>
   <TRIVC>__GUARANTEE0</TRIVC>
   <TRIVC>Microwave_SEng5861__Display_Control__Impl__update_digit.digit</TRIVC>
   <TRIVC>Microwave_SEng5861__Display_Control__Impl__update_digit.carry_value</TRIVC>
</Results>
