<?xml version="1.0"?>
<Results xmlns:xsi="http://www.w3.org/2001/XMLSchema-instance">
  <Progress source="bmc" trueFor="1">
    <PropertyProgress name="OK"/>
  </Progress>
  <Progress source="bmc" trueFor="2">
    <PropertyProgress name="OK"/>
  </Progress>
  <Progress source="bmc" trueFor="3">
    <PropertyProgress name="OK"/>
  </Progress>
  <Progress source="bmc" trueFor="4">
    <PropertyProgress name="OK"/>
  </Progress>
  <Progress source="bmc" trueFor="5">
    <PropertyProgress name="OK"/>
  </Progress>
  <Progress source="bmc" trueFor="6">
    <PropertyProgress name="OK"/>
  </Progress>
  <Progress source="bmc" trueFor="7">
    <PropertyProgress name="OK"/>
  </Progress>
  <Progress source="bmc" trueFor="8">
    <PropertyProgress name="OK"/>
  </Progress>
  <Progress source="bmc" trueFor="9">
    <PropertyProgress name="OK"/>
  </Progress>
  <Progress source="bmc" trueFor="10">
    <PropertyProgress name="OK"/>
  </Progress>
  <Progress source="bmc" trueFor="11">
    <PropertyProgress name="OK"/>
  </Progress>
  <Progress source="bmc" trueFor="12">
    <PropertyProgress name="OK"/>
  </Progress>
  <Property name="OK">
    <Runtime unit="sec">947.28</Runtime>
    <Answer source="pdr">valid</Answer>
    <K>1</K>
    <NumberOfIVCs>1</NumberOfIVCs>
    <MustElem>V145_g06</MustElem>
    <MustElem>V72_dirty</MustElem>
    <MustElem>V140_g01</MustElem>
    <MustElem>V148_g09</MustElem>
    <MustElem>V149_g10</MustElem>
    <MustElem>V151_g12</MustElem>
    <MustElem>V150_g11</MustElem>
    <MustElem>V75_env</MustElem>
    <MustElem>V71_shared_dirty</MustElem>
    <MustElem>V147_g08</MustElem>
    <MustElem>V69_exclusive</MustElem>
    <MustElem>V143_g04</MustElem>
    <MustElem>V185_First</MustElem>
    <MustElem>V141_g02</MustElem>
    <MustElem>V144_g05</MustElem>
    <MustElem>V146_g07</MustElem>
    <MustElem>V73_invalid</MustElem>
    <MustElem>V70_shared</MustElem>
    <MustElem>V142_g03</MustElem>
    <MustElem>OK</MustElem>
    <MustElem>V173_X</MustElem>
    <MustElem>V152_mem_init</MustElem>
    <IvcSet number="1">
    <Invariant>(((V70_shared = 0) or (not V75_env)) or (V69_exclusive = 0))</Invariant>
    <Invariant>(((V72_dirty &lt;= 0) or (not V75_env)) or (not (V72_dirty = V70_shared)))</Invariant>
    <Invariant>(((0 = V71_shared_dirty) or (not V75_env)) or (not (0 &lt;= (V69_exclusive + (-1)))))</Invariant>
    <Invariant>((not V75_env) or (V72_dirty &lt;= 1))</Invariant>
    <Invariant>((((not V75_env) or (not ((2 * V185_First) &lt;= (V185_First + 1)))) or (not (V185_First &lt;= ((V73_invalid + (-1)) + 1)))) or ((V185_First + (-V73_invalid)) = 0))</Invariant>
    <Invariant>(((not V75_env) or ((V70_shared + V73_invalid) &lt;= V185_First)) or (not (((-0) + (V71_shared_dirty + V72_dirty)) &lt;&gt; 0)))</Invariant>
    <Invariant>((((V72_dirty &lt;= 0) or (not V75_env)) or (not ((2 * V185_First) &lt;= (V185_First + 1)))) or (not (V185_First &lt;= ((V73_invalid + (-1)) + 1))))</Invariant>
    <Invariant>(((V71_shared_dirty &lt;= 0) or (not V75_env)) or (V71_shared_dirty = 1))</Invariant>
    <Invariant>(0 &lt;= V69_exclusive)</Invariant>
    <Invariant>((0 &lt;= (V185_First + (-1))) or (not V75_env))</Invariant>
    <Invariant>((((V70_shared + V73_invalid) &lt;= V185_First) or (not V75_env)) or (not (V71_shared_dirty = 1)))</Invariant>
    <Invariant>(((not V75_env) or (not ((2 * V185_First) &lt;= (V185_First + 1)))) or (not (V71_shared_dirty = 1)))</Invariant>
    <Invariant>(((V70_shared &lt;= 1) or (V72_dirty &lt;= 0)) or (not V75_env))</Invariant>
    <Invariant>((((not V75_env) or (not ((2 * V185_First) &lt;= (V185_First + 1)))) or (not (V185_First &lt;= ((V73_invalid + (-1)) + 1)))) or (V70_shared &lt;= 0))</Invariant>
    <Invariant>OK</Invariant>
    <Invariant>((((not V75_env) or (not (V69_exclusive &lt;&gt; 0))) or (not ((2 * V185_First) &lt;= (V185_First + 1)))) or (not (V185_First &lt;= V73_invalid)))</Invariant>
    <Invariant>((not V75_env) or ((V69_exclusive + 1) &lt;= 2))</Invariant>
    <Invariant>((V72_dirty = 0) or (0 &lt;= (V72_dirty + (-1))))</Invariant>
    <Invariant>(((0 = V71_shared_dirty) or (not V75_env)) or (not (0 &lt;= (V72_dirty + (-1)))))</Invariant>
    <Invariant>(((((V185_First + (-V73_invalid)) = 0) or (not V75_env)) or (not (V69_exclusive &lt;&gt; 0))) or (not (V185_First &lt;= V73_invalid)))</Invariant>
    <Invariant>((((V73_invalid &lt;= 0) or (not V75_env)) or (V70_shared &lt;= (V185_First + (-1)))) or (not (V71_shared_dirty = 1)))</Invariant>
    <Invariant>((not V75_env) or ((V70_shared + V73_invalid) &lt;= (V185_First + 1)))</Invariant>
    <Invariant>(((V72_dirty &lt;= 0) or (not V75_env)) or (not (0 &lt;= (V69_exclusive + (-1)))))</Invariant>
    <Ivc>V72_dirty</Ivc>
    <Ivc>V145_g06</Ivc>
    <Ivc>V140_g01</Ivc>
    <Ivc>V148_g09</Ivc>
    <Ivc>V149_g10</Ivc>
    <Ivc>V150_g11</Ivc>
    <Ivc>V151_g12</Ivc>
    <Ivc>V71_shared_dirty</Ivc>
    <Ivc>V75_env</Ivc>
    <Ivc>V147_g08</Ivc>
    <Ivc>V69_exclusive</Ivc>
    <Ivc>V143_g04</Ivc>
    <Ivc>V185_First</Ivc>
    <Ivc>V141_g02</Ivc>
    <Ivc>V144_g05</Ivc>
    <Ivc>V146_g07</Ivc>
    <Ivc>V73_invalid</Ivc>
    <Ivc>V70_shared</Ivc>
    <Ivc>V142_g03</Ivc>
    <Ivc>OK</Ivc>
    <Ivc>V152_mem_init</Ivc>
    <Ivc>V173_X</Ivc>
    </IvcSet>
  </Property>
</Results>
