<?xml version="1.0"?>
<Results xmlns:xsi="http://www.w3.org/2001/XMLSchema-instance">
  <Progress source="bmc" trueFor="1">
    <PropertyProgress name="OK"/>
  </Progress>
  <Progress source="bmc" trueFor="2">
    <PropertyProgress name="OK"/>
  </Progress>
  <Progress source="bmc" trueFor="3">
    <PropertyProgress name="OK"/>
  </Progress>
  <Progress source="bmc" trueFor="4">
    <PropertyProgress name="OK"/>
  </Progress>
  <Progress source="bmc" trueFor="5">
    <PropertyProgress name="OK"/>
  </Progress>
  <Progress source="bmc" trueFor="6">
    <PropertyProgress name="OK"/>
  </Progress>
  <Progress source="bmc" trueFor="7">
    <PropertyProgress name="OK"/>
  </Progress>
  <Progress source="bmc" trueFor="8">
    <PropertyProgress name="OK"/>
  </Progress>
  <Progress source="bmc" trueFor="9">
    <PropertyProgress name="OK"/>
  </Progress>
  <Progress source="bmc" trueFor="10">
    <PropertyProgress name="OK"/>
  </Progress>
  <Progress source="bmc" trueFor="11">
    <PropertyProgress name="OK"/>
  </Progress>
  <Progress source="bmc" trueFor="12">
    <PropertyProgress name="OK"/>
  </Progress>
  <Progress source="bmc" trueFor="13">
    <PropertyProgress name="OK"/>
  </Progress>
  <Progress source="bmc" trueFor="14">
    <PropertyProgress name="OK"/>
  </Progress>
  <Progress source="bmc" trueFor="15">
    <PropertyProgress name="OK"/>
  </Progress>
  <Progress source="bmc" trueFor="16">
    <PropertyProgress name="OK"/>
  </Progress>
  <Progress source="bmc" trueFor="17">
    <PropertyProgress name="OK"/>
  </Progress>
  <Progress source="bmc" trueFor="18">
    <PropertyProgress name="OK"/>
  </Progress>
  <Progress source="bmc" trueFor="19">
    <PropertyProgress name="OK"/>
  </Progress>
  <Progress source="bmc" trueFor="20">
    <PropertyProgress name="OK"/>
  </Progress>
  <Property name="OK">
    <Runtime unit="sec">262.725</Runtime>
    <Answer source="pdr">valid</Answer>
    <K>1</K>
    <NumberOfIVCs>2</NumberOfIVCs>
    <MustElem>V72_dirty</MustElem>
    <MustElem>V140_g01</MustElem>
    <MustElem>V75_env</MustElem>
    <MustElem>V71_shared_dirty</MustElem>
    <MustElem>V69_exclusive</MustElem>
    <MustElem>V143_g04</MustElem>
    <MustElem>V185_First</MustElem>
    <MustElem>V144_g05</MustElem>
    <MustElem>V146_g07</MustElem>
    <MustElem>V70_shared</MustElem>
    <MustElem>V142_g03</MustElem>
    <MustElem>OK</MustElem>
    <MustElem>V173_X</MustElem>
    <IvcSet number="1">
    <Invariant>((V72_dirty &lt;= V185_First) or (not V75_env))</Invariant>
    <Invariant>((0 &lt;= (V185_First + (-1))) or (not V75_env))</Invariant>
    <Invariant>(((V72_dirty &lt;= 0) or (not (((-V71_shared_dirty) + 1) &lt;= 0))) or (not V75_env))</Invariant>
    <Invariant>OK</Invariant>
    <Invariant>(((V72_dirty &lt;= 0) or (V69_exclusive &lt;= 0)) or (not V75_env))</Invariant>
    <Invariant>(((V72_dirty &lt;= 0) or (not V75_env)) or (not (0 &lt;= (V70_shared + (-1)))))</Invariant>
    <Invariant>(((((not (((-V71_shared_dirty) + 1) &lt;= 0)) or (not (0 &lt;= V69_exclusive))) or (not V75_env)) or ((V72_dirty + (-V69_exclusive)) = 0)) or (not (0 &lt;= V72_dirty)))</Invariant>
    <Invariant>((V69_exclusive &lt;= 1) or (not V75_env))</Invariant>
    <Invariant>((((((((-V71_shared_dirty) + 1) &lt;= 0) or (not (0 &lt;= V69_exclusive))) or (not V75_env)) or ((V72_dirty + (-V69_exclusive)) = 0)) or (not (0 &lt;= (V70_shared + (-1))))) or (not (0 &lt;= V72_dirty)))</Invariant>
    <Ivc>V145_g06</Ivc>
    <Ivc>V72_dirty</Ivc>
    <Ivc>V140_g01</Ivc>
    <Ivc>V75_env</Ivc>
    <Ivc>V71_shared_dirty</Ivc>
    <Ivc>V69_exclusive</Ivc>
    <Ivc>V143_g04</Ivc>
    <Ivc>V185_First</Ivc>
    <Ivc>V144_g05</Ivc>
    <Ivc>V146_g07</Ivc>
    <Ivc>V70_shared</Ivc>
    <Ivc>V142_g03</Ivc>
    <Ivc>OK</Ivc>
    <Ivc>V173_X</Ivc>
    </IvcSet>
    <IvcSet number="2">
    <Invariant>(((not V75_env) or (V72_dirty &lt;= 0)) or (V69_exclusive &lt;= 0))</Invariant>
    <Invariant>(((not V75_env) or (not (0 &lt;= (V70_shared + (-1))))) or (not (0 &lt;= (V69_exclusive + (-1)))))</Invariant>
    <Invariant>OK</Invariant>
    <Invariant>(V69_exclusive &lt;= 1)</Invariant>
    <Invariant>(((not V75_env) or (not ((V185_First + (-1)) &lt;= 0))) or (not (0 &lt;= (V70_shared + (-1)))))</Invariant>
    <Invariant>((not V75_env) or ((V72_dirty + (-1)) &lt;= 0))</Invariant>
    <Invariant>((((not V75_env) or (not ((V185_First + (-1)) &lt;= 0))) or (not ((V185_First + (-V73_invalid)) = 0))) or ((((V71_shared_dirty + V70_shared) + V72_dirty) + V69_exclusive) &lt;= 0))</Invariant>
    <Invariant>((((not V75_env) or (not ((V185_First + (-1)) &lt;= 0))) or ((V69_exclusive + (V71_shared_dirty + ((-0) + (V70_shared + V72_dirty)))) != 0)) or (V73_invalid &lt;= V185_First))</Invariant>
    <Invariant>(((not V75_env) or ((V71_shared_dirty + V70_shared) &lt;= 0)) or (V69_exclusive &lt;= 0))</Invariant>
    <Invariant>(((not V75_env) or (V71_shared_dirty &lt;= 1)) or (V69_exclusive &lt;= 0))</Invariant>
    <Invariant>((((not (((-V72_dirty) + 1) &lt;= 0)) or (V71_shared_dirty &lt;= 0)) or (not (V70_shared = 0))) or (not V75_env))</Invariant>
    <Invariant>((((not V75_env) or (not ((V185_First + (-1)) &lt;= 0))) or (V73_invalid &lt;= V185_First)) or ((((V71_shared_dirty + V70_shared) + V72_dirty) + V69_exclusive) &lt;= 0))</Invariant>
    <Invariant>(((V72_dirty &lt;= 0) or (not V75_env)) or (not (0 &lt;= (V70_shared + (-1)))))</Invariant>
    <Invariant>((0 &lt;= (V185_First + (-1))) or (not V75_env))</Invariant>
    <Invariant>(((not V75_env) or (V72_dirty &lt;= 0)) or (V71_shared_dirty &lt;= 1))</Invariant>
    <Ivc>V72_dirty</Ivc>
    <Ivc>V140_g01</Ivc>
    <Ivc>V147_g08</Ivc>
    <Ivc>V75_env</Ivc>
    <Ivc>V71_shared_dirty</Ivc>
    <Ivc>V69_exclusive</Ivc>
    <Ivc>V143_g04</Ivc>
    <Ivc>V185_First</Ivc>
    <Ivc>V141_g02</Ivc>
    <Ivc>V144_g05</Ivc>
    <Ivc>V146_g07</Ivc>
    <Ivc>V73_invalid</Ivc>
    <Ivc>V70_shared</Ivc>
    <Ivc>V142_g03</Ivc>
    <Ivc>OK</Ivc>
    <Ivc>V152_mem_init</Ivc>
    <Ivc>V173_X</Ivc>
    </IvcSet>
  </Property>
</Results>
