<?xml version="1.0"?>
<Results xmlns:xsi="http://www.w3.org/2001/XMLSchema-instance">
   <Runtime unit="sec">0.062</Runtime>
   <Timeout unit="sec">20.229999999999997</Timeout>
   <IVC>OK</IVC>
   <IVC>V69_exclusive</IVC>
   <IVC>V70_shared</IVC>
   <IVC>V71_shared_dirty</IVC>
   <IVC>V72_dirty</IVC>
   <IVC>V75_env</IVC>
   <IVC>V140_g01</IVC>
   <IVC>V142_g03</IVC>
   <IVC>V143_g04</IVC>
   <IVC>V144_g05</IVC>
   <IVC>V145_g06</IVC>
   <IVC>V146_g07</IVC>
   <IVC>V150_g11</IVC>
   <IVC>V173_X</IVC>
   <IVC>V185_First</IVC>
</Results>
