<?xml version="1.0"?>
<Results xmlns:xsi="http://www.w3.org/2001/XMLSchema-instance">
  <MinimalIvc property="[OK]">
    <Runtime unit="sec">2.0</Runtime>
    <IVC>OK</IVC>
    <IVC>V51_invalid</IVC>
    <IVC>V52_dirty</IVC>
    <IVC>V53_exclusive</IVC>
    <IVC>V54_shared</IVC>
    <IVC>V55_env</IVC>
    <IVC>V56_procs</IVC>
    <IVC>V113_garde1</IVC>
    <IVC>V114_garde2</IVC>
    <IVC>V115_garde3</IVC>
    <IVC>V117_garde5</IVC>
    <IVC>V118_garde6</IVC>
    <IVC>V119_garde7</IVC>
    <IVC>V120_garde8</IVC>
    <IVC>V121_mem_invalid</IVC>
    <IVC>V139_X</IVC>
    <IVC>V160_First</IVC>
  </MinimalIvc>
</Results>
