<?xml version="1.0"?>
<Results xmlns:xsi="http://www.w3.org/2001/XMLSchema-instance">
  <MinimalIvc property="[OK]">
    <Runtime unit="sec">4.696</Runtime>
    <IVC>OK</IVC>
    <IVC>V49_dirty</IVC>
    <IVC>V50_exclusive</IVC>
    <IVC>V51_shared</IVC>
    <IVC>V52_env</IVC>
    <IVC>V103_garde1</IVC>
    <IVC>V105_garde3</IVC>
    <IVC>V106_garde4</IVC>
    <IVC>V107_garde5</IVC>
    <IVC>V108_garde6</IVC>
    <IVC>V110_garde8</IVC>
    <IVC>V129_X</IVC>
  </MinimalIvc>
</Results>
