<?xml version="1.0"?>
<Results xmlns:xsi="http://www.w3.org/2001/XMLSchema-instance">
  <MinimalIvc property="[__GUARANTEE12]">
    <Runtime unit="sec">4.278</Runtime>
    <IVC>_TOP__ALARM.ALARM_OUT.Highest_Level_Alarm</IVC>
    <IVC>_TOP__ALARM.SENSOR_IN.Battery_Depleted</IVC>
    <IVC>_TOP__ALARM.SENSOR_IN.CPU_Error</IVC>
    <IVC>_TOP__ALARM.SENSOR_IN.Memory_Corrupted</IVC>
    <IVC>_TOP__ALARM.SENSOR_IN.Pump_Too_Hot</IVC>
    <IVC>_TOP__ALARM.SENSOR_IN.RTC_Error</IVC>
    <IVC>_TOP__ALARM.SENSOR_IN.Watchdog_Interrupted</IVC>
    <IVC>_TOP__ALARM.TLM_MODE_IN.System_On</IVC>
    <IVC>_TOP__ALARM.__ALARM__ASSERT__1</IVC>
    <IVC>_TOP__ALARM.__ALARM__ASSERT__15</IVC>
    <IVC>_TOP__ALARM.__ALARM__PROP__1</IVC>
    <IVC>_TOP__ALARM.__ASSERT</IVC>
    <IVC>_TOP__ALARM.__ASSUME__CONJ</IVC>
    <IVC>_TOP__ALARM.__ASSUME__HIST</IVC>
    <IVC>_TOP__ASSERT__22</IVC>
    <IVC>_TOP__IM.ALARM_IN.Highest_Level_Alarm</IVC>
    <IVC>_TOP__IM.IM_OUT.Commanded_Flow_Rate</IVC>
    <IVC>_TOP__IM.TLM_MODE_IN.System_On</IVC>
    <IVC>_TOP__IM.__ASSERT</IVC>
    <IVC>_TOP__IM.__ASSUME__CONJ</IVC>
    <IVC>_TOP__IM.__ASSUME__HIST</IVC>
    <IVC>_TOP__IM.__IM__ASSERT__5</IVC>
    <IVC>_TOP__IM.__IM__ASSERT__6</IVC>
    <IVC>_TOP__IM.__IM__ASSERT__7</IVC>
    <IVC>_TOP__IM.__IM__PROP__3</IVC>
    <IVC>_TOP__IM.__IM__PROP__4</IVC>
    <IVC>_TOP__IM.__IM__PROP__5</IVC>
    <IVC>_TOP__OUTPUT.GPCA_SW_OUT.Commanded_Flow_Rate</IVC>
    <IVC>_TOP__OUTPUT.IM_IN.Commanded_Flow_Rate</IVC>
    <IVC>_TOP__OUTPUT.__ASSERT</IVC>
    <IVC>_TOP__OUTPUT.__ASSUME__CONJ</IVC>
    <IVC>_TOP__OUTPUT.__ASSUME__HIST</IVC>
    <IVC>_TOP__OUTPUT.__OUTPUT__PROP__29</IVC>
    <IVC>__GUARANTEE12</IVC>
  </MinimalIvc>
</Results>
