<?xml version="1.0"?>
<Results xmlns:xsi="http://www.w3.org/2001/XMLSchema-instance">
  <Property name="OK">
    <Runtime unit="sec">4.865</Runtime>
    <SupportRuntime unit="sec">0.31</SupportRuntime>
    <Answer source="pdr">valid</Answer>
    <K>1</K>
    <Invariant>((((not (V29_time = 0)) or (V28_speed = 0)) or (not (V28_speed &lt;= 1))) or (V27_dist &lt;= 1))</Invariant>
    <Invariant>((((0 &lt;= (V29_time + (-2))) or (not V30_move)) or (not (V28_speed = 0))) or (V27_dist &lt;= 2))</Invariant>
    <Invariant>(((V28_speed = 0) or (not (V28_speed &lt;= 1))) or (V27_dist &lt;= 7))</Invariant>
    <Invariant>((V24_toofast or (V27_dist &lt;= 8)) or (V28_speed &lt;= 1))</Invariant>
    <Invariant>((V29_time = 0) or (0 &lt;= (V29_time + (-1))))</Invariant>
    <Invariant>OK</Invariant>
    <Invariant>((((0 &lt;= (V29_time + (-2))) or (V27_dist &lt;= 3)) or (not V30_move)) or (not (V28_speed &lt;= 1)))</Invariant>
    <Invariant>(not ((V27_dist + (-10)) = 0))</Invariant>
    <Invariant>(((V24_toofast or (V27_dist &lt;= 6)) or (0 &lt;= (V29_time + (-3)))) or (not V30_move))</Invariant>
    <Invariant>((((V27_dist &lt;= 6) or (0 &lt;= ((V29_time + (-1)) + (-3)))) or (not V30_move)) or (not (V28_speed = 0)))</Invariant>
    <Invariant>(((V24_toofast or (0 &lt;= (V29_time + (-2)))) or (V27_dist &lt;= 4)) or (not V30_move))</Invariant>
    <Invariant>((((not (V29_time = 0)) or V24_toofast) or (V28_speed &lt;= 1)) or (V27_dist &lt;= 2))</Invariant>
    <Invariant>(0 &lt;= V28_speed)</Invariant>
    <Invariant>((((0 &lt;= (V29_time + (-3))) or (not (0 &lt;= (V27_dist + (-6))))) or (not V30_move)) or (not (V28_speed &lt;= 1)))</Invariant>
    <Invariant>((((0 &lt;= (V29_time + (-3))) or (V27_dist &lt;= 4)) or (not (V28_speed = 0))) or (not V30_move))</Invariant>
    <Invariant>((((V27_dist &lt;= 0) or (not (V29_time = 0))) or (not V30_move)) or (not (V28_speed = 0)))</Invariant>
    <Support>V26_bump</Support>
    <Support>V24_toofast</Support>
    <Support>V32_meter</Support>
    <Support>V30_move</Support>
    <Support>V25_stop</Support>
    <Support>V27_dist</Support>
    <Support>OK</Support>
    <Support>V31_second</Support>
    <Support>V28_speed</Support>
    <Support>V29_time</Support>
  </Property>
</Results>
