<?xml version="1.0"?>
<Results xmlns:xsi="http://www.w3.org/2001/XMLSchema-instance">
  <Run id="1">
    <Runtime unit="sec">0.206</Runtime>
    <Status>INVALID</Status>
  </Run>
  <Run id="2">
    <Runtime unit="sec">0.113</Runtime>
    <Status>INVALID</Status>
  </Run>
  <Run id="3">
    <Runtime unit="sec">0.016</Runtime>
    <Status>INVALID</Status>
  </Run>
  <Run id="4">
    <Runtime unit="sec">0.1</Runtime>
    <Status>INVALID</Status>
  </Run>
  <Run id="5">
    <Runtime unit="sec">0.012</Runtime>
    <Status>INVALID</Status>
  </Run>
  <Run id="6">
    <Runtime unit="sec">0.013</Runtime>
    <Status>INVALID</Status>
  </Run>
  <Run id="7">
    <Runtime unit="sec">0.131</Runtime>
    <Status>INVALID</Status>
  </Run>
  <Run id="8">
    <Runtime unit="sec">0.102</Runtime>
    <Status>INVALID</Status>
  </Run>
  <Run id="9">
    <Runtime unit="sec">0.111</Runtime>
    <Status>INVALID</Status>
  </Run>
  <Run id="10">
    <Runtime unit="sec">0.117</Runtime>
    <Status>INVALID</Status>
  </Run>
  <Run id="11">
    <Runtime unit="sec">0.011</Runtime>
    <Status>INVALID</Status>
  </Run>
  <Run id="12">
    <Runtime unit="sec">0.016</Runtime>
    <Status>INVALID</Status>
  </Run>
  <Run id="13">
    <Runtime unit="sec">0.101</Runtime>
    <Status>INVALID</Status>
  </Run>
  <Run id="14">
    <Runtime unit="sec">0.003</Runtime>
    <Status>INVALID</Status>
  </Run>
  <Run id="15">
    <Runtime unit="sec">0.005</Runtime>
    <Status>INVALID</Status>
  </Run>
  <Run id="16">
    <Runtime unit="sec">0.1</Runtime>
    <Status>INVALID</Status>
  </Run>
  <Run id="17">
    <Runtime unit="sec">0.007</Runtime>
    <Status>INVALID</Status>
  </Run>
  <Run id="18">
    <Runtime unit="sec">0.1</Runtime>
    <Status>INVALID</Status>
  </Run>
  <Run id="19">
    <Runtime unit="sec">0.001</Runtime>
    <Status>INVALID</Status>
  </Run>
  <Run id="20">
    <Runtime unit="sec">0.116</Runtime>
    <Status>INVALID</Status>
  </Run>
  <Run id="21">
    <Runtime unit="sec">0.006</Runtime>
    <Status>INVALID</Status>
  </Run>
  <Run id="22">
    <Runtime unit="sec">0.014</Runtime>
    <Status>INVALID</Status>
  </Run>
  <Run id="23">
    <Runtime unit="sec">0.006</Runtime>
    <Status>INVALID</Status>
  </Run>
  <Run id="24">
    <Runtime unit="sec">0.007</Runtime>
    <Status>INVALID</Status>
  </Run>
  <Run id="25">
    <Runtime unit="sec">0.101</Runtime>
    <Status>INVALID</Status>
  </Run>
  <Run id="26">
    <Runtime unit="sec">0.01</Runtime>
    <Status>INVALID</Status>
  </Run>
  <Run id="27">
    <Runtime unit="sec">0.004</Runtime>
    <Status>INVALID</Status>
  </Run>
  <Run id="28">
    <Runtime unit="sec">0.1</Runtime>
    <Status>INVALID</Status>
  </Run>
  <Run id="29">
    <Runtime unit="sec">0.006</Runtime>
    <Status>INVALID</Status>
  </Run>
  <Run id="30">
    <Runtime unit="sec">0.102</Runtime>
    <Status>INVALID</Status>
  </Run>
  <Run id="31">
    <Runtime unit="sec">0.108</Runtime>
    <Status>INVALID</Status>
  </Run>
  <Run id="32">
    <Runtime unit="sec">0.01</Runtime>
    <Status>INVALID</Status>
  </Run>
  <Run id="33">
    <Runtime unit="sec">0.005</Runtime>
    <Status>INVALID</Status>
  </Run>
  <Run id="34">
    <Runtime unit="sec">0.104</Runtime>
    <Status>INVALID</Status>
  </Run>
  <Run id="35">
    <Runtime unit="sec">0.017</Runtime>
    <Status>INVALID</Status>
  </Run>
  <Run id="36">
    <Runtime unit="sec">0.102</Runtime>
    <Status>INVALID</Status>
  </Run>
  <Run id="37">
    <Runtime unit="sec">0.102</Runtime>
    <Status>INVALID</Status>
  </Run>
  <Run id="38">
    <Runtime unit="sec">0.011</Runtime>
    <Status>INVALID</Status>
  </Run>
  <Run id="39">
    <Runtime unit="sec">0.104</Runtime>
    <Status>INVALID</Status>
  </Run>
  <Run id="40">
    <Runtime unit="sec">0.003</Runtime>
    <Status>INVALID</Status>
  </Run>
  <Run id="41">
    <Runtime unit="sec">0.1</Runtime>
    <Status>INVALID</Status>
  </Run>
</Results>
