<?xml version="1.0"?>
<Results xmlns:xsi="http://www.w3.org/2001/XMLSchema-instance">
  <Run id="1">
    <Runtime unit="sec">1.412</Runtime>
    <Status>VALID</Status>
  </Run>
  <Run id="2">
    <Runtime unit="sec">0.112</Runtime>
    <Status>INVALID</Status>
  </Run>
  <Run id="3">
    <Runtime unit="sec">0.005</Runtime>
    <Status>INVALID</Status>
  </Run>
  <Run id="4">
    <Runtime unit="sec">0.107</Runtime>
    <Status>INVALID</Status>
  </Run>
  <Run id="5">
    <Runtime unit="sec">0.102</Runtime>
    <Status>INVALID</Status>
  </Run>
  <Run id="6">
    <Runtime unit="sec">0.125</Runtime>
    <Status>INVALID</Status>
  </Run>
  <Run id="7">
    <Runtime unit="sec">0.635</Runtime>
    <Status>VALID</Status>
  </Run>
  <Run id="8">
    <Runtime unit="sec">0.013</Runtime>
    <Status>INVALID</Status>
  </Run>
  <Run id="9">
    <Runtime unit="sec">0.411</Runtime>
    <Status>INVALID</Status>
  </Run>
  <Run id="10">
    <Runtime unit="sec">0.007</Runtime>
    <Status>INVALID</Status>
  </Run>
  <Run id="11">
    <Runtime unit="sec">0.108</Runtime>
    <Status>INVALID</Status>
  </Run>
  <Run id="12">
    <Runtime unit="sec">0.101</Runtime>
    <Status>INVALID</Status>
  </Run>
  <Run id="13">
    <Runtime unit="sec">0.114</Runtime>
    <Status>INVALID</Status>
  </Run>
  <Run id="14">
    <Runtime unit="sec">0.001</Runtime>
    <Status>INVALID</Status>
  </Run>
</Results>
